value,duration,params_auto_class_weights,params_depth,params_iterations,params_l2_leaf_reg,params_learning_rate,params_random_strength,user_attrs_ACC,user_attrs_WF1,notUsed_precision,notUsed_recall,notUsed_f1-score,notUsed_support,Used_precision,Used_recall,Used_f1-score,Used_support,accuracy,zeroPreds,model,option
0.9792449100612769,186,,9,800,7.895574623275119,0.01642423521696527,2.892238854217232,0.9792449100612769,0.6067415730337079,0.980877616747182,0.9979520786401802,0.9893411836361791,4883.0,0.8901098901098901,0.4602272727272727,0.6067415730337079,176.0,0.9792449100612769,0.0,CB,worst
0.979047242538051,341,,10,800,9.986647835500001,0.016669323641297976,3.480647852813743,0.979047242538051,0.6044776119402985,0.9808737668612845,0.9977472865041982,0.989238578680203,4883.0,0.8804347826086957,0.4602272727272727,0.6044776119402985,176.0,0.979047242538051,0.0,CB,worst
0.979047242538051,91,,8,700,0.5838457029112982,0.017071659565582317,3.168723797923168,0.979047242538051,0.6015037593984962,0.9806802173475548,0.9979520786401802,0.9892407632967926,4883.0,0.8888888888888888,0.45454545454545453,0.6015037593984962,176.0,0.979047242538051,0.0,CB,worst
0.979047242538051,119,,9,500,0.7553197077957362,0.021325530305763948,1.6310008829484057,0.979047242538051,0.6015037593984962,0.9806802173475548,0.9979520786401802,0.9892407632967926,4883.0,0.8888888888888888,0.45454545454545453,0.6015037593984962,176.0,0.979047242538051,0.0,CB,worst
0.9788495750148251,245,,10,600,0.3739449233251537,0.014490341115303378,2.6817548937105316,0.9788495750148251,0.5962264150943396,0.9804828973843058,0.9979520786401802,0.9891403633411143,4883.0,0.8876404494382022,0.44886363636363635,0.5962264150943396,176.0,0.9788495750148251,0.0,CB,worst
0.9788495750148251,91,,8,700,0.5897166665296877,0.01712510555328139,3.177912939866239,0.9788495750148251,0.5962264150943396,0.9804828973843058,0.9979520786401802,0.9891403633411143,4883.0,0.8876404494382022,0.44886363636363635,0.5962264150943396,176.0,0.9788495750148251,0.0,CB,worst
0.9788495750148251,178,,9,800,0.2713280939337453,0.014867119467345171,3.4600572183362446,0.9788495750148251,0.5962264150943396,0.9804828973843058,0.9979520786401802,0.9891403633411143,4883.0,0.8876404494382022,0.44886363636363635,0.5962264150943396,176.0,0.9788495750148251,0.0,CB,worst
0.9788495750148251,193,,9,800,8.636663058650372,0.018785921144740533,2.9276112968880574,0.9788495750148251,0.6022304832713755,0.9808699154248892,0.9975424943682163,0.9891359528886181,4883.0,0.8709677419354839,0.4602272727272727,0.6022304832713755,176.0,0.9788495750148251,0.0,CB,worst
0.9788495750148251,61,,8,500,0.1870214780375192,0.045688926077030116,2.0439877023717767,0.9788495750148251,0.599250936329588,0.9806763285024155,0.9977472865041982,0.9891381585625825,4883.0,0.8791208791208791,0.45454545454545453,0.599250936329588,176.0,0.9788495750148251,0.0,CB,worst
0.9788495750148251,170,,9,800,0.2156301705277943,0.014902762487594638,2.8048840177694627,0.9788495750148251,0.5962264150943396,0.9804828973843058,0.9979520786401802,0.9891403633411143,4883.0,0.8876404494382022,0.44886363636363635,0.5962264150943396,176.0,0.9788495750148251,0.0,CB,worst
0.9788495750148251,333,,10,800,8.753509573020827,0.016349460179509487,3.541777077015907,0.9788495750148251,0.5962264150943396,0.9804828973843058,0.9979520786401802,0.9891403633411143,4883.0,0.8876404494382022,0.44886363636363635,0.5962264150943396,176.0,0.9788495750148251,0.0,CB,worst
0.9788495750148251,182,,9,800,0.20742232457345117,0.014762505448993818,3.8360988771538045,0.9788495750148251,0.5962264150943396,0.9804828973843058,0.9979520786401802,0.9891403633411143,4883.0,0.8876404494382022,0.44886363636363635,0.5962264150943396,176.0,0.9788495750148251,0.0,CB,worst
0.9788495750148251,106,,8,800,0.2685186565025043,0.015334283757284824,3.07447582699478,0.9788495750148251,0.5962264150943396,0.9804828973843058,0.9979520786401802,0.9891403633411143,4883.0,0.8876404494382022,0.44886363636363635,0.5962264150943396,176.0,0.9788495750148251,0.0,CB,worst
0.9788495750148251,173,,9,800,0.2955229295177026,0.014580382142312486,3.454376598620629,0.9788495750148251,0.5962264150943396,0.9804828973843058,0.9979520786401802,0.9891403633411143,4883.0,0.8876404494382022,0.44886363636363635,0.5962264150943396,176.0,0.9788495750148251,0.0,CB,worst
0.9786519074915991,88,,8,700,3.362906781462351,0.013770472329107572,1.8637338578649234,0.9786519074915991,0.5909090909090909,0.9802856568094951,0.9979520786401802,0.9890399837629389,4883.0,0.8863636363636364,0.4431818181818182,0.5909090909090909,176.0,0.9786519074915991,0.0,CB,worst
0.9786519074915991,126,,9,500,0.7062824158395231,0.019277833441698693,1.6174955696703472,0.9786519074915991,0.5939849624060151,0.9804789696115919,0.9977472865041982,0.9890377588306942,4883.0,0.8777777777777778,0.44886363636363635,0.5939849624060151,176.0,0.9786519074915991,0.0,CB,worst
0.9786519074915991,143,,9,600,0.7423541642530257,0.020067910489568536,1.6922189569154507,0.9786519074915991,0.5939849624060151,0.9804789696115919,0.9977472865041982,0.9890377588306942,4883.0,0.8777777777777778,0.44886363636363635,0.5939849624060151,176.0,0.9786519074915991,0.0,CB,worst
0.9786519074915991,192,,9,800,7.2787670125818495,0.022926185404964855,2.9844052859634846,0.9786519074915991,0.5970149253731343,0.9806724380914033,0.9975424943682163,0.9890355329949239,4883.0,0.8695652173913043,0.45454545454545453,0.5970149253731343,176.0,0.9786519074915991,0.0,CB,worst
0.9786519074915991,349,,10,800,8.19956617106153,0.01732490600920041,4.051254244515308,0.9786519074915991,0.5939849624060151,0.9804789696115919,0.9977472865041982,0.9890377588306942,4883.0,0.8777777777777778,0.44886363636363635,0.5939849624060151,176.0,0.9786519074915991,0.0,CB,worst
0.9786519074915991,350,,10,800,5.416515996744834,0.015859648893426254,3.2293563440023454,0.9786519074915991,0.5939849624060151,0.9804789696115919,0.9977472865041982,0.9890377588306942,4883.0,0.8777777777777778,0.44886363636363635,0.5939849624060151,176.0,0.9786519074915991,0.0,CB,worst
0.9786519074915991,91,,8,700,0.5072356383802815,0.012590639510560695,2.1888090094136503,0.9786519074915991,0.5877862595419847,0.9800924994972854,0.9981568707761622,0.9890422077922078,4883.0,0.8953488372093024,0.4375,0.5877862595419847,176.0,0.9786519074915991,0.0,CB,worst
0.9786519074915991,196,,9,800,8.527118041109048,0.01846541365004356,2.892580030492747,0.9786519074915991,0.5970149253731343,0.9806724380914033,0.9975424943682163,0.9890355329949239,4883.0,0.8695652173913043,0.45454545454545453,0.5970149253731343,176.0,0.9786519074915991,0.0,CB,worst
0.9786519074915991,90,,8,700,0.5745824261375528,0.025331985441407242,3.147662185591347,0.9786519074915991,0.5909090909090909,0.9802856568094951,0.9979520786401802,0.9890399837629389,4883.0,0.8863636363636364,0.4431818181818182,0.5909090909090909,176.0,0.9786519074915991,0.0,CB,worst
0.9786519074915991,339,,10,800,2.3309268531232847,0.01482564526894294,2.5668558301691307,0.9786519074915991,0.5939849624060151,0.9804789696115919,0.9977472865041982,0.9890377588306942,4883.0,0.8777777777777778,0.44886363636363635,0.5939849624060151,176.0,0.9786519074915991,0.0,CB,worst
0.9786519074915991,88,,8,700,3.2608268137992966,0.014763095064626208,2.159265893316707,0.9786519074915991,0.5909090909090909,0.9802856568094951,0.9979520786401802,0.9890399837629389,4883.0,0.8863636363636364,0.4431818181818182,0.5909090909090909,176.0,0.9786519074915991,0.0,CB,worst
0.9786519074915991,298,,10,800,0.18851765379716495,0.016486129034028903,3.579137789612571,0.9786519074915991,0.5909090909090909,0.9802856568094951,0.9979520786401802,0.9890399837629389,4883.0,0.8863636363636364,0.4431818181818182,0.5909090909090909,176.0,0.9786519074915991,0.0,CB,worst
0.9786519074915991,89,,8,700,6.608206660603325,0.015957883309619756,2.1241643636143857,0.9786519074915991,0.5939849624060151,0.9804789696115919,0.9977472865041982,0.9890377588306942,4883.0,0.8777777777777778,0.44886363636363635,0.5939849624060151,176.0,0.9786519074915991,0.0,CB,worst
0.9786519074915991,201,,10,500,0.696411905195908,0.02389762862192656,2.9359463543551683,0.9786519074915991,0.5909090909090909,0.9802856568094951,0.9979520786401802,0.9890399837629389,4883.0,0.8863636363636364,0.4431818181818182,0.5909090909090909,176.0,0.9786519074915991,0.0,CB,worst
0.9786519074915991,181,,9,800,0.24819446718780416,0.01350018122195402,3.5138329433490596,0.9786519074915991,0.5939849624060151,0.9804789696115919,0.9977472865041982,0.9890377588306942,4883.0,0.8777777777777778,0.44886363636363635,0.5939849624060151,176.0,0.9786519074915991,0.0,CB,worst
0.9784542399683732,322,,10,800,0.4117588047971136,0.02517250122973089,3.4618410647197804,0.9784542399683732,0.5886792452830188,0.9802816901408451,0.9977472865041982,0.9889373794783315,4883.0,0.8764044943820225,0.4431818181818182,0.5886792452830188,176.0,0.9784542399683732,0.0,CB,worst
0.9784542399683732,88,,8,700,0.3760764182856963,0.01821846721504406,3.90475168859012,0.9784542399683732,0.5855513307984791,0.9800884955752213,0.9979520786401802,0.9889396245560629,4883.0,0.8850574712643678,0.4375,0.5855513307984791,176.0,0.9784542399683732,0.0,CB,worst
0.9784542399683732,132,,9,600,0.6096359906301682,0.022550407997917302,3.7600132034634304,0.9784542399683732,0.5886792452830188,0.9802816901408451,0.9977472865041982,0.9889373794783315,4883.0,0.8764044943820225,0.4431818181818182,0.5886792452830188,176.0,0.9784542399683732,0.0,CB,worst
0.9784542399683732,64,,8,500,0.6508089111157912,0.012353985963458195,3.0559907024930713,0.9784542399683732,0.5823754789272031,0.9798954563731403,0.9981568707761622,0.9889418687227352,4883.0,0.8941176470588236,0.4318181818181818,0.5823754789272031,176.0,0.9784542399683732,0.0,CB,worst
0.9784542399683732,142,,9,700,0.22618578468310058,0.019184874158122457,3.419477926909814,0.9784542399683732,0.5855513307984791,0.9800884955752213,0.9979520786401802,0.9889396245560629,4883.0,0.8850574712643678,0.4375,0.5855513307984791,176.0,0.9784542399683732,0.0,CB,worst
0.9784542399683732,179,,9,800,0.4196483757101377,0.020927072909069998,3.2922638507092725,0.9784542399683732,0.5886792452830188,0.9802816901408451,0.9977472865041982,0.9889373794783315,4883.0,0.8764044943820225,0.4431818181818182,0.5886792452830188,176.0,0.9784542399683732,0.0,CB,worst
0.9784542399683732,181,,9,800,0.2809671366011113,0.013109576622753014,3.442102130765573,0.9784542399683732,0.5886792452830188,0.9802816901408451,0.9977472865041982,0.9889373794783315,4883.0,0.8764044943820225,0.4431818181818182,0.5886792452830188,176.0,0.9784542399683732,0.0,CB,worst
0.9784542399683732,342,,10,800,8.209329700222312,0.021310153754590055,3.616862461957114,0.9784542399683732,0.5977859778597786,0.9808622078968574,0.9971329100962523,0.9889306387732304,4883.0,0.8526315789473684,0.4602272727272727,0.5977859778597786,176.0,0.9784542399683732,0.0,CB,worst
0.9784542399683732,187,,9,800,9.778409598446588,0.01137311827573459,2.4098953864430053,0.9784542399683732,0.5855513307984791,0.9800884955752213,0.9979520786401802,0.9889396245560629,4883.0,0.8850574712643678,0.4375,0.5855513307984791,176.0,0.9784542399683732,0.0,CB,worst
0.9784542399683732,87,,8,700,6.3479388657595415,0.014147299633986168,2.1929539066948815,0.9784542399683732,0.5855513307984791,0.9800884955752213,0.9979520786401802,0.9889396245560629,4883.0,0.8850574712643678,0.4375,0.5855513307984791,176.0,0.9784542399683732,0.0,CB,worst
0.9784542399683732,112,,9,500,9.114944521291108,0.020647464997873025,3.199879148541883,0.9784542399683732,0.5823754789272031,0.9798954563731403,0.9981568707761622,0.9889418687227352,4883.0,0.8941176470588236,0.4318181818181818,0.5823754789272031,176.0,0.9784542399683732,0.0,CB,worst
0.9784542399683732,53,,7,700,2.748989992607144,0.026505685465379257,1.4031552072415456,0.9784542399683732,0.5947955390334573,0.9806685461135722,0.9973377022322343,0.9889328865874708,4883.0,0.8602150537634409,0.45454545454545453,0.5947955390334573,176.0,0.9784542399683732,0.0,CB,worst
0.9784542399683732,38,,6,800,2.739047670301112,0.029644635099558843,2.779916815663529,0.9784542399683732,0.5917602996254682,0.980475040257649,0.9975424943682163,0.9889351334889859,4883.0,0.8681318681318682,0.44886363636363635,0.5917602996254682,176.0,0.9784542399683732,0.0,CB,worst
0.9784542399683732,75,,8,600,3.7185286402053754,0.015704888795745626,1.254349337693208,0.9784542399683732,0.5917602996254682,0.980475040257649,0.9975424943682163,0.9889351334889859,4883.0,0.8681318681318682,0.44886363636363635,0.5917602996254682,176.0,0.9784542399683732,0.0,CB,worst
0.9784542399683732,88,,8,700,6.036568200239181,0.011021376615514479,2.407668643863319,0.9784542399683732,0.5855513307984791,0.9800884955752213,0.9979520786401802,0.9889396245560629,4883.0,0.8850574712643678,0.4375,0.5855513307984791,176.0,0.9784542399683732,0.0,CB,worst
0.9784542399683732,102,,8,800,4.2973386497653845,0.016682236769885252,2.834906547266433,0.9784542399683732,0.5886792452830188,0.9802816901408451,0.9977472865041982,0.9889373794783315,4883.0,0.8764044943820225,0.4431818181818182,0.5886792452830188,176.0,0.9784542399683732,0.0,CB,worst
0.9782565724451473,3,,9,200,9.234463540424597,0.023338241140467522,3.8755529696394477,0.9782565724451473,0.5736434108527132,0.9795057263411694,0.9983616629121441,0.9888438133874239,4883.0,0.9024390243902439,0.42045454545454547,0.5736434108527132,176.0,0.9782565724451473,0.0,CB,worst
0.9782565724451473,211,,10,500,1.2944771341705992,0.01123478601686407,1.4050999333936751,0.9782565724451473,0.5801526717557252,0.9798914136336215,0.9979520786401802,0.9888392857142857,4883.0,0.8837209302325582,0.4318181818181818,0.5801526717557252,176.0,0.9782565724451473,0.0,CB,worst
0.9782565724451473,79,,8,600,0.31381795597975165,0.013791171313227296,2.6072282050064066,0.9782565724451473,0.5801526717557252,0.9798914136336215,0.9979520786401802,0.9888392857142857,4883.0,0.8837209302325582,0.4318181818181818,0.5801526717557252,176.0,0.9782565724451473,0.0,CB,worst
0.9782565724451473,156,,9,700,4.5925929346927505,0.009231498363891548,1.814409919788673,0.9782565724451473,0.5833333333333334,0.9800844900422451,0.9977472865041982,0.9888370204992897,4883.0,0.875,0.4375,0.5833333333333334,176.0,0.9782565724451473,0.0,CB,worst
0.9782565724451473,46,,5,600,0.786821963624429,0.05358341567656222,1.9434342550245405,0.9782565724451473,0.5895522388059702,0.980471109321522,0.9973377022322343,0.9888324873096447,4883.0,0.8586956521739131,0.44886363636363635,0.5895522388059702,176.0,0.9782565724451473,0.0,CB,worst
0.9782565724451473,186,,9,800,0.34247799349513836,0.008796253294888846,3.1085092512099295,0.9782565724451473,0.5801526717557252,0.9798914136336215,0.9979520786401802,0.9888392857142857,4883.0,0.8837209302325582,0.4318181818181818,0.5801526717557252,176.0,0.9782565724451473,0.0,CB,worst
0.9782565724451473,112,,9,500,6.947222645532604,0.012042190864500237,2.300341079138733,0.9782565724451473,0.5801526717557252,0.9798914136336215,0.9979520786401802,0.9888392857142857,4883.0,0.8837209302325582,0.4318181818181818,0.5801526717557252,176.0,0.9782565724451473,0.0,CB,worst
0.9782565724451473,5,,10,200,8.414712912545346,0.07466227553780111,2.282610692606153,0.9782565724451473,0.5864661654135338,0.9802777218756289,0.9975424943682163,0.988834754364596,4883.0,0.8666666666666667,0.4431818181818182,0.5864661654135338,176.0,0.9782565724451473,0.0,CB,worst
0.9782565724451473,364,,10,800,6.510144588930136,0.05215359786975213,3.7376214621425286,0.9782565724451473,0.6071428571428571,0.9816347124117053,0.9961089494163424,0.9888188656230942,4883.0,0.8173076923076923,0.48295454545454547,0.6071428571428571,176.0,0.9782565724451473,0.0,CB,worst
0.9782565724451473,317,,10,800,0.1571622591243987,0.010242223630880915,3.3458427938769537,0.9782565724451473,0.5833333333333334,0.9800844900422451,0.9977472865041982,0.9888370204992897,4883.0,0.875,0.4375,0.5833333333333334,176.0,0.9782565724451473,0.0,CB,worst
0.9782565724451473,52,,7,700,1.8980912288286673,0.017764524173643513,1.9538704012572456,0.9782565724451473,0.5895522388059702,0.980471109321522,0.9973377022322343,0.9888324873096447,4883.0,0.8586956521739131,0.44886363636363635,0.5895522388059702,176.0,0.9782565724451473,0.0,CB,worst
0.9780589049219214,88,,8,700,0.3898354244728676,0.013846955638994365,4.761962080469657,0.9780589049219214,0.5747126436781609,0.9796944109368717,0.9979520786401802,0.9887389672314092,4883.0,0.8823529411764706,0.42613636363636365,0.5747126436781609,176.0,0.9780589049219214,0.0,CB,worst
0.9780589049219214,14,,10,400,0.5264909431536583,0.01700345510465932,2.5344031442785915,0.9780589049219214,0.5779467680608364,0.9798873692679002,0.9977472865041982,0.9887366818873669,4883.0,0.8735632183908046,0.4318181818181818,0.5779467680608364,176.0,0.9780589049219214,0.0,CB,worst
0.9780589049219214,49,,7,700,0.24688485439999902,0.037270250308678025,3.368551977942923,0.9780589049219214,0.5811320754716981,0.9800804828973843,0.9975424943682163,0.9887343956155485,4883.0,0.8651685393258427,0.4375,0.5811320754716981,176.0,0.9780589049219214,0.0,CB,worst
0.9780589049219214,196,,9,800,7.792265896075259,0.029757536018204637,3.234978690044219,0.9780589049219214,0.5904059040590406,0.9806607574536664,0.9969281179602704,0.9887275312277851,4883.0,0.8421052631578947,0.45454545454545453,0.5904059040590406,176.0,0.9780589049219214,0.0,CB,worst
0.9780589049219214,308,,10,700,0.5662350610732927,0.04139908742390598,2.7800406267262336,0.9780589049219214,0.5904059040590406,0.9806607574536664,0.9969281179602704,0.9887275312277851,4883.0,0.8421052631578947,0.45454545454545453,0.5904059040590406,176.0,0.9780589049219214,0.0,CB,worst
0.9780589049219214,48,,7,600,0.45079808450221265,0.011079076752441998,2.3243362042605558,0.9780589049219214,0.5779467680608364,0.9798873692679002,0.9977472865041982,0.9887366818873669,4883.0,0.8735632183908046,0.4318181818181818,0.5779467680608364,176.0,0.9780589049219214,0.0,CB,worst
0.9780589049219214,60,,8,500,0.185804629821725,0.044569105817794726,2.12081662394661,0.9780589049219214,0.5904059040590406,0.9806607574536664,0.9969281179602704,0.9887275312277851,4883.0,0.8421052631578947,0.45454545454545453,0.5904059040590406,176.0,0.9780589049219214,0.0,CB,worst
0.9780589049219214,119,,9,500,1.7092044719024686,0.019687191261947255,1.029734834001335,0.9780589049219214,0.587360594795539,0.9804671768022554,0.9971329100962523,0.9887298202863235,4883.0,0.8494623655913979,0.44886363636363635,0.587360594795539,176.0,0.9780589049219214,0.0,CB,worst
0.9780589049219214,217,,10,500,3.8029617904432977,0.05624501974500596,0.9511944061876765,0.9780589049219214,0.5934065934065934,0.9808544941555825,0.9967233258242884,0.9887252412392077,4883.0,0.8350515463917526,0.4602272727272727,0.5934065934065934,176.0,0.9780589049219214,0.0,CB,worst
0.9778612373986953,2,SqrtBalanced,7,300,0.9698157798256792,0.006973134694393534,3.134642875736629,0.9778612373986953,0.5912408759124088,0.9808506349526305,0.9965185336883063,0.9886225111743194,4883.0,0.826530612244898,0.4602272727272727,0.5912408759124088,176.0,0.9778612373986953,0.0,CB,worst
0.9778612373986953,5,,9,300,6.156504542306594,0.0377741921218209,2.668531932904793,0.9778612373986953,0.5725190839694656,0.9796903277699578,0.9977472865041982,0.9886363636363636,4883.0,0.872093023255814,0.42613636363636365,0.5725190839694656,176.0,0.9778612373986953,0.0,CB,worst
0.9778612373986953,5,,8,400,0.13407497522008538,0.02858896012223305,2.0455281865386135,0.9778612373986953,0.5757575757575758,0.9798833232749949,0.9975424943682163,0.9886340572356404,4883.0,0.8636363636363636,0.4318181818181818,0.5757575757575758,176.0,0.9778612373986953,0.0,CB,worst
0.9778612373986953,6,,9,300,1.0415542392665857,0.01660491255522473,4.316903946136274,0.9778612373986953,0.5658914728682171,0.9793048020896122,0.9981568707761622,0.9886409736308316,4883.0,0.8902439024390244,0.4147727272727273,0.5658914728682171,176.0,0.9778612373986953,0.0,CB,worst
0.9778612373986953,88,,8,700,5.983521645459951,0.013177352931634476,2.1954418919157224,0.9778612373986953,0.5789473684210527,0.9800764741396659,0.9973377022322343,0.9886317498984978,4883.0,0.8555555555555555,0.4375,0.5789473684210527,176.0,0.9778612373986953,0.0,CB,worst
0.9778612373986953,197,,9,800,7.6134546511708825,0.04494734021142829,3.3565001974658157,0.9778612373986953,0.5912408759124088,0.9808506349526305,0.9965185336883063,0.9886225111743194,4883.0,0.826530612244898,0.4602272727272727,0.5912408759124088,176.0,0.9778612373986953,0.0,CB,worst
0.9778612373986953,70,,7,800,5.579655274378562,0.0067402993644463125,0.8878080024056683,0.9778612373986953,0.5757575757575758,0.9798833232749949,0.9975424943682163,0.9886340572356404,4883.0,0.8636363636363636,0.4318181818181818,0.5757575757575758,176.0,0.9778612373986953,0.0,CB,worst
0.9776635698754694,1,,5,200,8.610211328503732,0.08268327284684183,2.0570864828038933,0.9776635698754694,0.5703422053231939,0.9796862429605793,0.9975424943682163,0.9885337392186707,4883.0,0.8620689655172413,0.42613636363636365,0.5703422053231939,176.0,0.9776635698754694,0.0,CB,worst
0.9776635698754694,3,,9,200,9.898837571975431,0.024744864731755387,3.962189846853851,0.9776635698754694,0.5568627450980392,0.9789156626506024,0.9983616629121441,0.9885430396431106,4883.0,0.8987341772151899,0.4034090909090909,0.5568627450980392,176.0,0.9776635698754694,0.0,CB,worst
0.9776635698754694,34,,6,700,3.1442210647192956,0.008085961285079338,1.521585444094021,0.9776635698754694,0.5703422053231939,0.9796862429605793,0.9975424943682163,0.9885337392186707,4883.0,0.8620689655172413,0.42613636363636365,0.5703422053231939,176.0,0.9776635698754694,0.0,CB,worst
0.9776635698754694,44,,7,600,1.4926149273956533,0.007014134151308947,1.8830292288080164,0.9776635698754694,0.5703422053231939,0.9796862429605793,0.9975424943682163,0.9885337392186707,4883.0,0.8620689655172413,0.42613636363636365,0.5703422053231939,176.0,0.9776635698754694,0.0,CB,worst
0.9776635698754694,104,,8,800,4.896043062022463,0.03272033347273364,2.5232602993203033,0.9776635698754694,0.5860805860805861,0.9806529625151149,0.9965185336883063,0.988522092432707,4883.0,0.8247422680412371,0.45454545454545453,0.5860805860805861,176.0,0.9776635698754694,0.0,CB,worst
0.9776635698754694,346,,10,800,0.635384558622464,0.03274090385904462,2.6756367906592953,0.9776635698754694,0.5830258302583026,0.9804593070104755,0.9967233258242884,0.9885244236823398,4883.0,0.8315789473684211,0.44886363636363635,0.5830258302583026,176.0,0.9776635698754694,0.0,CB,worst
0.9774659023522435,361,,10,800,9.585818525575025,0.07413115012184138,3.6460399062960382,0.9774659023522435,0.5928571428571429,0.9812310797174572,0.9956993651443784,0.9884122789184794,4883.0,0.7980769230769231,0.4715909090909091,0.5928571428571429,176.0,0.9774659023522435,0.0,CB,worst
0.9774659023522435,8,,9,400,0.9428653492902672,0.022258616006426608,1.6958809004796875,0.9774659023522435,0.5681818181818182,0.9796821565077449,0.9973377022322343,0.988431093971991,4883.0,0.8522727272727273,0.42613636363636365,0.5681818181818182,176.0,0.9774659023522435,0.0,CB,worst
0.9774659023522435,20,,4,500,0.31150729905302504,0.2042566841551013,3.3027271951503328,0.9774659023522435,0.5869565217391305,0.9808429118773946,0.9961089494163424,0.9884169884169884,4883.0,0.81,0.4602272727272727,0.5869565217391305,176.0,0.9774659023522435,0.0,CB,worst
0.9774659023522435,165,,9,700,7.061490613121974,0.04470961474893467,3.3329551283638743,0.9774659023522435,0.5808823529411765,0.9804553697360467,0.9965185336883063,0.9884216940889702,4883.0,0.8229166666666666,0.44886363636363635,0.5808823529411765,176.0,0.9774659023522435,0.0,CB,worst
0.9774659023522435,5,SqrtBalanced,9,300,1.1480363360857322,0.009746907185395722,4.82449266175525,0.9774659023522435,0.5869565217391305,0.9808429118773946,0.9961089494163424,0.9884169884169884,4883.0,0.81,0.4602272727272727,0.5869565217391305,176.0,0.9774659023522435,0.0,CB,worst
0.9772682348290176,30,,4,600,0.8208780405476461,0.017745273009685307,3.2171152433580237,0.9772682348290176,0.5692883895131086,0.9798711755233495,0.9969281179602704,0.9883260582681961,4883.0,0.8351648351648352,0.4318181818181818,0.5692883895131086,176.0,0.9772682348290176,0.0,CB,worst
0.9770705673057917,2,,4,300,3.676907446797869,0.020650596293154914,3.448608789548781,0.9770705673057917,0.5396825396825397,0.9783263094521373,0.9983616629121441,0.988242448814109,4883.0,0.8947368421052632,0.38636363636363635,0.5396825396825397,176.0,0.9770705673057917,0.0,CB,worst
0.9768728997825658,187,SqrtBalanced,10,700,0.16997838009976654,0.008199135488877941,3.5523746471152586,0.9768728997825658,0.5865724381625441,0.9812197092084006,0.9950849887364325,0.9881037112353839,4883.0,0.7757009345794392,0.4715909090909091,0.5865724381625441,176.0,0.9768728997825658,0.0,CB,worst
0.9768728997825658,38,,3,800,0.4715100368005862,0.015971946850783948,2.8782196767297075,0.9768728997825658,0.5617977528089888,0.979669887278583,0.9967233258242884,0.9881230331945995,4883.0,0.8241758241758241,0.42613636363636365,0.5617977528089888,176.0,0.9768728997825658,0.0,CB,worst
0.9764775647361138,2,SqrtBalanced,3,400,2.0346217219798253,0.06267644077840512,1.176609435951343,0.9764775647361138,0.6046511627906976,0.9827725982975274,0.9930370673766128,0.9878781705205256,4883.0,0.728,0.5170454545454546,0.6046511627906976,176.0,0.9764775647361138,0.0,CB,worst
0.9764775647361138,48,,7,800,0.2517641521088732,0.20897456655535934,4.350996042611047,0.9764775647361138,0.5703971119133574,0.9804356595401371,0.9954945730083965,0.987907732953968,4883.0,0.7821782178217822,0.44886363636363635,0.5703971119133574,176.0,0.9764775647361138,0.0,CB,worst
0.9764775647361138,57,SqrtBalanced,8,700,1.1201090827458213,0.02734236933701484,2.7496516687279207,0.9764775647361138,0.5938566552901023,0.9819910967219749,0.9938562359205406,0.9878880407124682,4883.0,0.7435897435897436,0.4943181818181818,0.5938566552901023,176.0,0.9764775647361138,0.0,CB,worst
0.976082229689662,93,,8,800,0.5205501684064561,0.1495013698144715,3.036604847838783,0.976082229689662,0.5754385964912281,0.981010101010101,0.9944706123284865,0.9876944981185803,4883.0,0.7522935779816514,0.4659090909090909,0.5754385964912281,176.0,0.976082229689662,0.0,CB,worst
0.976082229689662,113,SqrtBalanced,10,500,0.3074103561439329,0.018806975474534256,3.7270386920389247,0.976082229689662,0.5813148788927336,0.9813991103922362,0.9940610280565226,0.9876894902838539,4883.0,0.7433628318584071,0.4772727272727273,0.5813148788927336,176.0,0.976082229689662,0.0,CB,worst
0.976082229689662,67,SqrtBalanced,8,700,0.3537945352045225,0.03188872021870136,0.5692725618473835,0.976082229689662,0.584192439862543,0.981593851132686,0.9938562359205406,0.9876869848376921,4883.0,0.7391304347826086,0.48295454545454547,0.584192439862543,176.0,0.976082229689662,0.0,CB,worst
0.975884562166436,9,,9,400,0.4578442523536995,0.11981188300287259,0.0032691414822529907,0.975884562166436,0.5763888888888888,0.9812007277137659,0.9940610280565226,0.987589013224822,4883.0,0.7410714285714286,0.4715909090909091,0.5763888888888888,176.0,0.975884562166436,0.0,CB,worst
0.9756868946432101,43,SqrtBalanced,7,600,5.063338652285453,0.005899398867404098,3.5572653208367844,0.9756868946432101,0.5653710247349824,0.9806138933764136,0.9944706123284865,0.9874936451448907,4883.0,0.7476635514018691,0.45454545454545453,0.5653710247349824,176.0,0.9756868946432101,0.0,CB,worst
0.9754892271199842,48,SqrtBalanced,7,600,0.11497859791516896,0.03984179190348021,2.4484010965165606,0.9754892271199842,0.5894039735099338,0.9823636732211636,0.9924226909686668,0.9873675631621842,4883.0,0.7063492063492064,0.5056818181818182,0.5894039735099338,176.0,0.9754892271199842,0.0,CB,worst
0.9754892271199842,4,SqrtBalanced,8,400,2.4007567905882903,0.09167094405187143,0.23238092655011422,0.9754892271199842,0.5838926174496645,0.9819728580109378,0.9928322752406308,0.9873727087576375,4883.0,0.7131147540983607,0.4943181818181818,0.5838926174496645,176.0,0.9754892271199842,0.0,CB,worst
0.9748962245503063,6,SqrtBalanced,10,200,2.0160051634121254,0.08826675335542629,1.7023921746190742,0.9748962245503063,0.5665529010238908,0.981181707810603,0.9930370673766128,0.9870737913486005,4883.0,0.7094017094017094,0.4715909090909091,0.5665529010238908,176.0,0.9748962245503063,0.0,CB,worst
0.9748962245503063,142,,9,600,0.2748092571497083,0.2759944306651855,1.2324239913416926,0.9748962245503063,0.5605536332179931,0.9807925596441569,0.9934466516485767,0.9870790517855326,4883.0,0.7168141592920354,0.4602272727272727,0.5605536332179931,176.0,0.9748962245503063,0.0,CB,worst
0.9746985570270804,3,SqrtBalanced,7,400,0.8966282811009915,0.035493265811037344,4.478060189559831,0.9746985570270804,0.5789473684210527,0.9821537213546948,0.9918083145607208,0.9869574077847972,4883.0,0.6875,0.5,0.5789473684210527,176.0,0.9746985570270804,0.0,CB,worst
0.9709428740857877,9,Balanced,10,300,0.10287704005690429,0.02196268431771047,0.42973884615125135,0.9709428740857877,0.5180327868852459,0.9803245436105477,0.989760393200901,0.9850198715988994,4883.0,0.6124031007751938,0.44886363636363635,0.5180327868852459,176.0,0.9709428740857877,0.0,CB,worst
0.9270606839296304,123,Balanced,10,800,0.8303033083479078,0.01215801260640278,2.994939242102724,0.9270606839296304,0.3648881239242685,0.984959174903309,0.9387671513413884,0.9613085876061654,4883.0,0.2617283950617284,0.6022727272727273,0.3648881239242685,176.0,0.9270606839296304,0.0,CB,worst
0.9240956710812414,35,Balanced,6,600,3.247577424194881,0.02012403089111071,3.0038606544015765,0.9240956710812414,0.36423841059602646,0.9857482185273159,0.9348761007577309,0.9596384275804078,4883.0,0.2570093457943925,0.625,0.36423841059602646,176.0,0.9240956710812414,0.0,CB,worst
0.9235026685115636,35,Balanced,8,600,1.4236368361185756,0.01560680648774959,0.7742718881464872,0.9235026685115636,0.3603305785123967,0.9855291576673866,0.934466516485767,0.9593188268684958,4883.0,0.2540792540792541,0.6193181818181818,0.3603305785123967,176.0,0.9235026685115636,0.0,CB,worst
0.9235026685115636,77,Balanced,10,500,0.31724823379029987,0.013916246606405504,2.671761652222862,0.9235026685115636,0.3495798319327731,0.9844827586206897,0.9354904771656768,0.9593615457313872,4883.0,0.24821002386634844,0.5909090909090909,0.3495798319327731,176.0,0.9235026685115636,0.0,CB,worst
0.9233050009883376,102,Balanced,10,500,0.2126902056530815,0.009480909928825157,1.8156878351970156,0.9233050009883376,0.34459459459459457,0.9840620288606504,0.9356952693016588,0.9592693680453496,4883.0,0.24519230769230768,0.5795454545454546,0.34459459459459457,176.0,0.9233050009883376,0.0,CB,worst
0.922316663372208,42,Balanced,7,700,0.94120561357589,0.01006229324935971,4.161199828568354,0.922316663372208,0.35467980295566504,0.9853004755728492,0.9334425558058571,0.9586707329897991,4883.0,0.24942263279445728,0.6136363636363636,0.35467980295566504,176.0,0.922316663372208,0.0,CB,worst
0.922316663372208,57,Balanced,9,500,0.1369495356083276,0.010779762541704176,3.111144516963786,0.922316663372208,0.33949579831932775,0.9838362068965517,0.9348761007577309,0.9587314921768351,4883.0,0.24105011933174225,0.5738636363636364,0.33949579831932775,176.0,0.922316663372208,0.0,CB,worst
0.9217236608025301,24,Balanced,6,600,0.5560236977510374,0.012778692391597787,2.631622817636691,0.9217236608025301,0.3550488599348534,0.9855009738151915,0.9326233872619292,0.9583333333333334,4883.0,0.24885844748858446,0.6193181818181818,0.3550488599348534,176.0,0.9217236608025301,0.0,CB,worst
0.9163866376754299,1,Balanced,5,200,1.0736630626397954,0.0051800268573072555,1.5544661854166968,0.9163866376754299,0.34418604651162793,0.985838779956427,0.9266844153184518,0.9553467750448643,4883.0,0.23667377398720682,0.6306818181818182,0.34418604651162793,176.0,0.9163866376754299,0.0,CB,worst
