value,duration,params_C,params_class_weight,params_coef0,params_degree,params_gamma,params_kernel,user_attrs_ACC,user_attrs_WF1,notUsed_precision,notUsed_recall,notUsed_f1-score,notUsed_support,Used_precision,Used_recall,Used_f1-score,Used_support,accuracy,zeroPreds,model,option
0.9768728997825658,2,5.625396312553019,,,,0.06010452173432046,rbf,0.9768728997825658,0.5185185185185185,0.9654013444049031,1.0,0.9823961372095362,4883.0,1.0,0.005681818181818182,0.011299435028248588,176.0,0.9654081834354615,0.0,SV,worst
0.9768728997825658,2,3.5176227287605197,,,,0.08385115654489891,rbf,0.9768728997825658,0.5145228215767634,0.9756,0.9989760393200902,0.9871496509157138,4883.0,0.9152542372881356,0.3068181818181818,0.4595744680851064,176.0,0.9748962245503063,0.0,SV,worst
0.9768728997825658,2,5.705980222459907,,,,0.06062174037232983,rbf,0.9768728997825658,0.5185185185185185,0.9767860716429858,0.9995904157280361,0.9880566801619434,4883.0,0.967741935483871,0.3409090909090909,0.5042016806722689,176.0,0.9766752322593398,0.0,SV,worst
0.9768728997825658,2,5.850733677326184,,,,0.05965982025000246,rbf,0.9768728997825658,0.5185185185185185,0.9763952790558111,0.9995904157280361,0.9878567091681846,4883.0,0.9666666666666667,0.32954545454545453,0.4915254237288136,176.0,0.9762798972128879,0.0,SV,worst
0.9766752322593398,2,5.765362923412009,,,,0.06859807655602708,rbf,0.9766752322593398,0.512396694214876,0.977363782051282,0.9991808314560721,0.9881518987341772,4883.0,0.9402985074626866,0.35795454545454547,0.5185185185185185,176.0,0.9768728997825658,0.0,SV,worst
0.9766752322593398,1,2.369768972289745,,,,0.060115855954664184,rbf,0.9766752322593398,0.5042016806722689,0.9765906362545018,0.9995904157280361,0.9879566845460985,4883.0,0.9672131147540983,0.3352272727272727,0.4978902953586498,176.0,0.9764775647361138,0.0,SV,worst
0.9766752322593398,2,3.1694781844476148,,,,0.057319586816385805,rbf,0.9766752322593398,0.5042016806722689,0.977363782051282,0.9991808314560721,0.9881518987341772,4883.0,0.9402985074626866,0.35795454545454547,0.5185185185185185,176.0,0.9768728997825658,0.0,SV,worst
0.9766752322593398,2,2.267946679241539,,,,0.09421050706711225,rbf,0.9766752322593398,0.5083333333333333,0.9763858314988993,0.9991808314560721,0.9876518218623481,4883.0,0.9354838709677419,0.32954545454545453,0.48739495798319327,176.0,0.975884562166436,0.0,SV,worst
0.9766752322593398,2,5.819396895740655,,,,0.06691998201634534,rbf,0.9766752322593398,0.512396694214876,0.965592248368598,1.0,0.9824949698189135,4883.0,1.0,0.011363636363636364,0.02247191011235955,176.0,0.9656058509586875,0.0,SV,worst
0.9766752322593398,2,2.5661710060558724,,,,0.06781816956458447,rbf,0.9766752322593398,0.5042016806722689,0.9769769769769769,0.9993856235920541,0.9880542619963555,4883.0,0.953125,0.3465909090909091,0.5083333333333333,176.0,0.9766752322593398,0.0,SV,worst
0.9766752322593398,2,2.6157201808969455,,,,0.0891496517137123,rbf,0.9766752322593398,0.5083333333333333,0.9767814251401121,0.9993856235920541,0.9879542463812127,4883.0,0.9523809523809523,0.3409090909090909,0.502092050209205,176.0,0.9764775647361138,0.0,SV,worst
0.9766752322593398,2,3.3296160766318383,,,,0.09378189400379222,rbf,0.9766752322593398,0.5083333333333333,0.9767814251401121,0.9993856235920541,0.9879542463812127,4883.0,0.9523809523809523,0.3409090909090909,0.502092050209205,176.0,0.9764775647361138,0.0,SV,worst
0.9764775647361138,1,2.080515771638632,,,,0.06650677875323738,rbf,0.9764775647361138,0.4978902953586498,0.976390556222489,0.9993856235920541,0.9877542758830078,4883.0,0.9508196721311475,0.32954545454545453,0.48945147679324896,176.0,0.976082229689662,0.0,SV,worst
0.9764775647361138,1,6.276492135648933,,,,0.06973933660619992,rbf,0.9764775647361138,0.5062240663900415,0.9765906362545018,0.9995904157280361,0.9879566845460985,4883.0,0.9672131147540983,0.3352272727272727,0.4978902953586498,176.0,0.9764775647361138,0.0,SV,worst
0.9764775647361138,2,2.5182471612267956,,,,0.11205175835038621,rbf,0.9764775647361138,0.502092050209205,0.9671156893819335,0.999795207864018,0.9831839693887826,4883.0,0.9090909090909091,0.056818181818181816,0.10695187165775401,176.0,0.966989523621269,0.0,SV,worst
0.9764775647361138,2,6.137552725413746,,,,0.070574834609044,rbf,0.9764775647361138,0.5062240663900415,0.9765906362545018,0.9995904157280361,0.9879566845460985,4883.0,0.9672131147540983,0.3352272727272727,0.4978902953586498,176.0,0.9764775647361138,0.0,SV,worst
0.9764775647361138,2,5.4094477741256055,,,,0.07061837747839796,rbf,0.9764775647361138,0.5062240663900415,0.9652105159122356,1.0,0.9822973244819956,4883.0,0.0,0.0,0.0,176.0,0.9652105159122356,1.0,SV,worst
0.9764775647361138,1,1.9998508276703144,,,,0.06728182186429052,rbf,0.9764775647361138,0.4978902953586498,0.9763621794871795,0.9981568707761622,0.9871392405063291,4883.0,0.8656716417910447,0.32954545454545453,0.4773662551440329,176.0,0.9748962245503063,0.0,SV,worst
0.9764775647361138,2,6.766421106156199,,,,0.061818359711023584,rbf,0.9764775647361138,0.5102880658436214,0.9652105159122356,1.0,0.9822973244819956,4883.0,0.0,0.0,0.0,176.0,0.9652105159122356,1.0,SV,worst
0.9764775647361138,2,1.6115806743816639,,,,0.08145673894419467,rbf,0.9764775647361138,0.4978902953586498,0.9750299640431482,0.9995904157280361,0.9871574476691273,4883.0,0.9622641509433962,0.2897727272727273,0.44541484716157204,176.0,0.9748962245503063,0.0,SV,worst
0.9764775647361138,1,1.3613706218632982,,,,0.08474040667615393,rbf,0.9764775647361138,0.4978902953586498,0.972504482964734,0.9995904157280361,0.9858614421329025,4883.0,0.95,0.2159090909090909,0.35185185185185186,176.0,0.9723265467483693,0.0,SV,worst
0.9764775647361138,2,5.156611473505691,,,,0.07860282548277003,rbf,0.9764775647361138,0.5062240663900415,0.9769677548567995,0.9989760393200902,0.9878493317132442,4883.0,0.9242424242424242,0.3465909090909091,0.5041322314049587,176.0,0.9762798972128879,0.0,SV,worst
0.9764775647361138,2,2.51934506637326,,,,0.11049113413401042,rbf,0.9764775647361138,0.502092050209205,0.9769769769769769,0.9993856235920541,0.9880542619963555,4883.0,0.953125,0.3465909090909091,0.5083333333333333,176.0,0.9766752322593398,0.0,SV,worst
0.9764775647361138,2,2.302535230778281,,,,0.1417276657830119,rbf,0.9764775647361138,0.502092050209205,0.9767767767767768,0.9991808314560721,0.9878517918607006,4883.0,0.9375,0.3409090909090909,0.5,176.0,0.9762798972128879,0.0,SV,worst
0.9764775647361138,1,8.527631241854891,,,,0.0541783112373244,rbf,0.9764775647361138,0.5102880658436214,0.9652105159122356,1.0,0.9822973244819956,4883.0,0.0,0.0,0.0,176.0,0.9652105159122356,1.0,SV,worst
0.9762798972128879,1,3.210329154294125,,,,0.047184207848832954,rbf,0.9762798972128879,0.4915254237288136,0.9761952390478096,0.9993856235920541,0.9876543209876543,4883.0,0.95,0.32386363636363635,0.4830508474576271,176.0,0.975884562166436,0.0,SV,worst
0.9762798972128879,2,4.820025341635829,,,,0.04775631966883755,rbf,0.9762798972128879,0.4957983193277311,0.9767860716429858,0.9995904157280361,0.9880566801619434,4883.0,0.967741935483871,0.3409090909090909,0.5042016806722689,176.0,0.9766752322593398,0.0,SV,worst
0.9762798972128879,2,4.234429359258235,,,,0.09586112758652165,rbf,0.9762798972128879,0.4957983193277311,0.9719123505976096,0.9991808314560721,0.9853579723316167,4883.0,0.8974358974358975,0.19886363636363635,0.32558139534883723,176.0,0.9713382091322396,0.0,SV,worst
0.9762798972128879,2,7.709204659495215,,,,0.09128803273227015,rbf,0.9762798972128879,0.5041322314049587,0.9828231667033693,0.9139873028875691,0.9471561969439728,4883.0,0.1891891891891892,0.5568181818181818,0.2824207492795389,176.0,0.9015615734334849,0.0,SV,worst
0.9762798972128879,2,4.044276638082742,,,,0.0628614585359095,rbf,0.9762798972128879,0.5,,,,,,,,,,,SV,worst
0.9762798972128879,2,7.016036741838857,,,,0.06921687809269139,rbf,0.9762798972128879,0.5,0.9752148710773536,0.9991808314560721,0.987052397329557,4883.0,0.9285714285714286,0.29545454545454547,0.4482758620689655,176.0,0.9746985570270804,0.0,SV,worst
0.9762798972128879,2,9.986328262150518,,,,0.05283005954543006,rbf,0.9762798972128879,0.5041322314049587,0.9763811048839072,0.9989760393200902,0.9875493470999089,4883.0,0.9206349206349206,0.32954545454545453,0.48535564853556484,176.0,0.9756868946432101,0.0,SV,worst
0.9762798972128879,2,1.3081958306898138,,,,0.1021804220054856,rbf,0.9762798972128879,0.4957983193277311,0.9771680352493491,0.9991808314560721,0.9880518428513568,4883.0,0.9393939393939394,0.3522727272727273,0.512396694214876,176.0,0.9766752322593398,0.0,SV,worst
0.9762798972128879,2,7.124363457684604,,,,0.05205108894368889,rbf,0.9762798972128879,0.5,0.9652105159122356,1.0,0.9822973244819956,4883.0,0.0,0.0,0.0,176.0,0.9652105159122356,1.0,SV,worst
0.976082229689662,2,3.4159695002578916,,,,0.04040678325849387,rbf,0.976082229689662,0.4851063829787234,0.9767767767767768,0.9991808314560721,0.9878517918607006,4883.0,0.9375,0.3409090909090909,0.5,176.0,0.9762798972128879,0.0,SV,worst
0.976082229689662,2,5.148362554957066,,,,0.10224554944192343,rbf,0.976082229689662,0.49372384937238495,0.9769723668402083,0.9991808314560721,0.9879518072289156,4883.0,0.9384615384615385,0.3465909090909091,0.5062240663900415,176.0,0.9764775647361138,0.0,SV,worst
0.976082229689662,2,4.766931971700051,,,,0.05413933806333864,rbf,0.976082229689662,0.48945147679324896,0.9761952390478096,0.9993856235920541,0.9876543209876543,4883.0,0.95,0.32386363636363635,0.4830508474576271,176.0,0.975884562166436,0.0,SV,worst
0.976082229689662,2,5.723699673901731,,,,0.035958267798551796,rbf,0.976082229689662,0.48945147679324896,0.9805194805194806,0.9277083759983616,0.9533831421656319,4883.0,0.1958997722095672,0.48863636363636365,0.27967479674796747,176.0,0.9124332872109112,0.0,SV,worst
0.976082229689662,2,0.8353500560686631,,,,0.12421261276607204,rbf,0.976082229689662,0.48945147679324896,0.9763858314988993,0.9991808314560721,0.9876518218623481,4883.0,0.9354838709677419,0.32954545454545453,0.48739495798319327,176.0,0.975884562166436,0.0,SV,worst
0.976082229689662,2,6.309895198581224,,,,0.077202674017154,rbf,0.976082229689662,0.49372384937238495,0.9765859515709425,0.9993856235920541,0.9878542510121457,4883.0,0.9516129032258065,0.3352272727272727,0.4957983193277311,176.0,0.9762798972128879,0.0,SV,worst
0.976082229689662,1,4.339868834288251,,,,0.03685868933185178,rbf,0.976082229689662,0.4851063829787234,0.9769723668402083,0.9991808314560721,0.9879518072289156,4883.0,0.9384615384615385,0.3465909090909091,0.5062240663900415,176.0,0.9764775647361138,0.0,SV,worst
0.976082229689662,2,5.850380746615493,,,,0.09916090207949028,rbf,0.976082229689662,0.4979253112033195,0.9771634615384616,0.9989760393200902,0.9879493670886076,4883.0,0.9253731343283582,0.3522727272727273,0.5102880658436214,176.0,0.9764775647361138,0.0,SV,worst
0.975884562166436,1,2.8330369626059366,,,,0.04324276212012887,rbf,0.975884562166436,0.47863247863247865,0.9765906362545018,0.9995904157280361,0.9879566845460985,4883.0,0.9672131147540983,0.3352272727272727,0.4978902953586498,176.0,0.9764775647361138,0.0,SV,worst
0.975884562166436,2,8.433416112363808,,,,0.03949903196280935,rbf,0.975884562166436,0.4830508474576271,0.9765859515709425,0.9993856235920541,0.9878542510121457,4883.0,0.9516129032258065,0.3352272727272727,0.4957983193277311,176.0,0.9762798972128879,0.0,SV,worst
0.975884562166436,2,4.597923094727688,,,,0.05753798384330612,rbf,0.975884562166436,0.48739495798319327,0.9771726071285542,0.9993856235920541,0.9881542978637238,4883.0,0.9538461538461539,0.3522727272727273,0.5145228215767634,176.0,0.9768728997825658,0.0,SV,worst
0.975884562166436,2,5.3471404278404,,,,0.08622786892726345,rbf,0.975884562166436,0.48739495798319327,0.9748251748251748,0.9991808314560721,0.9868527508090615,4883.0,0.9259259259259259,0.2840909090909091,0.43478260869565216,176.0,0.9743032219806286,0.0,SV,worst
0.975884562166436,1,8.313014703603098,,,,0.04734101223613037,rbf,0.975884562166436,0.49166666666666664,0.9824291675818142,0.9160352242473889,0.9480712166172107,4883.0,0.18972332015810275,0.5454545454545454,0.28152492668621704,176.0,0.9031429136192923,0.0,SV,worst
0.975884562166436,1,9.984029501015163,,,,0.029753295023915386,rbf,0.975884562166436,0.4830508474576271,0.9717244125846276,0.9993856235920541,0.9853609288238263,4883.0,0.918918918918919,0.19318181818181818,0.3192488262910798,176.0,0.9713382091322396,0.0,SV,worst
0.9756868946432101,2,3.9009195656098843,,,,0.1858455827616216,rbf,0.9756868946432101,0.48535564853556484,0.9750299640431482,0.9995904157280361,0.9871574476691273,4883.0,0.9622641509433962,0.2897727272727273,0.44541484716157204,176.0,0.9748962245503063,0.0,SV,worst
0.9754892271199842,2,5.112565377286165,,,,0.1918289938422767,rbf,0.9754892271199842,0.48333333333333334,0.9697933227344993,0.9993856235920541,0.9843671205244579,4883.0,0.8888888888888888,0.13636363636363635,0.23645320197044334,176.0,0.9693615338999803,0.0,SV,worst
0.9754892271199842,2,3.9869946618553627,,,,0.1994145560158462,rbf,0.9754892271199842,0.4789915966386555,0.983300373544276,0.9164448085193528,0.9486962052151792,4883.0,0.1968503937007874,0.5681818181818182,0.29239766081871343,176.0,0.904328918758648,0.0,SV,worst
0.9750938920735324,1,6.573500574169292,,,,0.019679732249538492,rbf,0.9750938920735324,0.45217391304347826,0.9652105159122356,1.0,0.9822973244819956,4883.0,0.0,0.0,0.0,176.0,0.9652105159122356,1.0,SV,worst
0.9748962245503063,1,0.6971195014650655,,,,0.13298708541111806,rbf,0.9748962245503063,0.45493562231759654,0.9767721265518622,0.9989760393200902,0.9877493165941075,4883.0,0.9230769230769231,0.3409090909090909,0.4979253112033195,176.0,0.976082229689662,0.0,SV,worst
0.9748962245503063,1,2.1552272547997986,,,,0.0342504373993739,rbf,0.9748962245503063,0.44541484716157204,0.9719123505976096,0.9991808314560721,0.9853579723316167,4883.0,0.8974358974358975,0.19886363636363635,0.32558139534883723,176.0,0.9713382091322396,0.0,SV,worst
0.9748962245503063,3,3.5947315339067307,,,,0.23338261123806106,rbf,0.9748962245503063,0.4595744680851064,0.9769677548567995,0.9989760393200902,0.9878493317132442,4883.0,0.9242424242424242,0.3465909090909091,0.5041322314049587,176.0,0.9762798972128879,0.0,SV,worst
0.9748962245503063,1,2.3535592072873754,,,,0.0310482889810585,rbf,0.9748962245503063,0.44541484716157204,0.9724990035870865,0.9993856235920541,0.9857590142409858,4883.0,0.926829268292683,0.2159090909090909,0.35023041474654376,176.0,0.9721288792251433,0.0,SV,worst
0.9748962245503063,2,9.511926582965582,,,,0.16287593232369688,rbf,0.9748962245503063,0.4773662551440329,0.9765859515709425,0.9993856235920541,0.9878542510121457,4883.0,0.9516129032258065,0.3352272727272727,0.4957983193277311,176.0,0.9762798972128879,0.0,SV,worst
0.9746985570270804,1,0.9221944622502724,,,,0.052065708789279505,rbf,0.9746985570270804,0.4482758620689655,0.9769769769769769,0.9993856235920541,0.9880542619963555,4883.0,0.953125,0.3465909090909091,0.5083333333333333,176.0,0.9766752322593398,0.0,SV,worst
0.9743032219806286,3,0.7705059968932713,,-0.21406560219483572,2.0,0.3291711170066891,poly,0.9743032219806286,0.43478260869565216,0.9754098360655737,0.9991808314560721,0.9871522508851795,4883.0,0.9298245614035088,0.30113636363636365,0.45493562231759654,176.0,0.9748962245503063,0.0,SV,worst
0.9743032219806286,4,0.6235841610945084,,0.12411095167693043,3.0,0.20041162554890676,poly,0.9743032219806286,0.4672131147540984,0.9690107270560191,0.9989760393200902,0.983765251588182,4883.0,0.8,0.11363636363636363,0.19900497512437812,176.0,0.9681755287606246,0.0,SV,worst
0.9743032219806286,1,3.407014125466218,,,,0.020512873596179527,rbf,0.9743032219806286,0.4298245614035088,0.977363782051282,0.9991808314560721,0.9881518987341772,4883.0,0.9402985074626866,0.35795454545454547,0.5185185185185185,176.0,0.9768728997825658,0.0,SV,worst
0.9743032219806286,2,0.543537740332554,,,,0.15891540804850218,rbf,0.9743032219806286,0.43478260869565216,0.9726976365118174,0.9776776571779644,0.9751812889388214,4883.0,0.2781456953642384,0.23863636363636365,0.25688073394495414,176.0,0.951966791856098,0.0,SV,worst
0.972919549318047,2,9.922374154881258,,,,0.2563924700796352,rbf,0.972919549318047,0.4497991967871486,0.9765812650120096,0.9991808314560721,0.9877517967405608,4883.0,0.9365079365079365,0.3352272727272727,0.49372384937238495,176.0,0.976082229689662,0.0,SV,worst
0.972919549318047,1,0.40075060637516924,,,,0.07372682671553611,rbf,0.972919549318047,0.38565022421524664,0.9676907829534193,0.999795207864018,0.9834810636583401,4883.0,0.9285714285714286,0.07386363636363637,0.1368421052631579,176.0,0.9675825261909469,0.0,SV,worst
0.9723265467483693,1,1.2133371195381955,,,,0.023742247343449825,rbf,0.9723265467483693,0.35185185185185186,0.9661654135338346,1.0,0.982791586998088,4883.0,1.0,0.028409090909090908,0.055248618784530384,176.0,0.9661988535283653,0.0,SV,worst
0.9721288792251433,2,0.25464966024921853,,,,0.1332386743021363,rbf,0.9721288792251433,0.35023041474654376,0.9746355102856001,0.9993856235920541,0.9868554095045501,4883.0,0.9423076923076923,0.2784090909090909,0.4298245614035088,176.0,0.9743032219806286,0.0,SV,worst
0.9713382091322396,1,4.166783392876257,,0.2797503953672712,2.0,0.05930995472263532,poly,0.9713382091322396,0.3192488262910798,0.976390556222489,0.9993856235920541,0.9877542758830078,4883.0,0.9508196721311475,0.32954545454545453,0.48945147679324896,176.0,0.976082229689662,0.0,SV,worst
0.9713382091322396,5,6.241321335265587,,,,,linear,0.9713382091322396,0.32558139534883723,0.9825806451612903,0.9356952693016588,0.958564984789678,4883.0,0.23227383863080683,0.5397727272727273,0.3247863247863248,176.0,0.9219213283257561,0.0,SV,worst
0.9713382091322396,5,6.18694018751543,,,,,linear,0.9713382091322396,0.32558139534883723,0.9766552626282954,0.9938562359205406,0.9851806739748274,4883.0,0.6666666666666666,0.3409090909090909,0.45112781954887216,176.0,0.9711405416090136,0.0,SV,worst
0.9711405416090136,3,2.835433118563779,balanced,,,0.2622574906388528,rbf,0.9711405416090136,0.45112781954887216,0.9676843774781919,0.9995904157280361,0.9833786642490179,4883.0,0.8666666666666667,0.07386363636363637,0.13612565445026178,176.0,0.967384858667721,0.0,SV,worst
0.9695592014232062,1,1.5129942330070159,,0.20864700037312256,2.0,0.0831006066360086,poly,0.9695592014232062,0.2376237623762376,0.976004799040192,0.9995904157280361,0.9876568191015783,4883.0,0.9655172413793104,0.3181818181818182,0.47863247863247865,176.0,0.975884562166436,0.0,SV,worst
0.9693615338999803,2,2.757440392148891,,,,,linear,0.9693615338999803,0.23645320197044334,0.9828469592336824,0.9035429039524883,0.9415279556124626,4883.0,0.1736842105263158,0.5625,0.26541554959785524,176.0,0.8916781972721882,0.0,SV,worst
0.9681755287606246,17,9.082093210641627,balanced,,,0.8637214032718119,rbf,0.9681755287606246,0.19900497512437812,0.9748251748251748,0.9991808314560721,0.9868527508090615,4883.0,0.9259259259259259,0.2840909090909091,0.43478260869565216,176.0,0.9743032219806286,0.0,SV,worst
0.9675825261909469,0,1.1500006732333958,,0.4006138065274333,2.0,0.025939849697330073,poly,0.9675825261909469,0.1368421052631579,0.9759326113116726,0.9965185336883063,0.9861181477353329,4883.0,0.7671232876712328,0.3181818181818182,0.4497991967871486,176.0,0.972919549318047,0.0,SV,worst
0.9675825261909469,1,0.1730624970616495,,,,0.04258583163141155,rbf,0.9675825261909469,0.15463917525773196,0.9765765765765766,0.9989760393200902,0.9876493217250456,4883.0,0.921875,0.3352272727272727,0.49166666666666664,176.0,0.975884562166436,0.0,SV,worst
0.967384858667721,1,1.2841890462470216,,,,0.011509273639159349,rbf,0.967384858667721,0.13612565445026178,0.9649837133550488,0.9707147245545771,0.9678407350689127,4883.0,0.027210884353741496,0.022727272727272728,0.02476780185758514,176.0,0.9377347301838308,0.0,SV,worst
0.966989523621269,1,1.8739158986826943,,,,0.006244581799902082,rbf,0.966989523621269,0.1164021164021164,0.9765812650120096,0.9991808314560721,0.9877517967405608,4883.0,0.9365079365079365,0.3352272727272727,0.49372384937238495,176.0,0.976082229689662,0.0,SV,worst
0.966989523621269,2,1.6565262811187387,,,,,linear,0.966989523621269,0.10695187165775401,0.9762,0.9995904157280361,0.9877567540220581,4883.0,0.9661016949152542,0.32386363636363635,0.4851063829787234,176.0,0.976082229689662,0.0,SV,worst
0.9667918560980431,0,0.19926558251813298,,0.4563346543602397,4.0,0.014124191860096053,poly,0.9667918560980431,0.10638297872340426,0.982559456398641,0.8883882858898219,0.9331038933103893,4883.0,0.15372670807453417,0.5625,0.24146341463414633,176.0,0.8770508005534691,0.0,SV,worst
0.9661988535283653,9,0.30990097370598546,,,,0.5029730081059784,rbf,0.9661988535283653,0.055248618784530384,0.9649408887077049,0.9694859717386852,0.9672080907140668,4883.0,0.026143790849673203,0.022727272727272728,0.0243161094224924,176.0,0.9365487250444752,0.0,SV,worst
0.9656058509586875,2,1.277935135448374,,,,,linear,0.9656058509586875,0.02247191011235955,0.9797255785377842,0.9797255785377842,0.9797255785377842,4883.0,0.4375,0.4375,0.4375,176.0,0.960861830401265,0.0,SV,worst
0.9654081834354615,2,1.0306389412236596,,,,,linear,0.9654081834354615,0.011299435028248588,0.976390556222489,0.9993856235920541,0.9877542758830078,4883.0,0.9508196721311475,0.32954545454545453,0.48945147679324896,176.0,0.976082229689662,0.0,SV,worst
0.9652105159122356,1,0.001069359895239907,,,,0.07218416635590946,rbf,0.9652105159122356,0.0,0.9769723668402083,0.9991808314560721,0.9879518072289156,4883.0,0.9384615384615385,0.3465909090909091,0.5062240663900415,176.0,0.9764775647361138,0.0,SV,worst
0.9652105159122356,1,1.9828464895724607,,,,0.002040211237018892,rbf,0.9652105159122356,0.0,0.9680618924816504,0.9993856235920541,0.9834744054816607,4883.0,0.8333333333333334,0.08522727272727272,0.15463917525773196,176.0,0.9675825261909469,0.0,SV,worst
0.9652105159122356,1,0.03687129943268418,,,,0.010287074698290743,rbf,0.9652105159122356,0.0,0.9652105159122356,1.0,0.9822973244819956,4883.0,0.0,0.0,0.0,176.0,0.9652105159122356,1.0,SV,worst
0.9652105159122356,1,3.310827202933449,,,,0.002040829591298253,rbf,0.9652105159122356,0.0,0.9769723668402083,0.9991808314560721,0.9879518072289156,4883.0,0.9384615384615385,0.3465909090909091,0.5062240663900415,176.0,0.9764775647361138,0.0,SV,worst
0.9652105159122356,0,0.0017759871354249778,,,,,linear,0.9652105159122356,0.0,0.9761570827489481,0.9977472865041982,0.9868341097832692,4883.0,0.8382352941176471,0.32386363636363635,0.4672131147540984,176.0,0.9743032219806286,0.0,SV,worst
0.9652105159122356,0,0.002324704060711442,,,,0.010976326682457014,rbf,0.9652105159122356,0.0,0.9652105159122356,1.0,0.9822973244819956,4883.0,0.0,0.0,0.0,176.0,0.9652105159122356,1.0,SV,worst
0.9652105159122356,1,0.018613896879144165,,,,,linear,0.9652105159122356,0.0,0.9652105159122356,1.0,0.9822973244819956,4883.0,0.0,0.0,0.0,176.0,0.9652105159122356,1.0,SV,worst
0.9652105159122356,1,0.016255639403498296,,,,0.001076957118117576,rbf,0.9652105159122356,0.0,0.9767860716429858,0.9995904157280361,0.9880566801619434,4883.0,0.967741935483871,0.3409090909090909,0.5042016806722689,176.0,0.9766752322593398,0.0,SV,worst
0.9652105159122356,1,0.004620408567832527,,,,0.1208292280844039,rbf,0.9652105159122356,0.0,0.9652105159122356,1.0,0.9822973244819956,4883.0,0.0,0.0,0.0,176.0,0.9652105159122356,1.0,SV,worst
0.9652105159122356,6,0.09478767220268763,,,,0.4150983959535062,rbf,0.9652105159122356,0.0,0.9697993244585734,0.9995904157280361,0.9844695441710367,4883.0,0.9230769230769231,0.13636363636363635,0.2376237623762376,176.0,0.9695592014232062,0.0,SV,worst
0.9652105159122356,1,0.06808633839300839,,,,0.005709180470507085,rbf,0.9652105159122356,0.0,0.973463687150838,0.9991808314560721,0.986154623547246,4883.0,0.9148936170212766,0.24431818181818182,0.38565022421524664,176.0,0.972919549318047,0.0,SV,worst
0.9652105159122356,1,0.1877653576695017,,,,,linear,0.9652105159122356,0.0,0.9762,0.9995904157280361,0.9877567540220581,4883.0,0.9661016949152542,0.32386363636363635,0.4851063829787234,176.0,0.976082229689662,0.0,SV,worst
0.9652105159122356,1,0.007197176643138472,,,,0.04699954843020666,rbf,0.9652105159122356,0.0,0.9781677208732912,0.981773499897604,0.9799672935404743,4883.0,0.43670886075949367,0.39204545454545453,0.41317365269461076,176.0,0.9612571654477169,0.0,SV,worst
0.9612571654477169,3,3.197789350881963,balanced,,,0.15333933188172777,rbf,0.9612571654477169,0.41317365269461076,0.9771680352493491,0.9991808314560721,0.9880518428513568,4883.0,0.9393939393939394,0.3522727272727273,0.512396694214876,176.0,0.9766752322593398,0.0,SV,worst
0.960861830401265,7,2.7698122821817766,balanced,-0.02748662677628614,3.0,0.016406143347334923,poly,0.960861830401265,0.4375,0.9752247752247752,0.9995904157280361,0.9872572815533981,4883.0,0.9629629629629629,0.29545454545454547,0.45217391304347826,176.0,0.9750938920735324,0.0,SV,worst
0.951966791856098,0,8.148565917779747,,-0.18824917007991981,3.0,0.09968893135240213,poly,0.951966791856098,0.25688073394495414,0.9761857114268561,0.9989760393200902,0.9874493927125506,4883.0,0.9193548387096774,0.32386363636363635,0.4789915966386555,176.0,0.9754892271199842,0.0,SV,worst
0.9377347301838308,0,0.7795056419107793,,-0.4712666590040777,4.0,0.03382946373043842,poly,0.9377347301838308,0.02476780185758514,0.9767767767767768,0.9991808314560721,0.9878517918607006,4883.0,0.9375,0.3409090909090909,0.5,176.0,0.9762798972128879,0.0,SV,worst
0.9365487250444752,0,4.08883345414588,,-0.44970755401876095,4.0,0.026949849681667318,poly,0.9365487250444752,0.0243161094224924,0.9803082191780822,0.9379479827974606,0.9586603872318158,4883.0,0.21705426356589147,0.4772727272727273,0.2984014209591474,176.0,0.9219213283257561,0.0,SV,worst
0.9219213283257561,4,1.8353735880038586,balanced,,,0.1034150810167633,rbf,0.9219213283257561,0.2984014209591474,0.9652105159122356,1.0,0.9822973244819956,4883.0,0.0,0.0,0.0,176.0,0.9652105159122356,1.0,SV,worst
0.9219213283257561,6,0.41925708714814003,balanced,,,0.13473220060168414,rbf,0.9219213283257561,0.3247863247863248,0.9771634615384616,0.9989760393200902,0.9879493670886076,4883.0,0.9253731343283582,0.3522727272727273,0.5102880658436214,176.0,0.9764775647361138,0.0,SV,worst
0.9124332872109112,6,7.812858565657326,balanced,,,0.05898434807735454,rbf,0.9124332872109112,0.27967479674796747,0.9673008323424495,0.9995904157280361,0.9831805821331453,4883.0,0.8461538461538461,0.0625,0.1164021164021164,176.0,0.966989523621269,0.0,SV,worst
0.904328918758648,6,2.7792199639816078,balanced,,,0.045162787603206085,rbf,0.904328918758648,0.29239766081871343,0.9652105159122356,1.0,0.9822973244819956,4883.0,0.0,0.0,0.0,176.0,0.9652105159122356,1.0,SV,worst
0.9031429136192923,5,2.1001636017820013,balanced,,,0.06234021075395583,rbf,0.9031429136192923,0.28152492668621704,0.9652105159122356,1.0,0.9822973244819956,4883.0,0.0,0.0,0.0,176.0,0.9652105159122356,1.0,SV,worst
0.9015615734334849,7,5.1390938507798944,balanced,,,0.02714407231729551,rbf,0.9015615734334849,0.2824207492795389,0.9767814251401121,0.9993856235920541,0.9879542463812127,4883.0,0.9523809523809523,0.3409090909090909,0.502092050209205,176.0,0.9764775647361138,0.0,SV,worst
0.8916781972721882,5,0.021350560632550253,balanced,,,,linear,0.8916781972721882,0.26541554959785524,0.9652105159122356,1.0,0.9822973244819956,4883.0,0.0,0.0,0.0,176.0,0.9652105159122356,1.0,SV,worst
0.8770508005534691,5,0.002687987522804392,balanced,,,,linear,0.8770508005534691,0.24146341463414633,0.9825158946412352,0.8861355723940201,0.9318402067406052,4883.0,0.15114503816793892,0.5625,0.23826714801444043,176.0,0.8748764577979838,0.0,SV,worst
0.8748764577979838,5,0.0020461000091205163,balanced,,,,linear,0.8748764577979838,0.23826714801444043,0.9763763763763764,0.9987712471841081,0.9874468515893906,4883.0,0.90625,0.32954545454545453,0.48333333333333334,176.0,0.9754892271199842,0.0,SV,worst
,1,0.006018799119661271,,,,,linear,0.9652105159122356,0.0,0.967109173766594,0.9995904157280361,0.9830815709969789,4883.0,0.8333333333333334,0.056818181818181816,0.10638297872340426,176.0,0.9667918560980431,0.0,SV,worst
