value,duration,params_max_depth,params_max_features,params_max_samples,params_min_samples_leaf,params_min_samples_split,params_n_estimators,user_attrs_ACC,user_attrs_WF1,notUsed_precision,notUsed_recall,notUsed_f1-score,notUsed_support,Used_precision,Used_recall,Used_f1-score,Used_support,accuracy,zeroPreds,model,option
0.9776635698754694,35,40,log2,0.8757832735026699,1,4,400,0.9776635698754694,0.5349794238683128,0.9777644230769231,0.9995904157280361,0.9885569620253165,4883.0,0.9701492537313433,0.3693181818181818,0.5349794238683128,176.0,0.9776635698754694,0.0,RF,worst
0.9774659023522435,76,20,log2,0.8938442311735998,1,2,950,0.9774659023522435,0.5289256198347108,0.9775685960344482,0.9995904157280361,0.988456865127582,4883.0,0.9696969696969697,0.36363636363636365,0.5289256198347108,176.0,0.9774659023522435,0.0,RF,worst
0.9774659023522435,66,20,log2,0.9124172999027169,1,2,850,0.9774659023522435,0.5289256198347108,0.9775685960344482,0.9995904157280361,0.988456865127582,4883.0,0.9696969696969697,0.36363636363636365,0.5289256198347108,176.0,0.9774659023522435,0.0,RF,worst
0.9774659023522435,56,20,log2,0.8646277397194848,1,2,650,0.9774659023522435,0.5289256198347108,0.9775685960344482,0.9995904157280361,0.988456865127582,4883.0,0.9696969696969697,0.36363636363636365,0.5289256198347108,176.0,0.9774659023522435,0.0,RF,worst
0.9774659023522435,56,20,log2,0.8221224751257192,1,2,800,0.9774659023522435,0.5289256198347108,0.9775685960344482,0.9995904157280361,0.988456865127582,4883.0,0.9696969696969697,0.36363636363636365,0.5289256198347108,176.0,0.9774659023522435,0.0,RF,worst
0.9774659023522435,68,20,log2,0.9100884429599514,1,2,900,0.9774659023522435,0.5289256198347108,0.9775685960344482,0.9995904157280361,0.988456865127582,4883.0,0.9696969696969697,0.36363636363636365,0.5289256198347108,176.0,0.9774659023522435,0.0,RF,worst
0.9772682348290176,21,25,log2,0.8967684457838803,1,3,250,0.9772682348290176,0.5267489711934157,0.9775641025641025,0.9993856235920541,0.9883544303797468,4883.0,0.9552238805970149,0.36363636363636365,0.5267489711934157,176.0,0.9772682348290176,0.0,RF,worst
0.9772682348290176,65,20,log2,0.8183049220714183,1,2,900,0.9772682348290176,0.5228215767634855,0.9773728474169002,0.9995904157280361,0.9883567884985319,4883.0,0.9692307692307692,0.35795454545454547,0.5228215767634855,176.0,0.9772682348290176,0.0,RF,worst
0.9772682348290176,66,20,log2,0.8246168501251945,1,2,900,0.9772682348290176,0.5228215767634855,0.9773728474169002,0.9995904157280361,0.9883567884985319,4883.0,0.9692307692307692,0.35795454545454547,0.5228215767634855,176.0,0.9772682348290176,0.0,RF,worst
0.9772682348290176,68,20,log2,0.8245189617190622,1,2,950,0.9772682348290176,0.5228215767634855,0.9773728474169002,0.9995904157280361,0.9883567884985319,4883.0,0.9692307692307692,0.35795454545454547,0.5228215767634855,176.0,0.9772682348290176,0.0,RF,worst
0.9772682348290176,34,40,log2,0.8776895427460564,1,4,400,0.9772682348290176,0.5228215767634855,0.9773728474169002,0.9995904157280361,0.9883567884985319,4883.0,0.9692307692307692,0.35795454545454547,0.5228215767634855,176.0,0.9772682348290176,0.0,RF,worst
0.9772682348290176,41,40,log2,0.8527792938346211,1,4,500,0.9772682348290176,0.5228215767634855,0.9773728474169002,0.9995904157280361,0.9883567884985319,4883.0,0.9692307692307692,0.35795454545454547,0.5228215767634855,176.0,0.9772682348290176,0.0,RF,worst
0.9772682348290176,77,20,log2,0.8778452170622172,1,2,950,0.9772682348290176,0.5228215767634855,0.9773728474169002,0.9995904157280361,0.9883567884985319,4883.0,0.9692307692307692,0.35795454545454547,0.5228215767634855,176.0,0.9772682348290176,0.0,RF,worst
0.9772682348290176,26,30,log2,0.9279898722878422,1,7,300,0.9772682348290176,0.5228215767634855,0.9773728474169002,0.9995904157280361,0.9883567884985319,4883.0,0.9692307692307692,0.35795454545454547,0.5228215767634855,176.0,0.9772682348290176,0.0,RF,worst
0.9772682348290176,74,20,sqrt,0.8736582558566816,1,2,600,0.9772682348290176,0.5228215767634855,0.9773728474169002,0.9995904157280361,0.9883567884985319,4883.0,0.9692307692307692,0.35795454545454547,0.5228215767634855,176.0,0.9772682348290176,0.0,RF,worst
0.9772682348290176,83,45,log2,0.8641790147022657,1,4,900,0.9772682348290176,0.5228215767634855,0.9773728474169002,0.9995904157280361,0.9883567884985319,4883.0,0.9692307692307692,0.35795454545454547,0.5228215767634855,176.0,0.9772682348290176,0.0,RF,worst
0.9772682348290176,47,40,log2,0.8760946047319089,1,4,500,0.9772682348290176,0.5267489711934157,0.9775641025641025,0.9993856235920541,0.9883544303797468,4883.0,0.9552238805970149,0.36363636363636365,0.5267489711934157,176.0,0.9772682348290176,0.0,RF,worst
0.9772682348290176,54,20,log2,0.918241405941298,1,4,700,0.9772682348290176,0.5228215767634855,0.9773728474169002,0.9995904157280361,0.9883567884985319,4883.0,0.9692307692307692,0.35795454545454547,0.5228215767634855,176.0,0.9772682348290176,0.0,RF,worst
0.9772682348290176,54,20,log2,0.7973623291325095,1,2,800,0.9772682348290176,0.5228215767634855,0.9773728474169002,0.9995904157280361,0.9883567884985319,4883.0,0.9692307692307692,0.35795454545454547,0.5228215767634855,176.0,0.9772682348290176,0.0,RF,worst
0.9772682348290176,65,20,log2,0.8243237086231828,1,2,850,0.9772682348290176,0.5228215767634855,0.9773728474169002,0.9995904157280361,0.9883567884985319,4883.0,0.9692307692307692,0.35795454545454547,0.5228215767634855,176.0,0.9772682348290176,0.0,RF,worst
0.9772682348290176,54,20,log2,0.8205718001603894,1,4,750,0.9772682348290176,0.5228215767634855,0.9773728474169002,0.9995904157280361,0.9883567884985319,4883.0,0.9692307692307692,0.35795454545454547,0.5228215767634855,176.0,0.9772682348290176,0.0,RF,worst
0.9772682348290176,27,20,log2,0.7795861038203048,1,2,400,0.9772682348290176,0.5228215767634855,0.9773728474169002,0.9995904157280361,0.9883567884985319,4883.0,0.9692307692307692,0.35795454545454547,0.5228215767634855,176.0,0.9772682348290176,0.0,RF,worst
0.9772682348290176,63,20,log2,0.942928369851242,1,3,850,0.9772682348290176,0.5228215767634855,0.9773728474169002,0.9995904157280361,0.9883567884985319,4883.0,0.9692307692307692,0.35795454545454547,0.5228215767634855,176.0,0.9772682348290176,0.0,RF,worst
0.9772682348290176,63,20,log2,0.822864713250581,1,2,850,0.9772682348290176,0.5228215767634855,0.9773728474169002,0.9995904157280361,0.9883567884985319,4883.0,0.9692307692307692,0.35795454545454547,0.5228215767634855,176.0,0.9772682348290176,0.0,RF,worst
0.9770705673057917,106,20,log2,0.8133697322622772,1,2,900,0.9770705673057917,0.5166666666666667,0.9771771771771772,0.9995904157280361,0.9882567321320105,4883.0,0.96875,0.3522727272727273,0.5166666666666667,176.0,0.9770705673057917,0.0,RF,worst
0.9770705673057917,72,20,log2,0.8379839973483306,1,2,950,0.9770705673057917,0.5166666666666667,0.9771771771771772,0.9995904157280361,0.9882567321320105,4883.0,0.96875,0.3522727272727273,0.5166666666666667,176.0,0.9770705673057917,0.0,RF,worst
0.9770705673057917,51,20,log2,0.8189884465244504,1,2,750,0.9770705673057917,0.5166666666666667,0.9771771771771772,0.9995904157280361,0.9882567321320105,4883.0,0.96875,0.3522727272727273,0.5166666666666667,176.0,0.9770705673057917,0.0,RF,worst
0.9770705673057917,34,40,log2,0.8706015304019458,1,6,400,0.9770705673057917,0.5166666666666667,0.9771771771771772,0.9995904157280361,0.9882567321320105,4883.0,0.96875,0.3522727272727273,0.5166666666666667,176.0,0.9770705673057917,0.0,RF,worst
0.9770705673057917,92,20,log2,0.8498955073577006,1,2,850,0.9770705673057917,0.5166666666666667,0.9771771771771772,0.9995904157280361,0.9882567321320105,4883.0,0.96875,0.3522727272727273,0.5166666666666667,176.0,0.9770705673057917,0.0,RF,worst
0.9770705673057917,26,20,log2,0.9235673025090196,1,3,350,0.9770705673057917,0.5166666666666667,0.9771771771771772,0.9995904157280361,0.9882567321320105,4883.0,0.96875,0.3522727272727273,0.5166666666666667,176.0,0.9770705673057917,0.0,RF,worst
0.9770705673057917,159,20,sqrt,0.9474429333576118,1,7,750,0.9770705673057917,0.5166666666666667,0.9771771771771772,0.9995904157280361,0.9882567321320105,4883.0,0.96875,0.3522727272727273,0.5166666666666667,176.0,0.9770705673057917,0.0,RF,worst
0.9770705673057917,68,25,log2,0.9178408651644213,1,4,800,0.9770705673057917,0.5166666666666667,0.9771771771771772,0.9995904157280361,0.9882567321320105,4883.0,0.96875,0.3522727272727273,0.5166666666666667,176.0,0.9770705673057917,0.0,RF,worst
0.9770705673057917,74,20,log2,0.8609194832207295,1,2,1000,0.9770705673057917,0.5166666666666667,0.9771771771771772,0.9995904157280361,0.9882567321320105,4883.0,0.96875,0.3522727272727273,0.5166666666666667,176.0,0.9770705673057917,0.0,RF,worst
0.9770705673057917,70,20,log2,0.8062944380661465,1,2,900,0.9770705673057917,0.5166666666666667,0.9771771771771772,0.9995904157280361,0.9882567321320105,4883.0,0.96875,0.3522727272727273,0.5166666666666667,176.0,0.9770705673057917,0.0,RF,worst
0.9768728997825658,50,20,log2,0.8491603140321761,1,2,650,0.9768728997825658,0.5104602510460251,0.9769815852682145,0.9995904157280361,0.9881566960218645,4883.0,0.9682539682539683,0.3465909090909091,0.5104602510460251,176.0,0.9768728997825658,0.0,RF,worst
0.9768728997825658,67,30,log2,0.739295724032447,1,4,800,0.9768728997825658,0.5104602510460251,0.9769815852682145,0.9995904157280361,0.9881566960218645,4883.0,0.9682539682539683,0.3465909090909091,0.5104602510460251,176.0,0.9768728997825658,0.0,RF,worst
0.9768728997825658,43,40,log2,0.8525909510652353,1,5,500,0.9768728997825658,0.5104602510460251,0.9769815852682145,0.9995904157280361,0.9881566960218645,4883.0,0.9682539682539683,0.3465909090909091,0.5104602510460251,176.0,0.9768728997825658,0.0,RF,worst
0.9768728997825658,49,20,log2,0.838261733781265,1,4,650,0.9768728997825658,0.5104602510460251,0.9769815852682145,0.9995904157280361,0.9881566960218645,4883.0,0.9682539682539683,0.3465909090909091,0.5104602510460251,176.0,0.9768728997825658,0.0,RF,worst
0.9768728997825658,70,20,log2,0.781468735888351,1,2,850,0.9768728997825658,0.5104602510460251,0.9769815852682145,0.9995904157280361,0.9881566960218645,4883.0,0.9682539682539683,0.3465909090909091,0.5104602510460251,176.0,0.9768728997825658,0.0,RF,worst
0.9768728997825658,121,20,log2,0.8159237139761656,1,3,950,0.9768728997825658,0.5104602510460251,0.9769815852682145,0.9995904157280361,0.9881566960218645,4883.0,0.9682539682539683,0.3465909090909091,0.5104602510460251,176.0,0.9768728997825658,0.0,RF,worst
0.9766752322593398,70,20,log2,0.8430583697710659,1,2,900,0.9766752322593398,0.5042016806722689,0.9767860716429858,0.9995904157280361,0.9880566801619434,4883.0,0.967741935483871,0.3409090909090909,0.5042016806722689,176.0,0.9766752322593398,0.0,RF,worst
0.9766752322593398,114,20,log2,0.7741510467574045,1,2,900,0.9766752322593398,0.5042016806722689,0.9767860716429858,0.9995904157280361,0.9880566801619434,4883.0,0.967741935483871,0.3409090909090909,0.5042016806722689,176.0,0.9766752322593398,0.0,RF,worst
0.9766752322593398,60,30,log2,0.7462292350518369,1,4,800,0.9766752322593398,0.5042016806722689,0.9767860716429858,0.9995904157280361,0.9880566801619434,4883.0,0.967741935483871,0.3409090909090909,0.5042016806722689,176.0,0.9766752322593398,0.0,RF,worst
0.9764775647361138,39,40,log2,0.9077260416946633,1,3,450,0.9764775647361138,0.5258964143426295,0.9779293739967897,0.9981568707761622,0.9879395966352488,4883.0,0.88,0.375,0.5258964143426295,176.0,0.9764775647361138,0.0,RF,worst
0.9764775647361138,108,20,sqrt,0.8788677241975524,2,2,950,0.9764775647361138,0.4978902953586498,0.9765906362545018,0.9995904157280361,0.9879566845460985,4883.0,0.9672131147540983,0.3352272727272727,0.4978902953586498,176.0,0.9764775647361138,0.0,RF,worst
0.9764775647361138,59,20,log2,0.7946917958784525,1,5,850,0.9764775647361138,0.4978902953586498,0.9765906362545018,0.9995904157280361,0.9879566845460985,4883.0,0.9672131147540983,0.3352272727272727,0.4978902953586498,176.0,0.9764775647361138,0.0,RF,worst
0.9764775647361138,75,20,sqrt,0.8286443488661336,1,10,700,0.9764775647361138,0.49361702127659574,0.9764,0.999795207864018,0.9879591217241728,4883.0,0.9830508474576272,0.32954545454545453,0.49361702127659574,176.0,0.9764775647361138,0.0,RF,worst
0.9762798972128879,94,45,sqrt,0.8677949042130068,3,3,650,0.9762798972128879,0.48717948717948717,0.9762047590481904,0.999795207864018,0.9878591663294213,4883.0,0.9827586206896551,0.32386363636363635,0.48717948717948717,176.0,0.9762798972128879,0.0,RF,worst
0.9762798972128879,58,50,log2,0.8620048942567877,2,3,700,0.9762798972128879,0.4915254237288136,0.9763952790558111,0.9995904157280361,0.9878567091681846,4883.0,0.9666666666666667,0.32954545454545453,0.4915254237288136,176.0,0.9762798972128879,0.0,RF,worst
0.9762798972128879,62,30,log2,0.6960336037883194,1,6,900,0.9762798972128879,0.4915254237288136,0.9763952790558111,0.9995904157280361,0.9878567091681846,4883.0,0.9666666666666667,0.32954545454545453,0.4915254237288136,176.0,0.9762798972128879,0.0,RF,worst
0.9762798972128879,96,20,sqrt,0.78183870368298,3,2,950,0.9762798972128879,0.48717948717948717,0.9762047590481904,0.999795207864018,0.9878591663294213,4883.0,0.9827586206896551,0.32386363636363635,0.48717948717948717,176.0,0.9762798972128879,0.0,RF,worst
0.9762798972128879,68,40,log2,0.9737542672227124,2,3,750,0.9762798972128879,0.4915254237288136,0.9763952790558111,0.9995904157280361,0.9878567091681846,4883.0,0.9666666666666667,0.32954545454545453,0.4915254237288136,176.0,0.9762798972128879,0.0,RF,worst
0.9762798972128879,69,30,log2,0.9481048246366808,2,3,800,0.9762798972128879,0.4915254237288136,0.9763952790558111,0.9995904157280361,0.9878567091681846,4883.0,0.9666666666666667,0.32954545454545453,0.4915254237288136,176.0,0.9762798972128879,0.0,RF,worst
0.9762798972128879,85,50,log2,0.9355462812668822,1,3,800,0.9762798972128879,0.52,0.9777331995987963,0.9981568707761622,0.9878394811511958,4883.0,0.8783783783783784,0.3693181818181818,0.52,176.0,0.9762798972128879,0.0,RF,worst
0.976082229689662,67,20,log2,0.7997442021932734,1,9,950,0.976082229689662,0.48068669527896996,0.9760095961615354,0.999795207864018,0.9877592311583206,4883.0,0.9824561403508771,0.3181818181818182,0.48068669527896996,176.0,0.976082229689662,0.0,RF,worst
0.976082229689662,71,15,log2,0.9613965916013704,2,2,1000,0.976082229689662,0.48068669527896996,0.9760095961615354,0.999795207864018,0.9877592311583206,4883.0,0.9824561403508771,0.3181818181818182,0.48068669527896996,176.0,0.976082229689662,0.0,RF,worst
0.976082229689662,77,20,log2,0.8565278514391594,2,3,900,0.976082229689662,0.4851063829787234,0.9762,0.9995904157280361,0.9877567540220581,4883.0,0.9661016949152542,0.32386363636363635,0.4851063829787234,176.0,0.976082229689662,0.0,RF,worst
0.976082229689662,65,20,log2,0.8318241278266546,2,2,950,0.976082229689662,0.48068669527896996,0.9760095961615354,0.999795207864018,0.9877592311583206,4883.0,0.9824561403508771,0.3181818181818182,0.48068669527896996,176.0,0.976082229689662,0.0,RF,worst
0.976082229689662,61,50,log2,0.810346026509432,1,2,800,0.976082229689662,0.5217391304347826,0.9779205138498595,0.9977472865041982,0.9877344145970604,4883.0,0.8571428571428571,0.375,0.5217391304347826,176.0,0.976082229689662,0.0,RF,worst
0.976082229689662,41,15,log2,0.7927363780864153,1,4,700,0.976082229689662,0.48068669527896996,0.9760095961615354,0.999795207864018,0.9877592311583206,4883.0,0.9824561403508771,0.3181818181818182,0.48068669527896996,176.0,0.976082229689662,0.0,RF,worst
0.976082229689662,74,40,log2,0.8308602102391067,2,2,950,0.976082229689662,0.4851063829787234,0.9762,0.9995904157280361,0.9877567540220581,4883.0,0.9661016949152542,0.32386363636363635,0.4851063829787234,176.0,0.976082229689662,0.0,RF,worst
0.976082229689662,73,20,log2,0.8642451788294441,2,5,1000,0.976082229689662,0.48068669527896996,0.9760095961615354,0.999795207864018,0.9877592311583206,4883.0,0.9824561403508771,0.3181818181818182,0.48068669527896996,176.0,0.976082229689662,0.0,RF,worst
0.976082229689662,103,20,sqrt,0.8436861422891008,2,3,950,0.976082229689662,0.4851063829787234,0.9762,0.9995904157280361,0.9877567540220581,4883.0,0.9661016949152542,0.32386363636363635,0.4851063829787234,176.0,0.976082229689662,0.0,RF,worst
0.976082229689662,64,40,log2,0.9789969150560741,1,2,700,0.976082229689662,0.5254901960784314,0.9781124497991968,0.9975424943682163,0.9877319274054547,4883.0,0.8481012658227848,0.3806818181818182,0.5254901960784314,176.0,0.976082229689662,0.0,RF,worst
0.975884562166436,70,20,log2,0.6157066814777361,2,2,1000,0.975884562166436,0.47413793103448276,0.975814511293224,0.999795207864018,0.987659316204734,4883.0,0.9821428571428571,0.3125,0.47413793103448276,176.0,0.975884562166436,0.0,RF,worst
0.975884562166436,67,35,log2,0.880685382509466,2,2,850,0.975884562166436,0.47863247863247865,0.976004799040192,0.9995904157280361,0.9876568191015783,4883.0,0.9655172413793104,0.3181818181818182,0.47863247863247865,176.0,0.975884562166436,0.0,RF,worst
0.975884562166436,100,50,log2,0.8620589227272707,3,2,850,0.975884562166436,0.47413793103448276,0.975814511293224,0.999795207864018,0.987659316204734,4883.0,0.9821428571428571,0.3125,0.47413793103448276,176.0,0.975884562166436,0.0,RF,worst
0.975884562166436,51,45,log2,0.8931205388055742,2,5,600,0.975884562166436,0.47863247863247865,0.976004799040192,0.9995904157280361,0.9876568191015783,4883.0,0.9655172413793104,0.3181818181818182,0.47863247863247865,176.0,0.975884562166436,0.0,RF,worst
0.975884562166436,45,40,log2,0.8858734704986724,1,2,500,0.975884562166436,0.5196850393700787,0.9779160811082112,0.9975424943682163,0.9876317923763179,4883.0,0.8461538461538461,0.375,0.5196850393700787,176.0,0.975884562166436,0.0,RF,worst
0.975884562166436,61,20,log2,0.7910465154128509,2,5,850,0.975884562166436,0.47413793103448276,0.975814511293224,0.999795207864018,0.987659316204734,4883.0,0.9821428571428571,0.3125,0.47413793103448276,176.0,0.975884562166436,0.0,RF,worst
0.975884562166436,65,20,log2,0.9319636746756541,2,2,850,0.975884562166436,0.47863247863247865,0.976004799040192,0.9995904157280361,0.9876568191015783,4883.0,0.9655172413793104,0.3181818181818182,0.47863247863247865,176.0,0.975884562166436,0.0,RF,worst
0.975884562166436,119,20,log2,0.8369139942179588,2,3,1000,0.975884562166436,0.47863247863247865,0.976004799040192,0.9995904157280361,0.9876568191015783,4883.0,0.9655172413793104,0.3181818181818182,0.47863247863247865,176.0,0.975884562166436,0.0,RF,worst
0.975884562166436,53,30,log2,0.7578589611904353,2,3,750,0.975884562166436,0.47863247863247865,0.976004799040192,0.9995904157280361,0.9876568191015783,4883.0,0.9655172413793104,0.3181818181818182,0.47863247863247865,176.0,0.975884562166436,0.0,RF,worst
0.975884562166436,63,20,log2,0.910166200324617,3,5,800,0.975884562166436,0.47413793103448276,0.975814511293224,0.999795207864018,0.987659316204734,4883.0,0.9821428571428571,0.3125,0.47413793103448276,176.0,0.975884562166436,0.0,RF,worst
0.975884562166436,59,20,log2,0.9359999581654471,2,3,750,0.975884562166436,0.47863247863247865,0.976004799040192,0.9995904157280361,0.9876568191015783,4883.0,0.9655172413793104,0.3181818181818182,0.47863247863247865,176.0,0.975884562166436,0.0,RF,worst
0.975884562166436,40,20,log2,0.8054315995609266,2,2,550,0.975884562166436,0.47863247863247865,0.976004799040192,0.9995904157280361,0.9876568191015783,4883.0,0.9655172413793104,0.3181818181818182,0.47863247863247865,176.0,0.975884562166436,0.0,RF,worst
0.975884562166436,52,15,log2,0.8161939435883031,2,3,800,0.975884562166436,0.47413793103448276,0.975814511293224,0.999795207864018,0.987659316204734,4883.0,0.9821428571428571,0.3125,0.47413793103448276,176.0,0.975884562166436,0.0,RF,worst
0.9756868946432101,75,35,log2,0.758538482072334,3,2,950,0.9756868946432101,0.4675324675324675,0.9756195043964828,0.999795207864018,0.9875594214625265,4883.0,0.9818181818181818,0.3068181818181818,0.4675324675324675,176.0,0.9756868946432101,0.0,RF,worst
0.9756868946432101,59,35,sqrt,0.913657680317866,7,9,450,0.9756868946432101,0.4675324675324675,0.9756195043964828,0.999795207864018,0.9875594214625265,4883.0,0.9818181818181818,0.3068181818181818,0.4675324675324675,176.0,0.9756868946432101,0.0,RF,worst
0.9756868946432101,18,45,log2,0.996462682308279,3,3,200,0.9756868946432101,0.4675324675324675,0.9756195043964828,0.999795207864018,0.9875594214625265,4883.0,0.9818181818181818,0.3068181818181818,0.4675324675324675,176.0,0.9756868946432101,0.0,RF,worst
0.9754892271199842,29,45,log2,0.8902676329778664,3,5,350,0.9754892271199842,0.4608695652173913,0.9754245754245754,0.999795207864018,0.9874595469255664,4883.0,0.9814814814814815,0.30113636363636365,0.4608695652173913,176.0,0.9754892271199842,0.0,RF,worst
0.9752915595967583,109,20,sqrt,0.8867294980498794,8,3,950,0.9752915595967583,0.45414847161572053,0.975229724330803,0.999795207864018,0.9873596925877237,4883.0,0.9811320754716981,0.29545454545454547,0.45414847161572053,176.0,0.9752915595967583,0.0,RF,worst
0.9752915595967583,80,35,log2,0.8940656977379045,4,3,1000,0.9752915595967583,0.45414847161572053,0.975229724330803,0.999795207864018,0.9873596925877237,4883.0,0.9811320754716981,0.29545454545454547,0.45414847161572053,176.0,0.9752915595967583,0.0,RF,worst
0.9752915595967583,41,50,log2,0.7091330113716939,3,8,650,0.9752915595967583,0.45414847161572053,0.975229724330803,0.999795207864018,0.9873596925877237,4883.0,0.9811320754716981,0.29545454545454547,0.45414847161572053,176.0,0.9752915595967583,0.0,RF,worst
0.9752915595967583,79,20,sqrt,0.9528683421004609,9,2,650,0.9752915595967583,0.45414847161572053,0.975229724330803,0.999795207864018,0.9873596925877237,4883.0,0.9811320754716981,0.29545454545454547,0.45414847161572053,176.0,0.9752915595967583,0.0,RF,worst
0.9752915595967583,31,40,log2,0.8853537046901966,4,2,400,0.9752915595967583,0.45414847161572053,0.975229724330803,0.999795207864018,0.9873596925877237,4883.0,0.9811320754716981,0.29545454545454547,0.45414847161572053,176.0,0.9752915595967583,0.0,RF,worst
0.9752915595967583,33,20,log2,0.9199623609193736,4,4,450,0.9752915595967583,0.45414847161572053,0.975229724330803,0.999795207864018,0.9873596925877237,4883.0,0.9811320754716981,0.29545454545454547,0.45414847161572053,176.0,0.9752915595967583,0.0,RF,worst
0.9752915595967583,24,10,log2,0.8852153689602666,1,2,550,0.9752915595967583,0.45414847161572053,0.975229724330803,0.999795207864018,0.9873596925877237,4883.0,0.9811320754716981,0.29545454545454547,0.45414847161572053,176.0,0.9752915595967583,0.0,RF,worst
0.9750938920735324,71,50,sqrt,0.6081635386863006,6,9,850,0.9750938920735324,0.4473684210526316,0.9750349510685041,0.999795207864018,0.9872598584428716,4883.0,0.9807692307692307,0.2897727272727273,0.4473684210526316,176.0,0.9750938920735324,0.0,RF,worst
0.9750938920735324,25,25,sqrt,0.6335451352209444,7,7,300,0.9750938920735324,0.4473684210526316,0.9750349510685041,0.999795207864018,0.9872598584428716,4883.0,0.9807692307692307,0.2897727272727273,0.4473684210526316,176.0,0.9750938920735324,0.0,RF,worst
0.9750938920735324,58,25,log2,0.7227522274752203,4,2,900,0.9750938920735324,0.4473684210526316,0.9750349510685041,0.999795207864018,0.9872598584428716,4883.0,0.9807692307692307,0.2897727272727273,0.4473684210526316,176.0,0.9750938920735324,0.0,RF,worst
0.9750938920735324,52,15,log2,0.8162925962523145,5,2,900,0.9750938920735324,0.4473684210526316,0.9750349510685041,0.999795207864018,0.9872598584428716,4883.0,0.9807692307692307,0.2897727272727273,0.4473684210526316,176.0,0.9750938920735324,0.0,RF,worst
0.9748962245503063,40,10,log2,0.7664882774859739,3,4,1000,0.9748962245503063,0.44052863436123346,0.9748402555910544,0.999795207864018,0.9871600444848853,4883.0,0.9803921568627451,0.2840909090909091,0.44052863436123346,176.0,0.9748962245503063,0.0,RF,worst
0.9748962245503063,26,10,log2,0.921495998285101,2,5,550,0.9748962245503063,0.44052863436123346,0.9748402555910544,0.999795207864018,0.9871600444848853,4883.0,0.9803921568627451,0.2840909090909091,0.44052863436123346,176.0,0.9748962245503063,0.0,RF,worst
0.9746985570270804,27,10,log2,0.9020023867018969,2,2,600,0.9746985570270804,0.4336283185840708,0.9746456378518666,0.999795207864018,0.9870602507076426,4883.0,0.98,0.2784090909090909,0.4336283185840708,176.0,0.9746985570270804,0.0,RF,worst
0.9745008895038545,33,10,log2,0.903921815382831,2,3,750,0.9745008895038545,0.4266666666666667,0.9744510978043912,0.999795207864018,0.9869604771050238,4883.0,0.9795918367346939,0.2727272727272727,0.4266666666666667,176.0,0.9745008895038545,0.0,RF,worst
0.9745008895038545,28,35,log2,0.672997579858229,5,4,450,0.9745008895038545,0.4266666666666667,0.9744510978043912,0.999795207864018,0.9869604771050238,4883.0,0.9795918367346939,0.2727272727272727,0.4266666666666667,176.0,0.9745008895038545,0.0,RF,worst
0.9743032219806286,37,15,sqrt,0.6629508078680163,9,8,550,0.9743032219806286,0.41964285714285715,0.9742566354021154,0.999795207864018,0.9868607236709117,4883.0,0.9791666666666666,0.26704545454545453,0.41964285714285715,176.0,0.9743032219806286,0.0,RF,worst
0.9741055544574027,71,25,log2,0.7915649192685071,7,2,900,0.9741055544574027,0.4125560538116592,0.9740622505985634,0.999795207864018,0.9867609903991915,4883.0,0.9787234042553191,0.26136363636363635,0.4125560538116592,176.0,0.9741055544574027,0.0,RF,worst
0.9741055544574027,39,50,log2,0.8521885001774276,8,6,550,0.9741055544574027,0.4125560538116592,0.9740622505985634,0.999795207864018,0.9867609903991915,4883.0,0.9787234042553191,0.26136363636363635,0.4125560538116592,176.0,0.9741055544574027,0.0,RF,worst
0.9739078869341767,109,20,log2,0.8986724292020687,8,3,1000,0.9739078869341767,0.40540540540540543,0.973867943347297,0.999795207864018,0.986661277283751,4883.0,0.9782608695652174,0.2556818181818182,0.40540540540540543,176.0,0.9739078869341767,0.0,RF,worst
0.9737102194109508,42,35,log2,0.8460598746785085,10,6,600,0.9737102194109508,0.39819004524886875,0.9736737136019147,0.999795207864018,0.9865615843184804,4883.0,0.9777777777777777,0.25,0.39819004524886875,176.0,0.9737102194109508,0.0,RF,worst
0.9737102194109508,55,20,log2,0.8328765286706825,9,4,900,0.9737102194109508,0.39819004524886875,0.9736737136019147,0.999795207864018,0.9865615843184804,4883.0,0.9777777777777777,0.25,0.39819004524886875,176.0,0.9737102194109508,0.0,RF,worst
0.9735125518877249,24,40,log2,0.8261720523000925,10,6,350,0.9735125518877249,0.39090909090909093,0.9734795613160518,0.999795207864018,0.9864619114972721,4883.0,0.9772727272727273,0.24431818181818182,0.39090909090909093,176.0,0.9735125518877249,0.0,RF,worst
0.9727218817948211,36,5,sqrt,0.8313232381317269,2,10,700,0.9727218817948211,0.3611111111111111,0.9727037258418012,0.999795207864018,0.9860634215310038,4883.0,0.975,0.2215909090909091,0.3611111111111111,176.0,0.9727218817948211,0.0,RF,worst
0.9723265467483693,8,5,sqrt,0.6474421225178799,6,8,300,0.9723265467483693,0.34579439252336447,0.9723162716590321,0.999795207864018,0.9858642972536349,4883.0,0.9736842105263158,0.21022727272727273,0.34579439252336447,176.0,0.9723265467483693,0.0,RF,worst
0.9715358766554655,5,5,log2,0.8082263659922712,5,3,200,0.9715358766554655,0.3142857142857143,0.9715422885572139,0.999795207864018,0.9854662898667743,4883.0,0.9705882352941176,0.1875,0.3142857142857143,176.0,0.9715358766554655,0.0,RF,worst
0.9715358766554655,23,5,log2,0.9102780591287962,2,3,900,0.9715358766554655,0.3142857142857143,0.9715422885572139,0.999795207864018,0.9854662898667743,4883.0,0.9705882352941176,0.1875,0.3142857142857143,176.0,0.9715358766554655,0.0,RF,worst
0.9715358766554655,22,5,log2,0.9759677835478419,6,7,850,0.9715358766554655,0.3142857142857143,0.9715422885572139,0.999795207864018,0.9854662898667743,4883.0,0.9705882352941176,0.1875,0.3142857142857143,176.0,0.9715358766554655,0.0,RF,worst
0.9715358766554655,7,5,log2,0.8420562520255528,1,3,350,0.9715358766554655,0.3142857142857143,0.9715422885572139,0.999795207864018,0.9854662898667743,4883.0,0.9705882352941176,0.1875,0.3142857142857143,176.0,0.9715358766554655,0.0,RF,worst
