value,duration,params_C,params_class_weight,params_penalty,user_attrs_ACC,user_attrs_WF1,notUsed_precision,notUsed_recall,notUsed_f1-score,notUsed_support,Used_precision,Used_recall,Used_f1-score,Used_support,accuracy,zeroPreds,model,option
0.9782565724451473,20,23.83916984021866,,l2,0.9782565724451473,0.5864661654135338,0.9802777218756289,0.9975424943682163,0.988834754364596,4883.0,0.8666666666666667,0.4431818181818182,0.5864661654135338,176.0,0.9782565724451473,0.0,LR,best
0.9782565724451473,20,21.124863438433678,,l2,0.9782565724451473,0.5864661654135338,0.9802777218756289,0.9975424943682163,0.988834754364596,4883.0,0.8666666666666667,0.4431818181818182,0.5864661654135338,176.0,0.9782565724451473,0.0,LR,best
0.9782565724451473,20,21.39654499776155,,l2,0.9782565724451473,0.5864661654135338,0.9802777218756289,0.9975424943682163,0.988834754364596,4883.0,0.8666666666666667,0.4431818181818182,0.5864661654135338,176.0,0.9782565724451473,0.0,LR,best
0.9782565724451473,20,22.53928837215479,,l2,0.9782565724451473,0.5864661654135338,0.9802777218756289,0.9975424943682163,0.988834754364596,4883.0,0.8666666666666667,0.4431818181818182,0.5864661654135338,176.0,0.9782565724451473,0.0,LR,best
0.9782565724451473,20,25.059171891245082,,l2,0.9782565724451473,0.5864661654135338,0.9802777218756289,0.9975424943682163,0.988834754364596,4883.0,0.8666666666666667,0.4431818181818182,0.5864661654135338,176.0,0.9782565724451473,0.0,LR,best
0.9782565724451473,20,25.9943829919863,,l2,0.9782565724451473,0.5864661654135338,0.9802777218756289,0.9975424943682163,0.988834754364596,4883.0,0.8666666666666667,0.4431818181818182,0.5864661654135338,176.0,0.9782565724451473,0.0,LR,best
0.9782565724451473,19,18.724168631870352,,l2,0.9782565724451473,0.5864661654135338,0.9802777218756289,0.9975424943682163,0.988834754364596,4883.0,0.8666666666666667,0.4431818181818182,0.5864661654135338,176.0,0.9782565724451473,0.0,LR,best
0.9782565724451473,20,23.71581622400611,,l2,0.9782565724451473,0.5864661654135338,0.9802777218756289,0.9975424943682163,0.988834754364596,4883.0,0.8666666666666667,0.4431818181818182,0.5864661654135338,176.0,0.9782565724451473,0.0,LR,best
0.9782565724451473,20,22.919016359563212,,l2,0.9782565724451473,0.5864661654135338,0.9802777218756289,0.9975424943682163,0.988834754364596,4883.0,0.8666666666666667,0.4431818181818182,0.5864661654135338,176.0,0.9782565724451473,0.0,LR,best
0.9782565724451473,19,23.438186414184933,,l2,0.9782565724451473,0.5864661654135338,0.9802777218756289,0.9975424943682163,0.988834754364596,4883.0,0.8666666666666667,0.4431818181818182,0.5864661654135338,176.0,0.9782565724451473,0.0,LR,best
0.9782565724451473,19,23.55635000371621,,l2,0.9782565724451473,0.5864661654135338,0.9802777218756289,0.9975424943682163,0.988834754364596,4883.0,0.8666666666666667,0.4431818181818182,0.5864661654135338,176.0,0.9782565724451473,0.0,LR,best
0.9782565724451473,19,23.113200680651268,,l2,0.9782565724451473,0.5864661654135338,0.9802777218756289,0.9975424943682163,0.988834754364596,4883.0,0.8666666666666667,0.4431818181818182,0.5864661654135338,176.0,0.9782565724451473,0.0,LR,best
0.9782565724451473,20,22.658882631836626,,l2,0.9782565724451473,0.5864661654135338,0.9802777218756289,0.9975424943682163,0.988834754364596,4883.0,0.8666666666666667,0.4431818181818182,0.5864661654135338,176.0,0.9782565724451473,0.0,LR,best
0.9780589049219214,20,76.32072478670086,,l2,0.9780589049219214,0.5842696629213483,0.9802737520128825,0.9973377022322343,0.9887321084153893,4883.0,0.8571428571428571,0.4431818181818182,0.5842696629213483,176.0,0.9780589049219214,0.0,LR,best
0.9780589049219214,21,76.87882384295538,,l2,0.9780589049219214,0.5842696629213483,0.9802737520128825,0.9973377022322343,0.9887321084153893,4883.0,0.8571428571428571,0.4431818181818182,0.5842696629213483,176.0,0.9780589049219214,0.0,LR,best
0.9780589049219214,21,29.960918338033938,,l2,0.9780589049219214,0.5842696629213483,0.9802737520128825,0.9973377022322343,0.9887321084153893,4883.0,0.8571428571428571,0.4431818181818182,0.5842696629213483,176.0,0.9780589049219214,0.0,LR,best
0.9780589049219214,20,47.571969609475296,,l2,0.9780589049219214,0.5842696629213483,0.9802737520128825,0.9973377022322343,0.9887321084153893,4883.0,0.8571428571428571,0.4431818181818182,0.5842696629213483,176.0,0.9780589049219214,0.0,LR,best
0.9780589049219214,20,36.73020135441367,,l2,0.9780589049219214,0.5842696629213483,0.9802737520128825,0.9973377022322343,0.9887321084153893,4883.0,0.8571428571428571,0.4431818181818182,0.5842696629213483,176.0,0.9780589049219214,0.0,LR,best
0.9780589049219214,20,78.98207316209533,,l2,0.9780589049219214,0.5842696629213483,0.9802737520128825,0.9973377022322343,0.9887321084153893,4883.0,0.8571428571428571,0.4431818181818182,0.5842696629213483,176.0,0.9780589049219214,0.0,LR,best
0.9780589049219214,19,43.36748806702794,,l2,0.9780589049219214,0.5842696629213483,0.9802737520128825,0.9973377022322343,0.9887321084153893,4883.0,0.8571428571428571,0.4431818181818182,0.5842696629213483,176.0,0.9780589049219214,0.0,LR,best
0.9780589049219214,20,28.759134696632884,,l2,0.9780589049219214,0.5842696629213483,0.9802737520128825,0.9973377022322343,0.9887321084153893,4883.0,0.8571428571428571,0.4431818181818182,0.5842696629213483,176.0,0.9780589049219214,0.0,LR,best
0.9780589049219214,19,52.845364763993,,l2,0.9780589049219214,0.5842696629213483,0.9802737520128825,0.9973377022322343,0.9887321084153893,4883.0,0.8571428571428571,0.4431818181818182,0.5842696629213483,176.0,0.9780589049219214,0.0,LR,best
0.9780589049219214,20,57.06290095172851,,l2,0.9780589049219214,0.5842696629213483,0.9802737520128825,0.9973377022322343,0.9887321084153893,4883.0,0.8571428571428571,0.4431818181818182,0.5842696629213483,176.0,0.9780589049219214,0.0,LR,best
0.9780589049219214,25,4.149214797447666,,l1,0.9780589049219214,0.5842696629213483,0.9802737520128825,0.9973377022322343,0.9887321084153893,4883.0,0.8571428571428571,0.4431818181818182,0.5842696629213483,176.0,0.9780589049219214,0.0,LR,best
0.9780589049219214,20,43.92526535453876,,l2,0.9780589049219214,0.5842696629213483,0.9802737520128825,0.9973377022322343,0.9887321084153893,4883.0,0.8571428571428571,0.4431818181818182,0.5842696629213483,176.0,0.9780589049219214,0.0,LR,best
0.9780589049219214,20,70.03195721158309,,l2,0.9780589049219214,0.5842696629213483,0.9802737520128825,0.9973377022322343,0.9887321084153893,4883.0,0.8571428571428571,0.4431818181818182,0.5842696629213483,176.0,0.9780589049219214,0.0,LR,best
0.9780589049219214,20,34.450196429365064,,l2,0.9780589049219214,0.5842696629213483,0.9802737520128825,0.9973377022322343,0.9887321084153893,4883.0,0.8571428571428571,0.4431818181818182,0.5842696629213483,176.0,0.9780589049219214,0.0,LR,best
0.9780589049219214,20,41.17354935844057,,l2,0.9780589049219214,0.5842696629213483,0.9802737520128825,0.9973377022322343,0.9887321084153893,4883.0,0.8571428571428571,0.4431818181818182,0.5842696629213483,176.0,0.9780589049219214,0.0,LR,best
0.9780589049219214,19,39.478622712974826,,l2,0.9780589049219214,0.5842696629213483,0.9802737520128825,0.9973377022322343,0.9887321084153893,4883.0,0.8571428571428571,0.4431818181818182,0.5842696629213483,176.0,0.9780589049219214,0.0,LR,best
0.9780589049219214,19,16.74528196467693,,l2,0.9780589049219214,0.5811320754716981,0.9800804828973843,0.9975424943682163,0.9887343956155485,4883.0,0.8651685393258427,0.4375,0.5811320754716981,176.0,0.9780589049219214,0.0,LR,best
0.9780589049219214,20,31.15644370753578,,l2,0.9780589049219214,0.5842696629213483,0.9802737520128825,0.9973377022322343,0.9887321084153893,4883.0,0.8571428571428571,0.4431818181818182,0.5842696629213483,176.0,0.9780589049219214,0.0,LR,best
0.9780589049219214,20,30.265653288316056,,l2,0.9780589049219214,0.5842696629213483,0.9802737520128825,0.9973377022322343,0.9887321084153893,4883.0,0.8571428571428571,0.4431818181818182,0.5842696629213483,176.0,0.9780589049219214,0.0,LR,best
0.9780589049219214,20,32.0241721829079,,l2,0.9780589049219214,0.5842696629213483,0.9802737520128825,0.9973377022322343,0.9887321084153893,4883.0,0.8571428571428571,0.4431818181818182,0.5842696629213483,176.0,0.9780589049219214,0.0,LR,best
0.9780589049219214,19,75.31228627814139,,l2,0.9780589049219214,0.5842696629213483,0.9802737520128825,0.9973377022322343,0.9887321084153893,4883.0,0.8571428571428571,0.4431818181818182,0.5842696629213483,176.0,0.9780589049219214,0.0,LR,best
0.9780589049219214,20,32.984849845272954,,l2,0.9780589049219214,0.5842696629213483,0.9802737520128825,0.9973377022322343,0.9887321084153893,4883.0,0.8571428571428571,0.4431818181818182,0.5842696629213483,176.0,0.9780589049219214,0.0,LR,best
0.9780589049219214,20,57.97975651671484,,l2,0.9780589049219214,0.5842696629213483,0.9802737520128825,0.9973377022322343,0.9887321084153893,4883.0,0.8571428571428571,0.4431818181818182,0.5842696629213483,176.0,0.9780589049219214,0.0,LR,best
0.9780589049219214,19,17.0913371076635,,l2,0.9780589049219214,0.5811320754716981,0.9800804828973843,0.9975424943682163,0.9887343956155485,4883.0,0.8651685393258427,0.4375,0.5811320754716981,176.0,0.9780589049219214,0.0,LR,best
0.9778612373986953,17,9.673502489976391,,l2,0.9778612373986953,0.5789473684210527,0.9800764741396659,0.9973377022322343,0.9886317498984978,4883.0,0.8555555555555555,0.4375,0.5789473684210527,176.0,0.9778612373986953,0.0,LR,best
0.9778612373986953,17,11.66501239547075,,l2,0.9778612373986953,0.5789473684210527,0.9800764741396659,0.9973377022322343,0.9886317498984978,4883.0,0.8555555555555555,0.4375,0.5789473684210527,176.0,0.9778612373986953,0.0,LR,best
0.9778612373986953,24,7.10236992109647,,l1,0.9778612373986953,0.5789473684210527,0.9800764741396659,0.9973377022322343,0.9886317498984978,4883.0,0.8555555555555555,0.4375,0.5789473684210527,176.0,0.9778612373986953,0.0,LR,best
0.9778612373986953,20,1246.0052097241748,,l2,0.9778612373986953,0.5789473684210527,0.9800764741396659,0.9973377022322343,0.9886317498984978,4883.0,0.8555555555555555,0.4375,0.5789473684210527,176.0,0.9778612373986953,0.0,LR,best
0.9778612373986953,20,147.56942550616665,,l2,0.9778612373986953,0.5789473684210527,0.9800764741396659,0.9973377022322343,0.9886317498984978,4883.0,0.8555555555555555,0.4375,0.5789473684210527,176.0,0.9778612373986953,0.0,LR,best
0.9778612373986953,20,4979.888380519027,,l2,0.9778612373986953,0.5789473684210527,0.9800764741396659,0.9973377022322343,0.9886317498984978,4883.0,0.8555555555555555,0.4375,0.5789473684210527,176.0,0.9778612373986953,0.0,LR,best
0.9778612373986953,25,24.419355113995604,,l1,0.9778612373986953,0.5789473684210527,0.9800764741396659,0.9973377022322343,0.9886317498984978,4883.0,0.8555555555555555,0.4375,0.5789473684210527,176.0,0.9778612373986953,0.0,LR,best
0.9778612373986953,20,180.46771469813123,,l2,0.9778612373986953,0.5789473684210527,0.9800764741396659,0.9973377022322343,0.9886317498984978,4883.0,0.8555555555555555,0.4375,0.5789473684210527,176.0,0.9778612373986953,0.0,LR,best
0.9778612373986953,20,111.35892832259967,,l2,0.9778612373986953,0.5789473684210527,0.9800764741396659,0.9973377022322343,0.9886317498984978,4883.0,0.8555555555555555,0.4375,0.5789473684210527,176.0,0.9778612373986953,0.0,LR,best
0.9778612373986953,20,273.1966977501096,,l2,0.9778612373986953,0.5789473684210527,0.9800764741396659,0.9973377022322343,0.9886317498984978,4883.0,0.8555555555555555,0.4375,0.5789473684210527,176.0,0.9778612373986953,0.0,LR,best
0.9778612373986953,20,368.0614869560708,,l2,0.9778612373986953,0.5789473684210527,0.9800764741396659,0.9973377022322343,0.9886317498984978,4883.0,0.8555555555555555,0.4375,0.5789473684210527,176.0,0.9778612373986953,0.0,LR,best
0.9778612373986953,20,116.03684221174682,,l2,0.9778612373986953,0.5789473684210527,0.9800764741396659,0.9973377022322343,0.9886317498984978,4883.0,0.8555555555555555,0.4375,0.5789473684210527,176.0,0.9778612373986953,0.0,LR,best
0.9778612373986953,28,1055.9847132089058,,l1,0.9778612373986953,0.5789473684210527,0.9800764741396659,0.9973377022322343,0.9886317498984978,4883.0,0.8555555555555555,0.4375,0.5789473684210527,176.0,0.9778612373986953,0.0,LR,best
0.9778612373986953,17,9.749136885666497,,l2,0.9778612373986953,0.5789473684210527,0.9800764741396659,0.9973377022322343,0.9886317498984978,4883.0,0.8555555555555555,0.4375,0.5789473684210527,176.0,0.9778612373986953,0.0,LR,best
0.9778612373986953,20,222.09032689061718,,l2,0.9778612373986953,0.5789473684210527,0.9800764741396659,0.9973377022322343,0.9886317498984978,4883.0,0.8555555555555555,0.4375,0.5789473684210527,176.0,0.9778612373986953,0.0,LR,best
0.9778612373986953,16,10.023426580968932,,l2,0.9778612373986953,0.5789473684210527,0.9800764741396659,0.9973377022322343,0.9886317498984978,4883.0,0.8555555555555555,0.4375,0.5789473684210527,176.0,0.9778612373986953,0.0,LR,best
0.9778612373986953,23,215.1025486536629,,l2,0.9778612373986953,0.5789473684210527,0.9800764741396659,0.9973377022322343,0.9886317498984978,4883.0,0.8555555555555555,0.4375,0.5789473684210527,176.0,0.9778612373986953,0.0,LR,best
0.9778612373986953,20,114.29344285885941,,l2,0.9778612373986953,0.5789473684210527,0.9800764741396659,0.9973377022322343,0.9886317498984978,4883.0,0.8555555555555555,0.4375,0.5789473684210527,176.0,0.9778612373986953,0.0,LR,best
0.9778612373986953,20,159.50400298510806,,l2,0.9778612373986953,0.5789473684210527,0.9800764741396659,0.9973377022322343,0.9886317498984978,4883.0,0.8555555555555555,0.4375,0.5789473684210527,176.0,0.9778612373986953,0.0,LR,best
0.9778612373986953,16,6.586858080680267,,l2,0.9778612373986953,0.5789473684210527,0.9800764741396659,0.9973377022322343,0.9886317498984978,4883.0,0.8555555555555555,0.4375,0.5789473684210527,176.0,0.9778612373986953,0.0,LR,best
0.9778612373986953,19,304.01295232887867,,l2,0.9778612373986953,0.5789473684210527,0.9800764741396659,0.9973377022322343,0.9886317498984978,4883.0,0.8555555555555555,0.4375,0.5789473684210527,176.0,0.9778612373986953,0.0,LR,best
0.9778612373986953,16,7.319738204692064,,l2,0.9778612373986953,0.5789473684210527,0.9800764741396659,0.9973377022322343,0.9886317498984978,4883.0,0.8555555555555555,0.4375,0.5789473684210527,176.0,0.9778612373986953,0.0,LR,best
0.9778612373986953,19,1402.8011387873241,,l2,0.9778612373986953,0.5789473684210527,0.9800764741396659,0.9973377022322343,0.9886317498984978,4883.0,0.8555555555555555,0.4375,0.5789473684210527,176.0,0.9778612373986953,0.0,LR,best
0.9778612373986953,18,15.447139882434659,,l2,0.9778612373986953,0.5757575757575758,0.9798833232749949,0.9975424943682163,0.9886340572356404,4883.0,0.8636363636363636,0.4318181818181818,0.5757575757575758,176.0,0.9778612373986953,0.0,LR,best
0.9778612373986953,19,639.4813364195612,,l2,0.9778612373986953,0.5789473684210527,0.9800764741396659,0.9973377022322343,0.9886317498984978,4883.0,0.8555555555555555,0.4375,0.5789473684210527,176.0,0.9778612373986953,0.0,LR,best
0.9778612373986953,20,552.7403139061062,,l2,0.9778612373986953,0.5789473684210527,0.9800764741396659,0.9973377022322343,0.9886317498984978,4883.0,0.8555555555555555,0.4375,0.5789473684210527,176.0,0.9778612373986953,0.0,LR,best
0.9778612373986953,20,2469.536241860606,,l2,0.9778612373986953,0.5789473684210527,0.9800764741396659,0.9973377022322343,0.9886317498984978,4883.0,0.8555555555555555,0.4375,0.5789473684210527,176.0,0.9778612373986953,0.0,LR,best
0.9778612373986953,25,97.81983447900573,,l1,0.9778612373986953,0.5789473684210527,0.9800764741396659,0.9973377022322343,0.9886317498984978,4883.0,0.8555555555555555,0.4375,0.5789473684210527,176.0,0.9778612373986953,0.0,LR,best
0.9778612373986953,20,106.88468577462586,,l2,0.9778612373986953,0.5789473684210527,0.9800764741396659,0.9973377022322343,0.9886317498984978,4883.0,0.8555555555555555,0.4375,0.5789473684210527,176.0,0.9778612373986953,0.0,LR,best
0.9778612373986953,27,434.0336280411167,,l1,0.9778612373986953,0.5789473684210527,0.9800764741396659,0.9973377022322343,0.9886317498984978,4883.0,0.8555555555555555,0.4375,0.5789473684210527,176.0,0.9778612373986953,0.0,LR,best
0.9778612373986953,16,8.568219569021625,,l2,0.9778612373986953,0.5789473684210527,0.9800764741396659,0.9973377022322343,0.9886317498984978,4883.0,0.8555555555555555,0.4375,0.5789473684210527,176.0,0.9778612373986953,0.0,LR,best
0.9778612373986953,19,15.252519512171576,,l2,0.9778612373986953,0.5757575757575758,0.9798833232749949,0.9975424943682163,0.9886340572356404,4883.0,0.8636363636363636,0.4318181818181818,0.5757575757575758,176.0,0.9778612373986953,0.0,LR,best
0.9778612373986953,19,15.95000092674759,,l2,0.9778612373986953,0.5757575757575758,0.9798833232749949,0.9975424943682163,0.9886340572356404,4883.0,0.8636363636363636,0.4318181818181818,0.5757575757575758,176.0,0.9778612373986953,0.0,LR,best
0.9778612373986953,25,6.612314799410407,,l1,0.9778612373986953,0.5789473684210527,0.9800764741396659,0.9973377022322343,0.9886317498984978,4883.0,0.8555555555555555,0.4375,0.5789473684210527,176.0,0.9778612373986953,0.0,LR,best
0.9778612373986953,19,268.5526200990464,,l2,0.9778612373986953,0.5789473684210527,0.9800764741396659,0.9973377022322343,0.9886317498984978,4883.0,0.8555555555555555,0.4375,0.5789473684210527,176.0,0.9778612373986953,0.0,LR,best
0.9778612373986953,26,9175.25625010141,,l1,0.9778612373986953,0.5789473684210527,0.9800764741396659,0.9973377022322343,0.9886317498984978,4883.0,0.8555555555555555,0.4375,0.5789473684210527,176.0,0.9778612373986953,0.0,LR,best
0.9776635698754694,13,5.284132674498963,,l2,0.9776635698754694,0.5735849056603773,0.9798792756539235,0.9973377022322343,0.9885314117527657,4883.0,0.8539325842696629,0.4318181818181818,0.5735849056603773,176.0,0.9776635698754694,0.0,LR,best
0.9776635698754694,18,13.441055441654772,,l2,0.9776635698754694,0.5735849056603773,0.9798792756539235,0.9973377022322343,0.9885314117527657,4883.0,0.8539325842696629,0.4318181818181818,0.5735849056603773,176.0,0.9776635698754694,0.0,LR,best
0.9776635698754694,13,4.505774842366936,,l2,0.9776635698754694,0.5735849056603773,0.9798792756539235,0.9973377022322343,0.9885314117527657,4883.0,0.8539325842696629,0.4318181818181818,0.5735849056603773,176.0,0.9776635698754694,0.0,LR,best
0.9776635698754694,11,2.689650967406412,,l2,0.9776635698754694,0.5703422053231939,0.9796862429605793,0.9975424943682163,0.9885337392186707,4883.0,0.8620689655172413,0.42613636363636365,0.5703422053231939,176.0,0.9776635698754694,0.0,LR,best
0.9776635698754694,18,12.563135790819986,,l2,0.9776635698754694,0.5735849056603773,0.9798792756539235,0.9973377022322343,0.9885314117527657,4883.0,0.8539325842696629,0.4318181818181818,0.5735849056603773,176.0,0.9776635698754694,0.0,LR,best
0.9776635698754694,11,3.1993988328493086,,l2,0.9776635698754694,0.5703422053231939,0.9796862429605793,0.9975424943682163,0.9885337392186707,4883.0,0.8620689655172413,0.42613636363636365,0.5703422053231939,176.0,0.9776635698754694,0.0,LR,best
0.9776635698754694,14,5.71865780804253,,l2,0.9776635698754694,0.5735849056603773,0.9798792756539235,0.9973377022322343,0.9885314117527657,4883.0,0.8539325842696629,0.4318181818181818,0.5735849056603773,176.0,0.9776635698754694,0.0,LR,best
0.9776635698754694,11,2.8224120358999465,,l2,0.9776635698754694,0.5703422053231939,0.9796862429605793,0.9975424943682163,0.9885337392186707,4883.0,0.8620689655172413,0.42613636363636365,0.5703422053231939,176.0,0.9776635698754694,0.0,LR,best
0.9776635698754694,18,12.028078875510761,,l2,0.9776635698754694,0.5735849056603773,0.9798792756539235,0.9973377022322343,0.9885314117527657,4883.0,0.8539325842696629,0.4318181818181818,0.5735849056603773,176.0,0.9776635698754694,0.0,LR,best
0.9774659023522435,13,4.099947539994786,,l2,0.9774659023522435,0.5681818181818182,0.9796821565077449,0.9973377022322343,0.988431093971991,4883.0,0.8522727272727273,0.42613636363636365,0.5681818181818182,176.0,0.9774659023522435,0.0,LR,best
0.9772682348290176,8,1.5184647796425619,,l2,0.9772682348290176,0.5593869731800766,0.9792923200643345,0.9975424943682163,0.9883331642487573,4883.0,0.8588235294117647,0.4147727272727273,0.5593869731800766,176.0,0.9772682348290176,0.0,LR,best
0.9772682348290176,9,1.8288438875570898,,l2,0.9772682348290176,0.5593869731800766,0.9792923200643345,0.9975424943682163,0.9883331642487573,4883.0,0.8588235294117647,0.4147727272727273,0.5593869731800766,176.0,0.9772682348290176,0.0,LR,best
0.9772682348290176,8,1.5441461524466145,,l2,0.9772682348290176,0.5593869731800766,0.9792923200643345,0.9975424943682163,0.9883331642487573,4883.0,0.8588235294117647,0.4147727272727273,0.5593869731800766,176.0,0.9772682348290176,0.0,LR,best
0.9772682348290176,26,0.5796897139014486,,l1,0.9772682348290176,0.5627376425855514,0.9794851166532582,0.9973377022322343,0.9883307965499746,4883.0,0.8505747126436781,0.42045454545454547,0.5627376425855514,176.0,0.9772682348290176,0.0,LR,best
0.9766752322593398,5,0.8898537126075271,,l2,0.9766752322593398,0.5390625,0.9785097409118297,0.9977472865041982,0.9880348813628067,4883.0,0.8625,0.39204545454545453,0.5390625,176.0,0.9766752322593398,0.0,LR,best
0.975884562166436,5,0.6188462650099291,,l2,0.975884562166436,0.5158730158730159,0.9777242624924745,0.9977472865041982,0.9876342996148388,4883.0,0.8552631578947368,0.3693181818181818,0.5158730158730159,176.0,0.975884562166436,0.0,LR,best
0.9754892271199842,3,0.1528868447342247,,l2,0.9754892271199842,0.5,0.9771405654702225,0.9979520786401802,0.9874366767983789,4883.0,0.8611111111111112,0.3522727272727273,0.5,176.0,0.9754892271199842,0.0,LR,best
0.9746985570270804,2,0.06633097718775141,,l2,0.9746985570270804,0.47540983606557374,0.9763574433981166,0.9979520786401802,0.9870366619404497,4883.0,0.8529411764705882,0.32954545454545453,0.47540983606557374,176.0,0.9746985570270804,0.0,LR,best
0.972919549318047,1,0.023069038935302696,,l2,0.972919549318047,0.4069264069264069,0.9742206235011991,0.9983616629121441,0.9861434206533832,4883.0,0.8545454545454545,0.26704545454545453,0.4069264069264069,176.0,0.972919549318047,0.0,LR,best
0.9661988535283653,0,0.004095698631926476,,l2,0.9661988535283653,0.10471204188481675,0.9670896114195083,0.9989760393200902,0.9827742520398912,4883.0,0.6666666666666666,0.056818181818181816,0.10471204188481675,176.0,0.9661988535283653,0.0,LR,best
0.9652105159122356,0,0.00011971331817748082,balanced,l1,0.9652105159122356,0.0,0.9652105159122356,1.0,0.9822973244819956,4883.0,0.0,0.0,0.0,176.0,0.9652105159122356,1.0,LR,best
0.9652105159122356,0,0.0008706270964970645,,l2,0.9652105159122356,0.0,0.9652105159122356,1.0,0.9822973244819956,4883.0,0.0,0.0,0.0,176.0,0.9652105159122356,1.0,LR,best
0.9652105159122356,0,0.0016445349337345602,,l1,0.9652105159122356,0.0,0.9652105159122356,1.0,0.9822973244819956,4883.0,0.0,0.0,0.0,176.0,0.9652105159122356,1.0,LR,best
0.9652105159122356,0,0.0001722387670187608,balanced,l1,0.9652105159122356,0.0,0.9652105159122356,1.0,0.9822973244819956,4883.0,0.0,0.0,0.0,176.0,0.9652105159122356,1.0,LR,best
0.9652105159122356,0,0.00025664586633072646,,l2,0.9652105159122356,0.0,0.9652105159122356,1.0,0.9822973244819956,4883.0,0.0,0.0,0.0,176.0,0.9652105159122356,1.0,LR,best
0.8485866772089345,8,23.310517734790867,balanced,l2,0.8485866772089345,0.23552894211576847,0.9862981337113158,0.8550071677247594,0.9159719175076788,4883.0,0.14285714285714285,0.6704545454545454,0.23552894211576847,176.0,0.8485866772089345,0.0,LR,best
0.8483890096857086,7,21.50109760100824,balanced,l2,0.8483890096857086,0.23529411764705882,0.9862948960302458,0.8548023755887774,0.9158529895776193,4883.0,0.14268440145102781,0.6704545454545454,0.23529411764705882,176.0,0.8483890096857086,0.0,LR,best
0.8477960071160309,11,4.137928196404249,balanced,l1,0.8477960071160309,0.2345924453280318,0.9862851737999527,0.8541879991808314,0.9154960491659351,4883.0,0.14216867469879518,0.6704545454545454,0.2345924453280318,176.0,0.8477960071160309,0.0,LR,best
0.847598339592805,8,55.39229960100037,balanced,l2,0.847598339592805,0.23283582089552238,0.9860520094562648,0.8541879991808314,0.9153955887194118,4883.0,0.1411338962605549,0.6647727272727273,0.23283582089552238,176.0,0.847598339592805,0.0,LR,best
0.847598339592805,8,14.524697329000828,balanced,l2,0.847598339592805,0.23435948361469713,0.9862819299905392,0.8539832070448494,0.9153770167928877,4883.0,0.14199759326113118,0.6704545454545454,0.23435948361469713,176.0,0.847598339592805,0.0,LR,best
0.8474006720695789,8,189.06805682174848,balanced,l2,0.8474006720695789,0.23260437375745527,0.9860487112792622,0.8539832070448494,0.9152765583845478,4883.0,0.14096385542168674,0.6647727272727273,0.23260437375745527,176.0,0.8474006720695789,0.0,LR,best
0.8474006720695789,10,19.909354815088417,balanced,l1,0.8474006720695789,0.23260437375745527,0.9860487112792622,0.8539832070448494,0.9152765583845478,4883.0,0.14096385542168674,0.6647727272727273,0.23260437375745527,176.0,0.8474006720695789,0.0,LR,best
0.8474006720695789,11,800.7849531748516,balanced,l1,0.8474006720695789,0.23260437375745527,0.9860487112792622,0.8539832070448494,0.9152765583845478,4883.0,0.14096385542168674,0.6647727272727273,0.23260437375745527,176.0,0.8474006720695789,0.0,LR,best
0.847203004546353,8,135.1780789387091,balanced,l2,0.847203004546353,0.2323733862959285,0.9860454115421002,0.8537784149088675,0.9151575019207552,4883.0,0.1407942238267148,0.6647727272727273,0.2323733862959285,176.0,0.847203004546353,0.0,LR,best
0.8420636489424788,6,2.6210221717691766,balanced,l2,0.8420636489424788,0.23099133782483156,0.9866539561487131,0.8478394429653902,0.9119947130741272,4883.0,0.13904982618771727,0.6818181818181818,0.23099133782483156,176.0,0.8420636489424788,0.0,LR,best
0.8343546155366673,3,0.5476825347002903,balanced,l2,0.8343546155366673,0.22693726937269373,0.9872319922910142,0.8392381732541471,0.9072393181315032,4883.0,0.1354625550660793,0.6988636363636364,0.22693726937269373,176.0,0.8343546155366673,0.0,LR,best
0.8254595769915003,1,0.1839863362612448,balanced,l2,0.8254595769915003,0.21927497789566755,0.9873294346978557,0.829817734998976,0.9017469678424391,4883.0,0.12984293193717278,0.7045454545454546,0.21927497789566755,176.0,0.8254595769915003,0.0,LR,best
