value,duration,params_dropout_prob,params_lrate,params_nEpoch,params_n_layers,params_n_units_layer_0,params_n_units_layer_1,params_n_units_layer_2,params_weight_decay,user_attrs_ACC,user_attrs_WF1,notUsed_precision,notUsed_recall,notUsed_f1-score,notUsed_support,Used_precision,Used_recall,Used_f1-score,Used_support,accuracy,zeroPreds,model,option
0.9652105159122356,17,0.4403756635384723,0.0016600280121863865,500,2,512,512.0,,0.00041999832374729106,0.9652105159122356,0.0,0.9652105159122356,1.0,0.9822973244819956,4883.0,0.0,0.0,0.0,176.0,0.9652105159122356,1.0,NN,worst
0.9652105159122356,1,0.30783250417983915,0.014264294936671749,200,2,128,256.0,,0.00023597481559000936,0.9652105159122356,0.0,0.9652105159122356,1.0,0.9822973244819956,4883.0,0.0,0.0,0.0,176.0,0.9652105159122356,1.0,NN,worst
0.9652105159122356,4,0.3898760422442031,0.04466776128707964,500,1,512,,,0.00011129806404249757,0.9652105159122356,0.0,0.9652105159122356,1.0,0.9822973244819956,4883.0,0.0,0.0,0.0,176.0,0.9652105159122356,1.0,NN,worst
0.9652105159122356,3,0.3172417404926294,0.0020764996411783013,200,2,256,512.0,,2.3692839579445527e-05,0.9652105159122356,0.0,0.9652105159122356,1.0,0.9822973244819956,4883.0,0.0,0.0,0.0,176.0,0.9652105159122356,1.0,NN,worst
0.9652105159122356,3,0.3467710921665978,0.0015905273997590993,400,1,512,,,0.0003971585447695333,0.9652105159122356,0.0,0.9652105159122356,1.0,0.9822973244819956,4883.0,0.0,0.0,0.0,176.0,0.9652105159122356,1.0,NN,worst
0.9652105159122356,4,0.37545512326449293,0.0011876553569232899,500,2,128,256.0,,4.902029229038599e-05,0.9652105159122356,0.0,0.9652105159122356,1.0,0.9822973244819956,4883.0,0.0,0.0,0.0,176.0,0.9652105159122356,1.0,NN,worst
0.9652105159122356,4,0.29251325565363706,0.002785490855381923,500,1,512,,,3.68311844563484e-05,0.9652105159122356,0.0,0.9652105159122356,1.0,0.9822973244819956,4883.0,0.0,0.0,0.0,176.0,0.9652105159122356,1.0,NN,worst
0.9652105159122356,2,0.2604057907835187,0.07770031830522678,400,1,256,,,5.849535001608806e-05,0.9652105159122356,0.0,0.9652105159122356,1.0,0.9822973244819956,4883.0,0.0,0.0,0.0,176.0,0.9652105159122356,1.0,NN,worst
0.9652105159122356,4,0.36119485633358367,0.006401257673902672,500,1,512,,,1.8772308304689496e-05,0.9652105159122356,0.0,0.9652105159122356,1.0,0.9822973244819956,4883.0,0.0,0.0,0.0,176.0,0.9652105159122356,1.0,NN,worst
0.9652105159122356,4,0.3173025483934307,0.008312422394388235,500,1,512,,,1.4345786684660464e-05,0.9652105159122356,0.0,0.9652105159122356,1.0,0.9822973244819956,4883.0,0.0,0.0,0.0,176.0,0.9652105159122356,1.0,NN,worst
0.9652105159122356,4,0.3380009486833976,0.034962921225840216,500,1,512,,,2.8644046962661362e-05,0.9652105159122356,0.0,0.9652105159122356,1.0,0.9822973244819956,4883.0,0.0,0.0,0.0,176.0,0.9652105159122356,1.0,NN,worst
0.9652105159122356,4,0.28095023354077775,0.05683736994991853,500,1,512,,,2.0829508698123887e-05,0.9652105159122356,0.0,0.9652105159122356,1.0,0.9822973244819956,4883.0,0.0,0.0,0.0,176.0,0.9652105159122356,1.0,NN,worst
0.9652105159122356,8,0.13973626251030394,0.02462806423858162,300,3,512,512.0,128.0,8.717317717613322e-05,0.9652105159122356,0.0,0.9652105159122356,1.0,0.9822973244819956,4883.0,0.0,0.0,0.0,176.0,0.9652105159122356,1.0,NN,worst
0.9652105159122356,6,0.4599055721757319,0.010759472142676476,400,3,512,128.0,256.0,0.0004359081440507773,0.9652105159122356,0.0,0.9652105159122356,1.0,0.9822973244819956,4883.0,0.0,0.0,0.0,176.0,0.9652105159122356,1.0,NN,worst
0.9652105159122356,2,0.05090022285714589,0.07443010157177088,400,2,128,128.0,,0.0005204187711781485,0.9652105159122356,0.0,0.9652105159122356,1.0,0.9822973244819956,4883.0,0.0,0.0,0.0,176.0,0.9652105159122356,1.0,NN,worst
0.9652105159122356,3,0.24711382960401043,0.019511076371928764,500,1,256,,,0.0003500388724587221,0.9652105159122356,0.0,0.9652105159122356,1.0,0.9822973244819956,4883.0,0.0,0.0,0.0,176.0,0.9652105159122356,1.0,NN,worst
0.9652105159122356,5,0.4865857767732176,0.0016282398416389446,200,2,512,512.0,,0.0005008526503745156,0.9652105159122356,0.0,0.9652105159122356,1.0,0.9822973244819956,4883.0,0.0,0.0,0.0,176.0,0.9652105159122356,1.0,NN,worst
0.9652105159122356,6,0.43077829739635054,0.034506243455488805,300,3,128,256.0,512.0,0.0006582531687473059,0.9652105159122356,0.0,0.9652105159122356,1.0,0.9822973244819956,4883.0,0.0,0.0,0.0,176.0,0.9652105159122356,1.0,NN,worst
0.9652105159122356,3,0.03643908297782733,0.002078235394032835,200,3,128,128.0,512.0,0.00017004555712019673,0.9652105159122356,0.0,0.9652105159122356,1.0,0.9822973244819956,4883.0,0.0,0.0,0.0,176.0,0.9652105159122356,1.0,NN,worst
0.9652105159122356,3,0.07914750939219803,0.01667220980706902,200,3,128,128.0,512.0,0.00026156211720585105,0.9652105159122356,0.0,0.9652105159122356,1.0,0.9822973244819956,4883.0,0.0,0.0,0.0,176.0,0.9652105159122356,1.0,NN,worst
0.9652105159122356,3,0.47832011307650923,0.014283429433098066,200,3,128,128.0,512.0,0.00020231022231355372,0.9652105159122356,0.0,0.9652105159122356,1.0,0.9822973244819956,4883.0,0.0,0.0,0.0,176.0,0.9652105159122356,1.0,NN,worst
0.9652105159122356,3,0.4516860397340084,0.02721564173275362,200,3,128,128.0,512.0,0.0005688127153935806,0.9652105159122356,0.0,0.9652105159122356,1.0,0.9822973244819956,4883.0,0.0,0.0,0.0,176.0,0.9652105159122356,1.0,NN,worst
0.9652105159122356,14,0.4141880477019213,0.009500220395618774,500,3,512,512.0,128.0,0.00043845524459696175,0.9652105159122356,0.0,0.9652105159122356,1.0,0.9822973244819956,4883.0,0.0,0.0,0.0,176.0,0.9652105159122356,1.0,NN,worst
0.9652105159122356,3,0.36983537678455514,0.0011392443525864609,500,1,256,,,0.00036177879625832007,0.9652105159122356,0.0,0.9652105159122356,1.0,0.9822973244819956,4883.0,0.0,0.0,0.0,176.0,0.9652105159122356,1.0,NN,worst
0.9652105159122356,6,0.2049344643471133,0.02344555533476795,400,2,512,256.0,,0.00013661058640904245,0.9652105159122356,0.0,0.9652105159122356,1.0,0.9822973244819956,4883.0,0.0,0.0,0.0,176.0,0.9652105159122356,1.0,NN,worst
0.9652105159122356,2,0.33462949552055954,0.0023826793325564103,300,3,128,128.0,128.0,0.0003167641916630586,0.9652105159122356,0.0,0.9652105159122356,1.0,0.9822973244819956,4883.0,0.0,0.0,0.0,176.0,0.9652105159122356,1.0,NN,worst
0.9652105159122356,2,0.07154284538230235,0.05038420804981786,400,2,128,128.0,,0.00030336348781889825,0.9652105159122356,0.0,0.9652105159122356,1.0,0.9822973244819956,4883.0,0.0,0.0,0.0,176.0,0.9652105159122356,1.0,NN,worst
0.9652105159122356,2,0.021296982611588487,0.0660366375476443,400,2,128,128.0,,0.0006769478618609139,0.9652105159122356,0.0,0.9652105159122356,1.0,0.9822973244819956,4883.0,0.0,0.0,0.0,176.0,0.9652105159122356,1.0,NN,worst
0.9652105159122356,4,0.32039659247727786,0.021985101885004674,500,2,128,256.0,,0.0005891320788262612,0.9652105159122356,0.0,0.9652105159122356,1.0,0.9822973244819956,4883.0,0.0,0.0,0.0,176.0,0.9652105159122356,1.0,NN,worst
0.9652105159122356,2,0.06616829848400928,0.0031201246894705407,300,2,256,128.0,,7.370867968583366e-05,0.9652105159122356,0.0,0.9652105159122356,1.0,0.9822973244819956,4883.0,0.0,0.0,0.0,176.0,0.9652105159122356,1.0,NN,worst
0.9652105159122356,2,0.35616052912526824,0.0012504179605556964,300,1,512,,,1.1632687934842958e-05,0.9652105159122356,0.0,0.9652105159122356,1.0,0.9822973244819956,4883.0,0.0,0.0,0.0,176.0,0.9652105159122356,1.0,NN,worst
0.9652105159122356,4,0.18035723251965763,0.012018179156503536,500,2,128,256.0,,0.0004047074721172634,0.9652105159122356,0.0,0.9652105159122356,1.0,0.9822973244819956,4883.0,0.0,0.0,0.0,176.0,0.9652105159122356,1.0,NN,worst
0.9652105159122356,5,0.4724399809215889,0.003633081391698339,200,3,512,512.0,128.0,0.0009961418997225812,0.9652105159122356,0.0,0.9652105159122356,1.0,0.9822973244819956,4883.0,0.0,0.0,0.0,176.0,0.9652105159122356,1.0,NN,worst
0.9652105159122356,7,0.4260479111515417,0.0077393158812065115,400,2,256,512.0,,0.0006988857127844256,0.9652105159122356,0.0,0.9652105159122356,1.0,0.9822973244819956,4883.0,0.0,0.0,0.0,176.0,0.9652105159122356,1.0,NN,worst
0.9652105159122356,5,0.49900878043661956,0.008955573390673788,200,2,512,512.0,,0.00019191626738951313,0.9652105159122356,0.0,0.9652105159122356,1.0,0.9822973244819956,4883.0,0.0,0.0,0.0,176.0,0.9652105159122356,1.0,NN,worst
0.9652105159122356,8,0.49420033755756887,0.0013937678320257905,300,2,512,512.0,,0.0005318350029568095,0.9652105159122356,0.0,0.9652105159122356,1.0,0.9822973244819956,4883.0,0.0,0.0,0.0,176.0,0.9652105159122356,1.0,NN,worst
0.9652105159122356,5,0.4632735698253383,0.010730962640132917,200,2,512,512.0,,0.0007628239212505047,0.9652105159122356,0.0,0.9652105159122356,1.0,0.9822973244819956,4883.0,0.0,0.0,0.0,176.0,0.9652105159122356,1.0,NN,worst
0.9652105159122356,8,0.4840675498966907,0.00571474544320638,300,2,512,512.0,,0.000926387050308413,0.9652105159122356,0.0,0.9652105159122356,1.0,0.9822973244819956,4883.0,0.0,0.0,0.0,176.0,0.9652105159122356,1.0,NN,worst
0.9652105159122356,2,0.23820839335183758,0.0020415840493523264,200,1,512,,,8.887698643743994e-05,0.9652105159122356,0.0,0.9652105159122356,1.0,0.9822973244819956,4883.0,0.0,0.0,0.0,176.0,0.9652105159122356,1.0,NN,worst
0.9652105159122356,7,0.031768331845653495,0.001760834088705259,500,3,128,256.0,256.0,5.856470943436667e-05,0.9652105159122356,0.0,0.9652105159122356,1.0,0.9822973244819956,4883.0,0.0,0.0,0.0,176.0,0.9652105159122356,1.0,NN,worst
0.9652105159122356,3,0.32760338882210216,0.013224596891914157,400,1,512,,,0.00045462811996160087,0.9652105159122356,0.0,0.9652105159122356,1.0,0.9822973244819956,4883.0,0.0,0.0,0.0,176.0,0.9652105159122356,1.0,NN,worst
0.9652105159122356,4,0.20536186402188,0.0025615619019497696,200,3,128,256.0,512.0,0.0003372264793716372,0.9652105159122356,0.0,0.9652105159122356,1.0,0.9822973244819956,4883.0,0.0,0.0,0.0,176.0,0.9652105159122356,1.0,NN,worst
0.9652105159122356,2,0.005043389961213417,0.03988250394469411,400,2,128,128.0,,1.0032268541664124e-05,0.9652105159122356,0.0,0.9652105159122356,1.0,0.9822973244819956,4883.0,0.0,0.0,0.0,176.0,0.9652105159122356,1.0,NN,worst
0.9652105159122356,4,0.2684519822048908,0.08364424553505628,500,1,512,,,1.331955821893835e-05,0.9652105159122356,0.0,0.9652105159122356,1.0,0.9822973244819956,4883.0,0.0,0.0,0.0,176.0,0.9652105159122356,1.0,NN,worst
0.9652105159122356,4,0.4433447270000619,0.061675036891196286,500,1,512,,,3.762140944425216e-05,0.9652105159122356,0.0,0.9652105159122356,1.0,0.9822973244819956,4883.0,0.0,0.0,0.0,176.0,0.9652105159122356,1.0,NN,worst
0.9652105159122356,4,0.41061196137224676,0.04621628926138182,500,1,512,,,9.901806534066526e-05,0.9652105159122356,0.0,0.9652105159122356,1.0,0.9822973244819956,4883.0,0.0,0.0,0.0,176.0,0.9652105159122356,1.0,NN,worst
0.9652105159122356,4,0.30807536854710893,0.098902578653939,500,1,512,,,0.00014718295066702867,0.9652105159122356,0.0,0.9652105159122356,1.0,0.9822973244819956,4883.0,0.0,0.0,0.0,176.0,0.9652105159122356,1.0,NN,worst
0.9652105159122356,4,0.2918056118674036,0.06968701602928931,500,1,512,,,7.129376207808898e-05,0.9652105159122356,0.0,0.9652105159122356,1.0,0.9822973244819956,4883.0,0.0,0.0,0.0,176.0,0.9652105159122356,1.0,NN,worst
0.9652105159122356,9,0.04285837653538377,0.0010082072408000844,500,2,256,512.0,,0.0002761737264290528,0.9652105159122356,0.0,0.9652105159122356,1.0,0.9822973244819956,4883.0,0.0,0.0,0.0,176.0,0.9652105159122356,1.0,NN,worst
0.9652105159122356,11,0.3513084508552404,0.004511297906106946,400,3,512,512.0,128.0,0.0005751102873506927,0.9652105159122356,0.0,0.9652105159122356,1.0,0.9822973244819956,4883.0,0.0,0.0,0.0,176.0,0.9652105159122356,1.0,NN,worst
0.9652105159122356,1,0.32906386200241555,0.0327362498775532,200,1,128,,,2.3864307897542674e-05,0.9652105159122356,0.0,0.9652105159122356,1.0,0.9822973244819956,4883.0,0.0,0.0,0.0,176.0,0.9652105159122356,1.0,NN,worst
0.9652105159122356,13,0.05621709728430616,0.08786645308825332,500,3,512,256.0,512.0,0.0003834818359655852,0.9652105159122356,0.0,0.9652105159122356,1.0,0.9822973244819956,4883.0,0.0,0.0,0.0,176.0,0.9652105159122356,1.0,NN,worst
0.9652105159122356,2,0.11339833789014057,0.0171900981522256,300,2,256,128.0,,0.0008696419082918619,0.9652105159122356,0.0,0.9652105159122356,1.0,0.9822973244819956,4883.0,0.0,0.0,0.0,176.0,0.9652105159122356,1.0,NN,worst
0.9652105159122356,5,0.0904567859510271,0.053239284800323826,400,2,128,512.0,,0.00024649417234424693,0.9652105159122356,0.0,0.9652105159122356,1.0,0.9822973244819956,4883.0,0.0,0.0,0.0,176.0,0.9652105159122356,1.0,NN,worst
0.9652105159122356,3,0.4724843884731842,0.0039050091369045225,200,2,256,512.0,,0.0008449953410855564,0.9652105159122356,0.0,0.9652105159122356,1.0,0.9822973244819956,4883.0,0.0,0.0,0.0,176.0,0.9652105159122356,1.0,NN,worst
0.9652105159122356,11,0.273573767101931,0.0750767624375488,500,3,256,256.0,512.0,0.0006417896845702979,0.9652105159122356,0.0,0.9652105159122356,1.0,0.9822973244819956,4883.0,0.0,0.0,0.0,176.0,0.9652105159122356,1.0,NN,worst
0.9652105159122356,2,0.24495197195980506,0.0016380235612028712,200,3,256,256.0,128.0,1.0061690956185968e-05,0.9652105159122356,0.0,0.9652105159122356,1.0,0.9822973244819956,4883.0,0.0,0.0,0.0,176.0,0.9652105159122356,1.0,NN,worst
0.9652105159122356,4,0.41559544705256335,0.00568193336901881,400,2,256,256.0,,0.00012612625405870184,0.9652105159122356,0.0,0.9652105159122356,1.0,0.9822973244819956,4883.0,0.0,0.0,0.0,176.0,0.9652105159122356,1.0,NN,worst
0.9652105159122356,1,0.28331633492060804,0.015966065024738227,300,1,256,,,0.0007515634095470357,0.9652105159122356,0.0,0.9652105159122356,1.0,0.9822973244819956,4883.0,0.0,0.0,0.0,176.0,0.9652105159122356,1.0,NN,worst
0.9652105159122356,8,0.4687100408661653,0.003790622691161266,500,2,256,512.0,,0.00039310329996342574,0.9652105159122356,0.0,0.9652105159122356,1.0,0.9822973244819956,4883.0,0.0,0.0,0.0,176.0,0.9652105159122356,1.0,NN,worst
0.9652105159122356,2,0.13862895911409495,0.0014575067854290375,400,1,256,,,0.0001985287692663841,0.9652105159122356,0.0,0.9652105159122356,1.0,0.9822973244819956,4883.0,0.0,0.0,0.0,176.0,0.9652105159122356,1.0,NN,worst
0.9652105159122356,2,0.25807414813837287,0.0024799136246117597,500,1,256,,,0.0006249332200552502,0.9652105159122356,0.0,0.9652105159122356,1.0,0.9822973244819956,4883.0,0.0,0.0,0.0,176.0,0.9652105159122356,1.0,NN,worst
0.9652105159122356,2,0.00736965918560064,0.0018893851877336426,400,1,256,,,0.0005173403429631561,0.9652105159122356,0.0,0.9652105159122356,1.0,0.9822973244819956,4883.0,0.0,0.0,0.0,176.0,0.9652105159122356,1.0,NN,worst
0.9652105159122356,6,0.3685700010388743,0.003300197459747931,400,2,512,256.0,,0.0003732555788520264,0.9652105159122356,0.0,0.9652105159122356,1.0,0.9822973244819956,4883.0,0.0,0.0,0.0,176.0,0.9652105159122356,1.0,NN,worst
0.9652105159122356,4,0.1268948846214348,0.009045975170165027,500,2,256,128.0,,0.0007329713921602954,0.9652105159122356,0.0,0.9652105159122356,1.0,0.9822973244819956,4883.0,0.0,0.0,0.0,176.0,0.9652105159122356,1.0,NN,worst
0.9652105159122356,1,0.42773165350087894,0.0010838248584878016,400,1,128,,,0.00017340439757175785,0.9652105159122356,0.0,0.9652105159122356,1.0,0.9822973244819956,4883.0,0.0,0.0,0.0,176.0,0.9652105159122356,1.0,NN,worst
0.9652105159122356,6,0.25347761742416963,0.02907815922892663,300,3,512,256.0,256.0,0.0002592625403966048,0.9652105159122356,0.0,0.9652105159122356,1.0,0.9822973244819956,4883.0,0.0,0.0,0.0,176.0,0.9652105159122356,1.0,NN,worst
0.9652105159122356,6,0.19709139602700992,0.010853698736293993,500,2,128,512.0,,0.0005199402280480482,0.9652105159122356,0.0,0.9652105159122356,1.0,0.9822973244819956,4883.0,0.0,0.0,0.0,176.0,0.9652105159122356,1.0,NN,worst
0.9652105159122356,16,0.40027069174736635,0.004217461588543334,500,3,512,512.0,256.0,3.943587800755419e-05,0.9652105159122356,0.0,0.9652105159122356,1.0,0.9822973244819956,4883.0,0.0,0.0,0.0,176.0,0.9652105159122356,1.0,NN,worst
0.9652105159122356,3,0.19531239919264992,0.02044645815138261,300,2,128,256.0,,0.000549978802548218,0.9652105159122356,0.0,0.9652105159122356,1.0,0.9822973244819956,4883.0,0.0,0.0,0.0,176.0,0.9652105159122356,1.0,NN,worst
0.9652105159122356,2,0.013936464204198487,0.0028276155880794045,200,3,256,256.0,128.0,0.0004898487646669907,0.9652105159122356,0.0,0.9652105159122356,1.0,0.9822973244819956,4883.0,0.0,0.0,0.0,176.0,0.9652105159122356,1.0,NN,worst
0.9652105159122356,6,0.1856144996857857,0.0010740254643565733,500,2,128,512.0,,0.00014912132826222738,0.9652105159122356,0.0,0.9652105159122356,1.0,0.9822973244819956,4883.0,0.0,0.0,0.0,176.0,0.9652105159122356,1.0,NN,worst
0.9652105159122356,4,0.4070457378887585,0.028358158965025252,500,2,128,256.0,,0.000993443780453113,0.9652105159122356,0.0,0.9652105159122356,1.0,0.9822973244819956,4883.0,0.0,0.0,0.0,176.0,0.9652105159122356,1.0,NN,worst
0.9652105159122356,8,0.49174757436475414,0.005587051632296057,300,2,512,512.0,,0.0009411941108320454,0.9652105159122356,0.0,0.9652105159122356,1.0,0.9822973244819956,4883.0,0.0,0.0,0.0,176.0,0.9652105159122356,1.0,NN,worst
0.9652105159122356,4,0.3371745756613034,0.08863591598139277,500,1,512,,,7.88842282872363e-05,0.9652105159122356,0.0,0.9652105159122356,1.0,0.9822973244819956,4883.0,0.0,0.0,0.0,176.0,0.9652105159122356,1.0,NN,worst
0.9652105159122356,3,0.04541535714018047,0.04719737942109445,400,2,128,128.0,,0.0003296904646473683,0.9652105159122356,0.0,0.9652105159122356,1.0,0.9822973244819956,4883.0,0.0,0.0,0.0,176.0,0.9652105159122356,1.0,NN,worst
0.9652105159122356,4,0.3286606408585841,0.06224151953604806,500,1,512,,,2.2602654198568027e-05,0.9652105159122356,0.0,0.9652105159122356,1.0,0.9822973244819956,4883.0,0.0,0.0,0.0,176.0,0.9652105159122356,1.0,NN,worst
0.9652105159122356,3,0.4926530941214785,0.014933121312034843,200,3,128,128.0,512.0,0.00023584949199297674,0.9652105159122356,0.0,0.9652105159122356,1.0,0.9822973244819956,4883.0,0.0,0.0,0.0,176.0,0.9652105159122356,1.0,NN,worst
0.9652105159122356,3,0.3047488069422044,0.0018883532996915565,200,3,256,256.0,128.0,0.00033647420896838233,0.9652105159122356,0.0,0.9652105159122356,1.0,0.9822973244819956,4883.0,0.0,0.0,0.0,176.0,0.9652105159122356,1.0,NN,worst
0.9652105159122356,4,0.059017589480088783,0.002313800748116329,400,1,512,,,7.067561710780706e-05,0.9652105159122356,0.0,0.9652105159122356,1.0,0.9822973244819956,4883.0,0.0,0.0,0.0,176.0,0.9652105159122356,1.0,NN,worst
0.9652105159122356,6,0.30997059111801806,0.008998792983009629,200,3,512,512.0,128.0,1.0163479262950504e-05,0.9652105159122356,0.0,0.9652105159122356,1.0,0.9822973244819956,4883.0,0.0,0.0,0.0,176.0,0.9652105159122356,1.0,NN,worst
0.9652105159122356,2,0.06578532339133264,0.0018691103684688717,400,1,256,,,0.0005309184747580691,0.9652105159122356,0.0,0.9652105159122356,1.0,0.9822973244819956,4883.0,0.0,0.0,0.0,176.0,0.9652105159122356,1.0,NN,worst
0.9652105159122356,3,0.36101981608199746,0.006578774887106578,400,2,128,256.0,,0.0004543255885133701,0.9652105159122356,0.0,0.9652105159122356,1.0,0.9822973244819956,4883.0,0.0,0.0,0.0,176.0,0.9652105159122356,1.0,NN,worst
0.9652105159122356,14,0.4522439752365684,0.03733546433824156,500,3,128,512.0,512.0,0.0002794665612294303,0.9652105159122356,0.0,0.9652105159122356,1.0,0.9822973244819956,4883.0,0.0,0.0,0.0,176.0,0.9652105159122356,1.0,NN,worst
0.9652105159122356,4,0.1142252770916305,0.0014611547340352543,500,1,512,,,0.00010005804069118699,0.9652105159122356,0.0,0.9652105159122356,1.0,0.9822973244819956,4883.0,0.0,0.0,0.0,176.0,0.9652105159122356,1.0,NN,worst
0.9652105159122356,5,0.38143393009998006,0.002708105058990657,400,3,256,128.0,256.0,2.015127062433266e-05,0.9652105159122356,0.0,0.9652105159122356,1.0,0.9822973244819956,4883.0,0.0,0.0,0.0,176.0,0.9652105159122356,1.0,NN,worst
0.9652105159122356,2,0.38932322559132015,0.001278909065850129,200,3,256,256.0,128.0,0.00023602770819608476,0.9652105159122356,0.0,0.9652105159122356,1.0,0.9822973244819956,4883.0,0.0,0.0,0.0,176.0,0.9652105159122356,1.0,NN,worst
0.9652105159122356,2,0.2962628124294745,0.001832786014578297,200,3,256,256.0,128.0,0.000785582938039926,0.9652105159122356,0.0,0.9652105159122356,1.0,0.9822973244819956,4883.0,0.0,0.0,0.0,176.0,0.9652105159122356,1.0,NN,worst
0.9652105159122356,1,0.0991645259116534,0.0033439983678618447,400,1,128,,,1.606184938301467e-05,0.9652105159122356,0.0,0.9652105159122356,1.0,0.9822973244819956,4883.0,0.0,0.0,0.0,176.0,0.9652105159122356,1.0,NN,worst
0.9652105159122356,3,0.3387437992070707,0.0022855918046505424,300,2,512,128.0,,0.0003300373493877599,0.9652105159122356,0.0,0.9652105159122356,1.0,0.9822973244819956,4883.0,0.0,0.0,0.0,176.0,0.9652105159122356,1.0,NN,worst
0.9652105159122356,8,0.39810802262779166,0.0013631719276681372,500,2,256,512.0,,0.00044930332716323245,0.9652105159122356,0.0,0.9652105159122356,1.0,0.9822973244819956,4883.0,0.0,0.0,0.0,176.0,0.9652105159122356,1.0,NN,worst
0.9652105159122356,2,0.438404765116661,0.005111842535607978,400,1,128,,,0.0005992940018346147,0.9652105159122356,0.0,0.9652105159122356,1.0,0.9822973244819956,4883.0,0.0,0.0,0.0,176.0,0.9652105159122356,1.0,NN,worst
0.9652105159122356,8,0.2265192465657056,0.042798402469001226,500,2,512,256.0,,0.000166600728934619,0.9652105159122356,0.0,0.9652105159122356,1.0,0.9822973244819956,4883.0,0.0,0.0,0.0,176.0,0.9652105159122356,1.0,NN,worst
0.9652105159122356,6,0.1604958725452889,0.011838088862785402,400,2,512,256.0,,3.145047466141151e-05,0.9652105159122356,0.0,0.9652105159122356,1.0,0.9822973244819956,4883.0,0.0,0.0,0.0,176.0,0.9652105159122356,1.0,NN,worst
0.9652105159122356,1,0.32045005284120215,0.00697192396534196,300,1,128,,,0.000983307940034069,0.9652105159122356,0.0,0.9652105159122356,1.0,0.9822973244819956,4883.0,0.0,0.0,0.0,176.0,0.9652105159122356,1.0,NN,worst
0.9652105159122356,4,0.4976913139364049,0.0022851334750840107,500,1,512,,,0.00011667007573311399,0.9652105159122356,0.0,0.9652105159122356,1.0,0.9822973244819956,4883.0,0.0,0.0,0.0,176.0,0.9652105159122356,1.0,NN,worst
0.9652105159122356,3,0.061582532146525946,0.0010851246637527533,400,1,512,,,5.5968674093714384e-05,0.9652105159122356,0.0,0.9652105159122356,1.0,0.9822973244819956,4883.0,0.0,0.0,0.0,176.0,0.9652105159122356,1.0,NN,worst
0.9652105159122356,3,0.04648176527545997,0.09963937379578841,400,1,512,,,6.78983211771709e-05,0.9652105159122356,0.0,0.9652105159122356,1.0,0.9822973244819956,4883.0,0.0,0.0,0.0,176.0,0.9652105159122356,1.0,NN,worst
0.9652105159122356,3,0.025221173811067553,0.0018703673300372037,300,2,512,128.0,,1.7125684582849643e-05,0.9652105159122356,0.0,0.9652105159122356,1.0,0.9822973244819956,4883.0,0.0,0.0,0.0,176.0,0.9652105159122356,1.0,NN,worst
0.9652105159122356,6,0.09388159910346133,0.028280887489685026,500,2,128,512.0,,0.00039269196344777845,0.9652105159122356,0.0,0.9652105159122356,1.0,0.9822973244819956,4883.0,0.0,0.0,0.0,176.0,0.9652105159122356,1.0,NN,worst
0.9652105159122356,2,0.30093520459233364,0.01836190954332829,400,1,256,,,8.118815895732837e-05,0.9652105159122356,0.0,0.9652105159122356,1.0,0.9822973244819956,4883.0,0.0,0.0,0.0,176.0,0.9652105159122356,1.0,NN,worst
0.9652105159122356,13,0.22473261360821584,0.0014497655459088014,500,2,512,512.0,,0.00021499249512080566,0.9652105159122356,0.0,0.9652105159122356,1.0,0.9822973244819956,4883.0,0.0,0.0,0.0,176.0,0.9652105159122356,1.0,NN,worst
0.9652105159122356,4,0.27129541071342794,0.003140586735381461,400,3,128,256.0,128.0,0.00029558875746482475,0.9652105159122356,0.0,0.9652105159122356,1.0,0.9822973244819956,4883.0,0.0,0.0,0.0,176.0,0.9652105159122356,1.0,NN,worst
0.9652105159122356,5,0.35058472128219825,0.060453606055062815,200,2,512,512.0,,2.7923388745732318e-05,0.9652105159122356,0.0,0.9652105159122356,1.0,0.9822973244819956,4883.0,0.0,0.0,0.0,176.0,0.9652105159122356,1.0,NN,worst
0.9652105159122356,2,0.3203565131019521,0.004718246456204482,300,1,512,,,1.1754747771333795e-05,0.9652105159122356,0.0,0.9652105159122356,1.0,0.9822973244819956,4883.0,0.0,0.0,0.0,176.0,0.9652105159122356,1.0,NN,worst
0.9652105159122356,5,0.07362951798878269,0.02150638800656105,200,3,512,512.0,128.0,4.453051553558084e-05,0.9652105159122356,0.0,0.9652105159122356,1.0,0.9822973244819956,4883.0,0.0,0.0,0.0,176.0,0.9652105159122356,1.0,NN,worst
0.9652105159122356,5,0.30124486583412685,0.00186871101171901,200,3,512,512.0,128.0,4.2232016875011566e-05,0.9652105159122356,0.0,0.9652105159122356,1.0,0.9822973244819956,4883.0,0.0,0.0,0.0,176.0,0.9652105159122356,1.0,NN,worst
0.9652105159122356,5,0.22755252623453873,0.008038623073253717,200,3,512,512.0,128.0,1.2551498474161984e-05,0.9652105159122356,0.0,0.9652105159122356,1.0,0.9822973244819956,4883.0,0.0,0.0,0.0,176.0,0.9652105159122356,1.0,NN,worst
0.9652105159122356,7,0.16562743051151213,0.012895130437181646,300,2,512,512.0,,0.0007365652349183719,0.9652105159122356,0.0,0.9652105159122356,1.0,0.9822973244819956,4883.0,0.0,0.0,0.0,176.0,0.9652105159122356,1.0,NN,worst
0.9652105159122356,6,0.30820475158881133,0.015094422422712108,500,3,256,128.0,256.0,0.000282376350876031,0.9652105159122356,0.0,0.9652105159122356,1.0,0.9822973244819956,4883.0,0.0,0.0,0.0,176.0,0.9652105159122356,1.0,NN,worst
