value,duration,params_colsample_bytree,params_gamma,params_learning_rate,params_max_depth,params_n_estimators,params_reg_lambda,user_attrs_ACC,user_attrs_WF1,notUsed_precision,notUsed_recall,notUsed_f1-score,notUsed_support,Used_precision,Used_recall,Used_f1-score,Used_support,accuracy,zeroPreds,model,option
0.9794425775845028,4,0.6472429056402557,0.944626618984261,0.010669831354329067,10,500,0.0009070067826982642,0.9794425775845028,0.6231884057971014,0.9818511796733213,0.9971329100962523,0.989433042064621,4883.0,0.86,0.48863636363636365,0.6231884057971014,176.0,0.9794425775845028,0.0,XG,worst
0.9794425775845028,3,0.6592652639982142,1.8068249091685835,0.01282607298563512,10,500,0.0002732356409592524,0.9794425775845028,0.6204379562043796,0.9816569240072566,0.9973377022322343,0.9894351889475823,4883.0,0.8673469387755102,0.48295454545454547,0.6204379562043796,176.0,0.9794425775845028,0.0,XG,worst
0.9794425775845028,3,0.6340365682961626,1.867053673877438,0.011699241776226202,10,350,0.0007455247511770855,0.9794425775845028,0.6204379562043796,0.9816569240072566,0.9973377022322343,0.9894351889475823,4883.0,0.8673469387755102,0.48295454545454547,0.6204379562043796,176.0,0.9794425775845028,0.0,XG,worst
0.9794425775845028,3,0.616277345418417,1.856159851563648,0.011285954849709307,9,500,0.0008697630373609604,0.9794425775845028,0.6204379562043796,0.9816569240072566,0.9973377022322343,0.9894351889475823,4883.0,0.8673469387755102,0.48295454545454547,0.6204379562043796,176.0,0.9794425775845028,0.0,XG,worst
0.9794425775845028,3,0.6738716758664444,1.5475213081696564,0.01434210725424758,10,400,0.00018048024351542894,0.9794425775845028,0.6231884057971014,0.9818511796733213,0.9971329100962523,0.989433042064621,4883.0,0.86,0.48863636363636365,0.6231884057971014,176.0,0.9794425775845028,0.0,XG,worst
0.9794425775845028,3,0.6467887427514464,2.471589128682549,0.011079450900347697,9,500,0.0007175709078428347,0.9794425775845028,0.6204379562043796,0.9816569240072566,0.9973377022322343,0.9894351889475823,4883.0,0.8673469387755102,0.48295454545454547,0.6204379562043796,176.0,0.9794425775845028,0.0,XG,worst
0.9792449100612769,3,0.6482559722733173,0.825565326689468,0.014162269922838084,10,350,0.0006966492093354612,0.9792449100612769,0.6181818181818182,0.9816532258064516,0.9971329100962523,0.989332520572996,4883.0,0.8585858585858586,0.48295454545454547,0.6181818181818182,176.0,0.9792449100612769,0.0,XG,worst
0.9792449100612769,3,0.6448932114884419,0.7973158870375268,0.013855961903696748,10,500,0.0003511405344905553,0.9792449100612769,0.6181818181818182,0.9816532258064516,0.9971329100962523,0.989332520572996,4883.0,0.8585858585858586,0.48295454545454547,0.6181818181818182,176.0,0.9792449100612769,0.0,XG,worst
0.9792449100612769,2,0.6626425572120755,1.7883110266875268,0.01393975793746012,10,450,0.0001957439259253899,0.9792449100612769,0.6181818181818182,0.9816532258064516,0.9971329100962523,0.989332520572996,4883.0,0.8585858585858586,0.48295454545454547,0.6181818181818182,176.0,0.9792449100612769,0.0,XG,worst
0.9792449100612769,2,0.6581560149968667,1.419245408897672,0.014589718603201641,10,300,0.00025960305093104764,0.9792449100612769,0.6181818181818182,0.9816532258064516,0.9971329100962523,0.989332520572996,4883.0,0.8585858585858586,0.48295454545454547,0.6181818181818182,176.0,0.9792449100612769,0.0,XG,worst
0.9792449100612769,3,0.6739286798186096,1.5272876767010612,0.01430815950897873,10,450,0.0001927708196441672,0.9792449100612769,0.6209386281588448,0.981847519160952,0.9969281179602704,0.9893303526064424,4883.0,0.8514851485148515,0.48863636363636365,0.6209386281588448,176.0,0.9792449100612769,0.0,XG,worst
0.9792449100612769,3,0.678765280761882,1.1906117640527782,0.017629653896037406,10,500,0.00031103059778416495,0.9792449100612769,0.6181818181818182,0.9816532258064516,0.9971329100962523,0.989332520572996,4883.0,0.8585858585858586,0.48295454545454547,0.6181818181818182,176.0,0.9792449100612769,0.0,XG,worst
0.9792449100612769,1,0.647329767679119,3.2432411807532753,0.03734276016945938,9,450,0.00030271044680698175,0.9792449100612769,0.6153846153846154,0.9814590890769851,0.9973377022322343,0.98933468765871,4883.0,0.865979381443299,0.4772727272727273,0.6153846153846154,176.0,0.9792449100612769,0.0,XG,worst
0.9792449100612769,4,0.7044398426985853,0.35675258462863235,0.010553410147758844,10,350,0.0005068271722455882,0.9792449100612769,0.6153846153846154,0.9814590890769851,0.9973377022322343,0.98933468765871,4883.0,0.865979381443299,0.4772727272727273,0.6153846153846154,176.0,0.9792449100612769,0.0,XG,worst
0.9792449100612769,3,0.6169939623146894,1.879685975137865,0.011539719696566373,10,350,0.0018827274351670945,0.9792449100612769,0.6125461254612546,0.9812651087832394,0.9975424943682163,0.9893368538641211,4883.0,0.8736842105263158,0.4715909090909091,0.6125461254612546,176.0,0.9792449100612769,0.0,XG,worst
0.9792449100612769,3,0.6537395393785546,0.8338344097225455,0.01691884479589438,10,500,0.0002769109016882293,0.9792449100612769,0.6181818181818182,0.9816532258064516,0.9971329100962523,0.989332520572996,4883.0,0.8585858585858586,0.48295454545454547,0.6181818181818182,176.0,0.9792449100612769,0.0,XG,worst
0.979047242538051,0,0.6539756114690943,3.5115311502873845,0.05271202654821338,9,150,0.00025032444026822353,0.979047242538051,0.6102941176470589,0.9812613338706427,0.9973377022322343,0.989234206784481,4883.0,0.8645833333333334,0.4715909090909091,0.6102941176470589,176.0,0.979047242538051,0.0,XG,worst
0.979047242538051,2,0.6909945513744568,0.9307549324528446,0.018477818281594616,9,300,0.00018492076787983224,0.979047242538051,0.6159420289855072,0.9816495261141359,0.9969281179602704,0.9892298313350945,4883.0,0.85,0.48295454545454547,0.6159420289855072,176.0,0.979047242538051,0.0,XG,worst
0.979047242538051,3,0.6385166891178717,1.9783940790024355,0.010467231847252045,9,350,0.0007138298639545197,0.979047242538051,0.6102941176470589,0.9812613338706427,0.9973377022322343,0.989234206784481,4883.0,0.8645833333333334,0.4715909090909091,0.6102941176470589,176.0,0.979047242538051,0.0,XG,worst
0.979047242538051,4,0.6260524762893902,1.0200859985766049,0.010035431077217159,10,500,0.0004064732461608952,0.979047242538051,0.6131386861313869,0.9814553517436001,0.9971329100962523,0.9892320195042665,4883.0,0.8571428571428571,0.4772727272727273,0.6131386861313869,176.0,0.979047242538051,0.0,XG,worst
0.979047242538051,4,0.6450899055714152,0.5889428462256652,0.012877558301951073,10,500,0.09574524180424489,0.979047242538051,0.6159420289855072,0.9816495261141359,0.9969281179602704,0.9892298313350945,4883.0,0.85,0.48295454545454547,0.6159420289855072,176.0,0.979047242538051,0.0,XG,worst
0.979047242538051,4,0.6472643863934269,0.7773748020087569,0.010045202873224737,10,500,0.000652641220499002,0.979047242538051,0.6159420289855072,0.9816495261141359,0.9969281179602704,0.9892298313350945,4883.0,0.85,0.48295454545454547,0.6159420289855072,176.0,0.979047242538051,0.0,XG,worst
0.979047242538051,2,0.6639938963377833,0.7065276423963976,0.03956571330426027,10,450,0.0385017343214421,0.979047242538051,0.6159420289855072,0.9816495261141359,0.9969281179602704,0.9892298313350945,4883.0,0.85,0.48295454545454547,0.6159420289855072,176.0,0.979047242538051,0.0,XG,worst
0.979047242538051,3,0.6343348810647612,1.4706007842556037,0.01462823861708764,10,500,0.0009028259935499649,0.979047242538051,0.6131386861313869,0.9814553517436001,0.9971329100962523,0.9892320195042665,4883.0,0.8571428571428571,0.4772727272727273,0.6131386861313869,176.0,0.979047242538051,0.0,XG,worst
0.979047242538051,1,0.6366496520708773,3.356596476857703,0.05694908488980306,9,400,0.0011892301753526969,0.979047242538051,0.6074074074074074,0.981067472306143,0.9975424943682163,0.9892363931762794,4883.0,0.8723404255319149,0.4659090909090909,0.6074074074074074,176.0,0.979047242538051,0.0,XG,worst
0.979047242538051,3,0.6469264644670093,1.5761671429275461,0.013968051017806337,10,450,0.0001855676928108965,0.979047242538051,0.6131386861313869,0.9814553517436001,0.9971329100962523,0.9892320195042665,4883.0,0.8571428571428571,0.4772727272727273,0.6131386861313869,176.0,0.979047242538051,0.0,XG,worst
0.979047242538051,3,0.6765416957982164,1.1126281344546498,0.012149212095084712,10,500,0.00023171210084562877,0.979047242538051,0.6102941176470589,0.9812613338706427,0.9973377022322343,0.989234206784481,4883.0,0.8645833333333334,0.4715909090909091,0.6102941176470589,176.0,0.979047242538051,0.0,XG,worst
0.979047242538051,4,0.6830741689729599,0.8548683877847154,0.010890002539425946,10,500,0.0002702044567643809,0.979047242538051,0.6159420289855072,0.9816495261141359,0.9969281179602704,0.9892298313350945,4883.0,0.85,0.48295454545454547,0.6159420289855072,176.0,0.979047242538051,0.0,XG,worst
0.979047242538051,3,0.6650727474923828,1.3285003785786735,0.013528277391862005,10,500,0.00033509644734215947,0.979047242538051,0.6159420289855072,0.9816495261141359,0.9969281179602704,0.9892298313350945,4883.0,0.85,0.48295454545454547,0.6159420289855072,176.0,0.979047242538051,0.0,XG,worst
0.9788495750148251,1,0.6619125203504802,2.7265575818234176,0.03694193715454441,9,450,0.00022756471908806983,0.9788495750148251,0.608058608058608,0.9812575574365175,0.9971329100962523,0.9891315388522093,4883.0,0.8556701030927835,0.4715909090909091,0.608058608058608,176.0,0.9788495750148251,0.0,XG,worst
0.9788495750148251,3,0.6683929357317757,0.7248650676781839,0.013552859876371297,9,500,0.0007611796102041165,0.9788495750148251,0.610909090909091,0.9814516129032258,0.9969281179602704,0.9891293304886721,4883.0,0.8484848484848485,0.4772727272727273,0.610909090909091,176.0,0.9788495750148251,0.0,XG,worst
0.9788495750148251,2,0.69597318291008,2.6562737366990916,0.015925136154724868,10,450,0.0006250535354725645,0.9788495750148251,0.610909090909091,0.9814516129032258,0.9969281179602704,0.9891293304886721,4883.0,0.8484848484848485,0.4772727272727273,0.610909090909091,176.0,0.9788495750148251,0.0,XG,worst
0.9788495750148251,2,0.6232071350609971,0.2871315125656324,0.03185081463015882,8,500,0.0001946260175025126,0.9788495750148251,0.6164874551971327,0.9818401937046005,0.9965185336883063,0.989124911068198,4883.0,0.8349514563106796,0.48863636363636365,0.6164874551971327,176.0,0.9788495750148251,0.0,XG,worst
0.9788495750148251,5,0.6251627341667814,0.019062940774270745,0.010596710337021907,10,450,0.00016148773562246632,0.9788495750148251,0.610909090909091,0.9814516129032258,0.9969281179602704,0.9891293304886721,4883.0,0.8484848484848485,0.4772727272727273,0.610909090909091,176.0,0.9788495750148251,0.0,XG,worst
0.9788495750148251,2,0.6575168728911164,1.4946658202877234,0.01528052568735732,8,500,0.0001422708553264977,0.9788495750148251,0.610909090909091,0.9814516129032258,0.9969281179602704,0.9891293304886721,4883.0,0.8484848484848485,0.4772727272727273,0.610909090909091,176.0,0.9788495750148251,0.0,XG,worst
0.9788495750148251,2,0.6752364571841654,3.932782739330706,0.013200443623668519,10,450,0.0004601534727946032,0.9788495750148251,0.608058608058608,0.9812575574365175,0.9971329100962523,0.9891315388522093,4883.0,0.8556701030927835,0.4715909090909091,0.608058608058608,176.0,0.9788495750148251,0.0,XG,worst
0.9788495750148251,1,0.6160099969847287,4.145019140687308,0.029120764143154586,8,400,0.0035765292712157328,0.9788495750148251,0.6051660516605166,0.9810636583400484,0.9973377022322343,0.9891337463186758,4883.0,0.8631578947368421,0.4659090909090909,0.6051660516605166,176.0,0.9788495750148251,0.0,XG,worst
0.9788495750148251,4,0.6420207562983641,1.5976861581419672,0.010004459092270213,10,500,0.00042669832784325345,0.9788495750148251,0.608058608058608,0.9812575574365175,0.9971329100962523,0.9891315388522093,4883.0,0.8556701030927835,0.4715909090909091,0.608058608058608,176.0,0.9788495750148251,0.0,XG,worst
0.9788495750148251,3,0.7167875461815206,1.899440602044913,0.014358141665930996,10,500,0.00023127289108121514,0.9788495750148251,0.610909090909091,0.9814516129032258,0.9969281179602704,0.9891293304886721,4883.0,0.8484848484848485,0.4772727272727273,0.610909090909091,176.0,0.9788495750148251,0.0,XG,worst
0.9788495750148251,1,0.7485387809215167,0.14790987617350015,0.01955583202654081,6,350,0.000571808247538284,0.9788495750148251,0.608058608058608,0.9812575574365175,0.9971329100962523,0.9891315388522093,4883.0,0.8556701030927835,0.4715909090909091,0.608058608058608,176.0,0.9788495750148251,0.0,XG,worst
0.9788495750148251,2,0.636248346060564,3.339763634422384,0.015199961949496008,9,500,0.0009401145329161757,0.9788495750148251,0.6051660516605166,0.9810636583400484,0.9973377022322343,0.9891337463186758,4883.0,0.8631578947368421,0.4659090909090909,0.6051660516605166,176.0,0.9788495750148251,0.0,XG,worst
0.9788495750148251,2,0.6507302241633521,2.418541222629215,0.014917864517771688,10,400,0.00013483989705571212,0.9788495750148251,0.608058608058608,0.9812575574365175,0.9971329100962523,0.9891315388522093,4883.0,0.8556701030927835,0.4715909090909091,0.608058608058608,176.0,0.9788495750148251,0.0,XG,worst
0.9788495750148251,2,0.7057052579301379,1.7440008658644433,0.014088009066823856,10,350,0.00017440577733808594,0.9788495750148251,0.610909090909091,0.9814516129032258,0.9969281179602704,0.9891293304886721,4883.0,0.8484848484848485,0.4772727272727273,0.610909090909091,176.0,0.9788495750148251,0.0,XG,worst
0.9788495750148251,1,0.6186258118195103,1.1831919465411413,0.05036584590834608,8,400,0.0029203444196978876,0.9788495750148251,0.610909090909091,0.9814516129032258,0.9969281179602704,0.9891293304886721,4883.0,0.8484848484848485,0.4772727272727273,0.610909090909091,176.0,0.9788495750148251,0.0,XG,worst
0.9788495750148251,4,0.608160064654699,0.5302667818278574,0.011189836241610004,10,500,0.0014056631879109617,0.9788495750148251,0.610909090909091,0.9814516129032258,0.9969281179602704,0.9891293304886721,4883.0,0.8484848484848485,0.4772727272727273,0.610909090909091,176.0,0.9788495750148251,0.0,XG,worst
0.9788495750148251,3,0.6986533465194087,0.6582927528663844,0.013904402231843409,10,500,0.0003366548764457088,0.9788495750148251,0.6137184115523465,0.981645824929407,0.9967233258242884,0.9891271212275176,4883.0,0.8415841584158416,0.48295454545454547,0.6137184115523465,176.0,0.9788495750148251,0.0,XG,worst
0.9788495750148251,4,0.6699316229786721,0.17741241357811696,0.013197007938148106,9,500,0.00042205415121794815,0.9788495750148251,0.6137184115523465,0.981645824929407,0.9967233258242884,0.9891271212275176,4883.0,0.8415841584158416,0.48295454545454547,0.6137184115523465,176.0,0.9788495750148251,0.0,XG,worst
0.9788495750148251,2,0.62226762793177,0.5390683449488087,0.021024237717531025,10,400,0.0008468763203968811,0.9788495750148251,0.610909090909091,0.9814516129032258,0.9969281179602704,0.9891293304886721,4883.0,0.8484848484848485,0.4772727272727273,0.610909090909091,176.0,0.9788495750148251,0.0,XG,worst
0.9788495750148251,1,0.6761840884146373,1.0402220122688806,0.03358067863043557,9,450,0.00029290272612418427,0.9788495750148251,0.610909090909091,0.9814516129032258,0.9969281179602704,0.9891293304886721,4883.0,0.8484848484848485,0.4772727272727273,0.610909090909091,176.0,0.9788495750148251,0.0,XG,worst
0.9788495750148251,0,0.6004049925376549,0.42417960683375633,0.058693908733882603,7,100,0.0004647431726759602,0.9788495750148251,0.610909090909091,0.9814516129032258,0.9969281179602704,0.9891293304886721,4883.0,0.8484848484848485,0.4772727272727273,0.610909090909091,176.0,0.9788495750148251,0.0,XG,worst
0.9786519074915991,2,0.7090401415641239,2.094190195360945,0.01862080855324307,10,450,0.00015706406993959171,0.9786519074915991,0.6086956521739131,0.9814478725549506,0.9967233258242884,0.989026620605568,4883.0,0.84,0.4772727272727273,0.6086956521739131,176.0,0.9786519074915991,0.0,XG,worst
0.9786519074915991,4,0.6103552248209984,0.08249684584330966,0.01595911132131169,10,450,0.00010096030031555298,0.9786519074915991,0.6086956521739131,0.9814478725549506,0.9967233258242884,0.989026620605568,4883.0,0.84,0.4772727272727273,0.6086956521739131,176.0,0.9786519074915991,0.0,XG,worst
0.9786519074915991,4,0.628458082616708,0.9619115869345093,0.011389124299125203,10,500,0.0003387876270339143,0.9786519074915991,0.6058394160583942,0.9812537794799435,0.9969281179602704,0.9890288500609509,4883.0,0.8469387755102041,0.4715909090909091,0.6058394160583942,176.0,0.9786519074915991,0.0,XG,worst
0.9786519074915991,3,0.6718072017355368,1.1993827041980991,0.01653551414821947,10,450,0.00012991378681892894,0.9786519074915991,0.6115107913669064,0.9816421222513617,0.9965185336883063,0.9890243902439024,4883.0,0.8333333333333334,0.48295454545454547,0.6115107913669064,176.0,0.9786519074915991,0.0,XG,worst
0.9786519074915991,2,0.6801010195861749,2.849929616436204,0.01296873210790561,10,450,0.0003966910624171841,0.9786519074915991,0.6058394160583942,0.9812537794799435,0.9969281179602704,0.9890288500609509,4883.0,0.8469387755102041,0.4715909090909091,0.6058394160583942,176.0,0.9786519074915991,0.0,XG,worst
0.9786519074915991,1,0.6609186374082445,1.5793330887504264,0.04080212558128661,10,500,0.00020745504054975631,0.9786519074915991,0.6058394160583942,0.9812537794799435,0.9969281179602704,0.9890288500609509,4883.0,0.8469387755102041,0.4715909090909091,0.6058394160583942,176.0,0.9786519074915991,0.0,XG,worst
0.9786519074915991,3,0.7942926844841797,1.3513888619126024,0.011929329212137707,10,400,0.0005304070620327142,0.9786519074915991,0.6115107913669064,0.9816421222513617,0.9965185336883063,0.9890243902439024,4883.0,0.8333333333333334,0.48295454545454547,0.6115107913669064,176.0,0.9786519074915991,0.0,XG,worst
0.9786519074915991,2,0.7293980412982456,1.703996970576489,0.01745111388275511,9,400,0.7556566265375924,0.9786519074915991,0.6058394160583942,0.9812537794799435,0.9969281179602704,0.9890288500609509,4883.0,0.8469387755102041,0.4715909090909091,0.6058394160583942,176.0,0.9786519074915991,0.0,XG,worst
0.9786519074915991,2,0.9701897592707079,1.0690347441106889,0.03494008386248977,10,500,0.000214278313602325,0.9786519074915991,0.6142857142857143,0.9818365287588294,0.9963137415523244,0.9890221589754015,4883.0,0.8269230769230769,0.48863636363636365,0.6142857142857143,176.0,0.9786519074915991,0.0,XG,worst
0.9786519074915991,3,0.6114232655423038,0.8139854079412241,0.011450132523293964,8,450,0.0015021381281958364,0.9786519074915991,0.6029411764705882,0.9810598428369938,0.9971329100962523,0.9890310786106032,4883.0,0.8541666666666666,0.4659090909090909,0.6029411764705882,176.0,0.9786519074915991,0.0,XG,worst
0.9786519074915991,4,0.6484460882554582,0.4786577769618119,0.010094880910543027,9,500,1.4603423813826555,0.9786519074915991,0.6058394160583942,0.9812537794799435,0.9969281179602704,0.9890288500609509,4883.0,0.8469387755102041,0.4715909090909091,0.6058394160583942,176.0,0.9786519074915991,0.0,XG,worst
0.9786519074915991,2,0.6231392398862733,0.8923492228156602,0.027977895901282513,9,400,0.0011036562232150887,0.9786519074915991,0.6058394160583942,0.9812537794799435,0.9969281179602704,0.9890288500609509,4883.0,0.8469387755102041,0.4715909090909091,0.6058394160583942,176.0,0.9786519074915991,0.0,XG,worst
0.9786519074915991,3,0.6887794153734508,2.2616533560424066,0.012399755610448763,10,500,0.00033024506332376665,0.9786519074915991,0.6086956521739131,0.9814478725549506,0.9967233258242884,0.989026620605568,4883.0,0.84,0.4772727272727273,0.6086956521739131,176.0,0.9786519074915991,0.0,XG,worst
0.9786519074915991,2,0.8194289449202118,0.04023982950509284,0.0642326225070785,7,200,0.0004991300866949007,0.9786519074915991,0.6142857142857143,0.9818365287588294,0.9963137415523244,0.9890221589754015,4883.0,0.8269230769230769,0.48863636363636365,0.6142857142857143,176.0,0.9786519074915991,0.0,XG,worst
0.9786519074915991,1,0.7739792291559027,3.751637500155783,0.021666779826635875,9,450,0.00010204077777233091,0.9786519074915991,0.6029411764705882,0.9810598428369938,0.9971329100962523,0.9890310786106032,4883.0,0.8541666666666666,0.4659090909090909,0.6029411764705882,176.0,0.9786519074915991,0.0,XG,worst
0.9786519074915991,3,0.7339969737943459,2.163573029499209,0.011475210400874418,10,350,0.004950158306646892,0.9786519074915991,0.6058394160583942,0.9812537794799435,0.9969281179602704,0.9890288500609509,4883.0,0.8469387755102041,0.4715909090909091,0.6058394160583942,176.0,0.9786519074915991,0.0,XG,worst
0.9786519074915991,2,0.6626190659792554,2.064768076508794,0.015516840337322263,10,450,0.0006181761379514181,0.9786519074915991,0.6058394160583942,0.9812537794799435,0.9969281179602704,0.9890288500609509,4883.0,0.8469387755102041,0.4715909090909091,0.6058394160583942,176.0,0.9786519074915991,0.0,XG,worst
0.9786519074915991,5,0.6430145977548486,0.38747129694841714,0.010949950515540914,10,500,0.00015707683749539698,0.9786519074915991,0.6058394160583942,0.9812537794799435,0.9969281179602704,0.9890288500609509,4883.0,0.8469387755102041,0.4715909090909091,0.6058394160583942,176.0,0.9786519074915991,0.0,XG,worst
0.9786519074915991,2,0.7707092254241523,3.8070614407104126,0.01108458287931957,9,500,0.012138661126577986,0.9786519074915991,0.6029411764705882,0.9810598428369938,0.9971329100962523,0.9890310786106032,4883.0,0.8541666666666666,0.4659090909090909,0.6029411764705882,176.0,0.9786519074915991,0.0,XG,worst
0.9786519074915991,3,0.6160414357529672,1.753327440545687,0.011760887427056655,9,450,0.000767241947863508,0.9786519074915991,0.6029411764705882,0.9810598428369938,0.9971329100962523,0.9890310786106032,4883.0,0.8541666666666666,0.4659090909090909,0.6029411764705882,176.0,0.9786519074915991,0.0,XG,worst
0.9786519074915991,1,0.6015364901436566,1.3141381270699874,0.04898183945250116,8,400,0.0024175385834818664,0.9786519074915991,0.6029411764705882,0.9810598428369938,0.9971329100962523,0.9890310786106032,4883.0,0.8541666666666666,0.4659090909090909,0.6029411764705882,176.0,0.9786519074915991,0.0,XG,worst
0.9786519074915991,2,0.7515688175140003,0.16783067511112693,0.011227460070087635,7,500,0.0001311082266159392,0.9786519074915991,0.6029411764705882,0.9810598428369938,0.9971329100962523,0.9890310786106032,4883.0,0.8541666666666666,0.4659090909090909,0.6029411764705882,176.0,0.9786519074915991,0.0,XG,worst
0.9786519074915991,2,0.8432292144060983,1.3937666582241228,0.018977168945103123,8,400,0.005213405701417139,0.9786519074915991,0.6086956521739131,0.9814478725549506,0.9967233258242884,0.989026620605568,4883.0,0.84,0.4772727272727273,0.6086956521739131,176.0,0.9786519074915991,0.0,XG,worst
0.9786519074915991,1,0.6000113649522864,3.1808559134519854,0.01522247529187197,9,300,0.0012274702263197323,0.9786519074915991,0.6,0.9808660624370594,0.9973377022322343,0.9890333062550771,4883.0,0.8617021276595744,0.4602272727272727,0.6,176.0,0.9786519074915991,0.0,XG,worst
0.9786519074915991,0,0.6401523170952486,0.06729544199956385,0.06647360121165985,6,150,0.00030250003950905443,0.9786519074915991,0.6058394160583942,0.9812537794799435,0.9969281179602704,0.9890288500609509,4883.0,0.8469387755102041,0.4715909090909091,0.6058394160583942,176.0,0.9786519074915991,0.0,XG,worst
0.9786519074915991,2,0.6824330069267466,0.43735322790460135,0.0199587243077915,9,350,0.0026891248702560783,0.9786519074915991,0.6086956521739131,0.9814478725549506,0.9967233258242884,0.989026620605568,4883.0,0.84,0.4772727272727273,0.6086956521739131,176.0,0.9786519074915991,0.0,XG,worst
0.9786519074915991,1,0.6882594661023016,1.8440387471022681,0.04493835336293203,10,450,0.007628305108546508,0.9786519074915991,0.6029411764705882,0.9810598428369938,0.9971329100962523,0.9890310786106032,4883.0,0.8541666666666666,0.4659090909090909,0.6029411764705882,176.0,0.9786519074915991,0.0,XG,worst
0.9786519074915991,3,0.8561299546017335,1.2776717676693752,0.011790138443110451,10,400,0.018016111885400178,0.9786519074915991,0.6086956521739131,0.9814478725549506,0.9967233258242884,0.989026620605568,4883.0,0.84,0.4772727272727273,0.6086956521739131,176.0,0.9786519074915991,0.0,XG,worst
0.9784542399683732,1,0.6539148690831603,5.612241667497481,0.023333355196974947,10,500,0.0003654591905988229,0.9784542399683732,0.5947955390334573,0.9806685461135722,0.9973377022322343,0.9889328865874708,4883.0,0.8602150537634409,0.45454545454545453,0.5947955390334573,176.0,0.9784542399683732,0.0,XG,worst
0.9784542399683732,2,0.720879816284764,0.24509612926771268,0.016075901971148183,7,350,0.00022817677551170685,0.9784542399683732,0.6007326007326007,0.98105602579605,0.9969281179602704,0.9889283900457084,4883.0,0.845360824742268,0.4659090909090909,0.6007326007326007,176.0,0.9784542399683732,0.0,XG,worst
0.9784542399683732,2,0.7560292005757008,1.195265185632778,0.02037724359994912,9,500,0.0005816246014861207,0.9784542399683732,0.6007326007326007,0.98105602579605,0.9969281179602704,0.9889283900457084,4883.0,0.845360824742268,0.4659090909090909,0.6007326007326007,176.0,0.9784542399683732,0.0,XG,worst
0.9784542399683732,2,0.7028426235957769,5.189888521390285,0.013564346462873344,9,500,0.0015981893592963328,0.9784542399683732,0.6007326007326007,0.98105602579605,0.9969281179602704,0.9889283900457084,4883.0,0.845360824742268,0.4659090909090909,0.6007326007326007,176.0,0.9784542399683732,0.0,XG,worst
0.9784542399683732,3,0.8263754800437921,2.6069903356503703,0.012293328471287878,10,450,0.0005630160557929174,0.9784542399683732,0.6007326007326007,0.98105602579605,0.9969281179602704,0.9889283900457084,4883.0,0.845360824742268,0.4659090909090909,0.6007326007326007,176.0,0.9784542399683732,0.0,XG,worst
0.9784542399683732,2,0.6938181375720616,2.9661046583010435,0.0180024351050141,10,450,0.0003785248894056164,0.9784542399683732,0.6007326007326007,0.98105602579605,0.9969281179602704,0.9889283900457084,4883.0,0.845360824742268,0.4659090909090909,0.6007326007326007,176.0,0.9784542399683732,0.0,XG,worst
0.9784542399683732,3,0.6826515951857222,2.090174260420316,0.012390256023744557,10,350,0.00029112713784511517,0.9784542399683732,0.6036363636363636,0.98125,0.9967233258242884,0.9889261404043482,4883.0,0.8383838383838383,0.4715909090909091,0.6036363636363636,176.0,0.9784542399683732,0.0,XG,worst
0.9784542399683732,2,0.6321083244264402,5.732880073698774,0.012095145096525949,10,500,0.0018749868002195553,0.9784542399683732,0.5947955390334573,0.9806685461135722,0.9973377022322343,0.9889328865874708,4883.0,0.8602150537634409,0.45454545454545453,0.5947955390334573,176.0,0.9784542399683732,0.0,XG,worst
0.9782565724451473,2,0.6332597245952164,4.548066394443255,0.01259191995545649,10,350,0.0008109690441710189,0.9782565724451473,0.5925925925925926,0.9806646525679759,0.9971329100962523,0.9888302193338749,4883.0,0.851063829787234,0.45454545454545453,0.5925925925925926,176.0,0.9782565724451473,0.0,XG,worst
0.9782565724451473,2,0.9003214459840028,1.0461838621017066,0.013632016576535757,9,200,0.0022484701058172528,0.9782565724451473,0.5985401459854015,0.981052207216287,0.9967233258242884,0.9888256806176351,4883.0,0.8367346938775511,0.4659090909090909,0.5985401459854015,176.0,0.9782565724451473,0.0,XG,worst
0.9782565724451473,1,0.6860947371488163,0.029870114534032058,0.01686386589949396,6,300,0.001184366468165245,0.9782565724451473,0.5955882352941176,0.9808583518033448,0.9969281179602704,0.9888279504367256,4883.0,0.84375,0.4602272727272727,0.5955882352941176,176.0,0.9782565724451473,0.0,XG,worst
0.9782565724451473,0,0.604139162865597,0.4802892465590292,0.025877545294464285,6,100,1.194585954628961,0.9782565724451473,0.5833333333333334,0.9800844900422451,0.9977472865041982,0.9888370204992897,4883.0,0.875,0.4375,0.5833333333333334,176.0,0.9782565724451473,0.0,XG,worst
0.9782565724451473,2,0.6341753222639794,2.344679296684304,0.012886827178135763,9,500,0.0009422447870300834,0.9782565724451473,0.5925925925925926,0.9806646525679759,0.9971329100962523,0.9888302193338749,4883.0,0.851063829787234,0.45454545454545453,0.5925925925925926,176.0,0.9782565724451473,0.0,XG,worst
0.9782565724451473,1,0.9927369223961975,2.951143083215702,0.029592313080774563,10,400,0.0057831628909207336,0.9782565724451473,0.6014492753623188,0.9812462189957653,0.9965185336883063,0.9888234098760414,4883.0,0.83,0.4715909090909091,0.6014492753623188,176.0,0.9782565724451473,0.0,XG,worst
0.9782565724451473,1,0.8704177213219528,0.30973346250987493,0.044338279022726385,10,250,0.14043792831133975,0.9782565724451473,0.6071428571428571,0.9816347124117053,0.9961089494163424,0.9888188656230942,4883.0,0.8173076923076923,0.48295454545454547,0.6071428571428571,176.0,0.9782565724451473,0.0,XG,worst
0.9780589049219214,1,0.6654411114484472,4.735613176158136,0.016599828279076204,10,250,0.24819286863132442,0.9780589049219214,0.5904059040590406,0.9806607574536664,0.9969281179602704,0.9887275312277851,4883.0,0.8421052631578947,0.45454545454545453,0.5904059040590406,176.0,0.9780589049219214,0.0,XG,worst
0.9780589049219214,1,0.6415677247187999,1.234722842212521,0.07427702477252238,7,400,0.0005031737744939941,0.9780589049219214,0.5963636363636363,0.9810483870967742,0.9965185336883063,0.9887229503200243,4883.0,0.8282828282828283,0.4659090909090909,0.5963636363636363,176.0,0.9780589049219214,0.0,XG,worst
0.9780589049219214,1,0.6296186951796404,0.6126757282182161,0.019587700576749207,5,450,0.00011695187816379389,0.9780589049219214,0.5904059040590406,0.9806607574536664,0.9969281179602704,0.9887275312277851,4883.0,0.8421052631578947,0.45454545454545453,0.5904059040590406,176.0,0.9780589049219214,0.0,XG,worst
0.9780589049219214,1,0.6162964669832751,6.437187393344673,0.04055805144761345,8,500,0.0017079635820247251,0.9780589049219214,0.5811320754716981,0.9800804828973843,0.9975424943682163,0.9887343956155485,4883.0,0.8651685393258427,0.4375,0.5811320754716981,176.0,0.9780589049219214,0.0,XG,worst
0.9780589049219214,1,0.7940414483258487,0.011908395587090673,0.012452034127470013,6,250,0.00011287641048803088,0.9780589049219214,0.587360594795539,0.9804671768022554,0.9971329100962523,0.9887298202863235,4883.0,0.8494623655913979,0.44886363636363635,0.587360594795539,176.0,0.9780589049219214,0.0,XG,worst
0.9780589049219214,2,0.7608411052072108,0.03247327469878207,0.03696539827251217,10,300,0.009716985888570699,0.9780589049219214,0.5992779783393501,0.981242436466317,0.9963137415523244,0.9887206584696677,4883.0,0.8217821782178217,0.4715909090909091,0.5992779783393501,176.0,0.9780589049219214,0.0,XG,worst
0.9780589049219214,2,0.7384111300213501,2.4658084414287655,0.010702472531983474,8,250,0.0006404575031126593,0.9780589049219214,0.5904059040590406,0.9806607574536664,0.9969281179602704,0.9887275312277851,4883.0,0.8421052631578947,0.45454545454545453,0.5904059040590406,176.0,0.9780589049219214,0.0,XG,worst
0.9778612373986953,0,0.8670506335384796,0.010838496805252472,0.031412022835762526,5,100,0.36714629560373985,0.9778612373986953,0.582089552238806,0.9802697805516408,0.9971329100962523,0.9886294416243655,4883.0,0.8478260869565217,0.4431818181818182,0.582089552238806,176.0,0.9778612373986953,0.0,XG,worst
0.9778612373986953,0,0.9219737322161454,1.741414735444181,0.047401739403621496,5,200,0.0006944465694015299,0.9778612373986953,0.5882352941176471,0.9806568607696957,0.9967233258242884,0.9886248222628479,4883.0,0.8333333333333334,0.45454545454545453,0.5882352941176471,176.0,0.9778612373986953,0.0,XG,worst
0.9778612373986953,3,0.6547517797038213,0.2565007978506479,0.022978798675624013,9,450,0.00043081618527648777,0.9778612373986953,0.6,0.9814328960645813,0.9959041572803604,0.9886155722707868,4883.0,0.8076923076923077,0.4772727272727273,0.6,176.0,0.9778612373986953,0.0,XG,worst
0.9778612373986953,0,0.6408285687082346,0.7356739525520356,0.025381675531240648,6,150,0.0026937810181572354,0.9778612373986953,0.5851851851851851,0.9804632426988923,0.9969281179602704,0.9886271324126726,4883.0,0.8404255319148937,0.44886363636363635,0.5851851851851851,176.0,0.9778612373986953,0.0,XG,worst
0.9778612373986953,0,0.7131357984981768,9.974388306056152,0.036609414071603154,9,450,0.001173125405771737,0.9778612373986953,0.5789473684210527,0.9800764741396659,0.9973377022322343,0.9886317498984978,4883.0,0.8555555555555555,0.4375,0.5789473684210527,176.0,0.9778612373986953,0.0,XG,worst
0.9776635698754694,0,0.9432621721724095,7.015825109834845,0.02592313382329509,5,350,0.0010668330053982017,0.9776635698754694,0.5799256505576208,0.9802658074909384,0.9969281179602704,0.9885267539851762,4883.0,0.8387096774193549,0.4431818181818182,0.5799256505576208,176.0,0.9776635698754694,0.0,XG,worst
0.9776635698754694,1,0.6755667964319475,4.495954363872505,0.09685934876521161,9,500,0.016320315081179374,0.9776635698754694,0.5767790262172284,0.980072463768116,0.9971329100962523,0.9885290833417927,4883.0,0.8461538461538461,0.4375,0.5767790262172284,176.0,0.9776635698754694,0.0,XG,worst
0.9774659023522435,1,0.9192924790228372,8.537842792778786,0.012625397171905684,9,450,0.004663081223647249,0.9774659023522435,0.5746268656716418,0.9800684517817596,0.9969281179602704,0.9884263959390863,4883.0,0.8369565217391305,0.4375,0.5746268656716418,176.0,0.9774659023522435,0.0,XG,worst
0.9772682348290176,1,0.8213993839394704,0.1070024005787724,0.07402992334111334,8,200,0.03225234015156218,0.9772682348290176,0.5878136200716846,0.9810330912025828,0.9956993651443784,0.9883118203069418,4883.0,0.7961165048543689,0.4659090909090909,0.5878136200716846,176.0,0.9772682348290176,0.0,XG,worst
0.9770705673057917,1,0.7250407484465105,0.042737186959682406,0.08932753645791737,7,450,0.06994403134263869,0.9770705673057917,0.5886524822695035,0.9812235009085403,0.9952897808724145,0.9882065880439203,4883.0,0.7830188679245284,0.4715909090909091,0.5886524822695035,176.0,0.9770705673057917,0.0,XG,worst
