Index,globalInd,opt,timeOpt,locOpt,catOpt,modelOpt,encDim,denom,n_layers,n_units_layer_0,n_units_layer_1,n_units_layer_2,lrate,nEpoch,dropout_prob,weight_decay,objmean,objsd,meantop5,sdtop5,meanbottom5,sdbottom5,meantime,long5time,bestobj,wf1top5,acctop5
0,300,0,1dpos,2dpos,5FTE,NN,16.0,5000.0,3,512,128.0,256.0,0.0025352434217668,400,0.360437726137734,0.0009323353575077,0.9736390591025894,0.003814722963027,0.9765961652500492,0.0003590808880131,0.9652105159122356,1.2412670766236366e-16,0.08,0.8,0.9770705673057916,0.5472396669336794,0.9765961652500492
1,301,0,1dpos,2dpos,WTE,NN,16.0,5000.0,2,128,512.0,,0.0376120208029495,500,0.4113829928792693,0.0005302108123428,0.973042103182447,0.0044879918795851,0.9765170982407588,0.000216533922714,0.9652105159122356,1.2412670766236366e-16,0.44,1.0,0.9768728997825658,0.5477535344043296,0.9765170982407588
2,302,0,1dpos,2dpos,onehot,NN,16.0,5000.0,2,512,128.0,,0.0031525792356838,300,0.2608699795860285,0.0003782159344487,0.9736192923502668,0.0050709753712769,0.9773077683336628,0.000216533922714,0.9652105159122356,1.2412670766236366e-16,0.22,1.0,0.9774659023522436,0.5726495326095076,0.9773077683336628
3,303,0,1dpos,elliptic,5FTE,NN,,,2,256,256.0,,0.0218089263342316,400,0.2122333168217871,7.453558973826364e-05,0.970610792646768,0.0050462635069513,0.9758450286617908,8.839960377543491e-05,0.9652105159122356,1.2412670766236366e-16,0.08,0.8,0.975884562166436,0.5266418862371285,0.9758450286617908
4,304,0,1dpos,elliptic,WTE,NN,,,2,256,256.0,,0.0304001419060518,300,0.0380929523191679,0.0001002687130385,0.9711326349080844,0.0049828989475524,0.9757659616525004,0.0001767992075508,0.9652105159122356,1.2412670766236366e-16,0.06,0.6,0.976082229689662,0.5265410984042161,0.9757659616525004
5,305,0,1dpos,elliptic,onehot,NN,,,3,128,256.0,256.0,0.0117235618230435,500,0.3864210184949594,0.0001687147795065,0.972417473809053,0.0053897592888476,0.9772682348290176,0.0002420922853116,0.9652105159122356,1.2412670766236366e-16,0.22,1.0,0.9776635698754694,0.5461921094156938,0.9772682348290176
6,306,0,1dpos,polar,5FTE,NN,,,2,256,512.0,,0.0244275889698523,400,0.0038206136434741,7.211097814067765e-05,0.971753310931014,0.0051986320860797,0.9763589642221784,0.000108266961357,0.9652105159122356,1.2412670766236366e-16,0.2,1.0,0.9764775647361138,0.5395819777499166,0.9763589642221784
7,307,0,1dpos,polar,WTE,NN,,,3,256,256.0,128.0,0.0044519448720777,500,0.3601200566317482,0.0001202158733584,0.9726111879818145,0.0049244990310303,0.9763984977268236,0.0001767992075509,0.9652105159122356,1.2412670766236366e-16,0.56,1.0,0.9766752322593398,0.5435151566571182,0.9763984977268236
8,308,0,1dpos,polar,onehot,NN,,,3,128,256.0,128.0,0.0065849003148959,400,0.461608948986882,0.0001367316891496,0.9725597944257758,0.0053565881740709,0.9770310338011464,8.839960377543491e-05,0.9652105159122356,1.2412670766236366e-16,0.44,1.0,0.9770705673057916,0.5408637873754152,0.9770310338011464
9,309,0,1dpos,raw,5FTE,NN,,,3,256,512.0,128.0,0.0018585513948279,500,0.1230160588395094,0.0002212134611915,0.9720339988139948,0.0050148466813229,0.9761612966989522,0.000108266961357,0.9652105159122356,1.2412670766236366e-16,0.5,1.0,0.976279897212888,0.5307368583146793,0.9761612966989522
10,310,0,1dpos,raw,WTE,NN,,,3,512,256.0,256.0,0.0086750302184688,300,0.3388778856919058,0.0001660944992053,0.9722000395335044,0.0047652793328209,0.9760426961850166,0.0001653805152271,0.9652105159122356,1.2412670766236366e-16,0.18,1.0,0.976279897212888,0.5291509574599745,0.9760426961850166
11,311,0,1dpos,raw,onehot,NN,,,2,512,256.0,,0.0248398494075261,400,0.0612304166740691,0.0008456537310566,0.9652105159122356,1.1214946133455534e-16,0.9652105159122356,1.2412670766236366e-16,0.9652105159122356,1.2412670766236366e-16,0.22,1.2,0.9652105159122356,0.0,0.9652105159122356
12,312,0,1dpos,zone,5FTE,NN,,,3,512,512.0,128.0,0.0035537743671993,500,0.2295415726797298,3.481983030005865e-05,0.97125123542202,0.0050626265318962,0.9760426961850168,8.839960377543491e-05,0.9652105159122356,1.2412670766236366e-16,0.42,1.2,0.976082229689662,0.52980631322324,0.9760426961850168
13,313,0,1dpos,zone,WTE,NN,,,3,128,512.0,128.0,0.0028644722999867,400,0.0811709259080199,0.0005894635632888,0.9706345127495548,0.0050389451595974,0.9759636291757264,0.000108266961357,0.9652105159122356,1.2412670766236366e-16,0.22,1.0,0.976082229689662,0.5274525527933708,0.9759636291757264
14,314,0,1dpos,zone,onehot,NN,,,3,256,512.0,512.0,0.0038493393927915,400,0.2957031356786407,0.000711052811532,0.9724609606641628,0.0064238612231679,0.9791658430519864,0.000108266961357,0.9652105159122356,1.2412670766236366e-16,0.54,1.0,0.9792449100612768,0.6046464475796232,0.9791658430519864
15,315,0,cyclic,2dpos,5FTE,NN,16.0,5000.0,1,256,,,0.0633188385362311,300,0.0824350210424922,0.0001208832782066,0.9742636884759832,0.0037460100419746,0.9769519667918564,0.000108266961357,0.9652105159122356,1.2412670766236366e-16,0.24,1.0,0.9770705673057916,0.5617917641686272,0.9769519667918564
16,316,0,cyclic,2dpos,WTE,NN,16.0,5000.0,2,512,512.0,,0.0053725125148311,300,0.2892964478041289,0.0002480454263257,0.9734413915793634,0.004191213630087,0.9764775647361136,0.0002420922853116,0.9652105159122356,1.2412670766236366e-16,0.22,1.0,0.9768728997825658,0.550756233446146,0.9764775647361136
17,317,0,cyclic,2dpos,onehot,NN,16.0,5000.0,2,512,512.0,,0.00379955535936,500,0.0842292888052297,0.0006998425333753,0.9755327139750936,0.004236163722075,0.9779007709033406,8.839960377548457e-05,0.9652105159122356,1.2412670766236366e-16,0.6,1.0,0.9780589049219214,0.5846051811923749,0.9779007709033406
18,318,0,cyclic,elliptic,5FTE,NN,,,3,256,256.0,256.0,0.0245414934379582,500,0.0114910874251285,8.681284073699452e-05,0.9720102787112076,0.0054390648305024,0.9766752322593396,1.2412670766236366e-16,0.9641826447914608,0.0022983896981614,0.3,1.2,0.9766752322593398,0.5457353374594753,0.9766752322593396
19,319,0,cyclic,elliptic,WTE,NN,,,3,256,256.0,256.0,0.0202358666361239,400,0.0050249239414392,9.732178467265468e-05,0.971243328721091,0.0051949479848863,0.9763984977268232,0.000108266961357,0.9652105159122356,1.2412670766236366e-16,0.34,1.0,0.9764775647361138,0.5402902613479341,0.9763984977268232
20,320,0,cyclic,elliptic,onehot,NN,,,3,128,256.0,256.0,0.0088739546227693,500,0.4132137011638896,0.0001216782411596,0.972820715556434,0.0051305429996374,0.9769915002965014,0.0001767992075508,0.9652105159122356,1.2412670766236366e-16,0.44,1.2,0.9772682348290176,0.5477022101157261,0.9769915002965014
21,321,0,cyclic,polar,5FTE,NN,,,3,256,512.0,128.0,0.0059408656879874,500,0.177758959147477,7.031828616530445e-05,0.9733979047242536,0.0046701760624991,0.9767542992686302,0.000108266961357,0.9652105159122356,1.2412670766236366e-16,0.52,1.0,0.9768728997825658,0.5486121359523548,0.9767542992686302
22,322,0,cyclic,polar,WTE,NN,,,3,128,128.0,256.0,0.0140284132814103,500,0.0210171365445775,7.453474159136739e-05,0.9718995848982012,0.0051244950909964,0.9765961652500492,0.0001767992075509,0.9652105159122356,1.2412670766236366e-16,0.3,1.2,0.9766752322593398,0.5418008348240906,0.9765961652500492
23,323,0,cyclic,polar,onehot,NN,,,3,512,256.0,512.0,0.0041742615967229,500,0.1069594840386992,0.0001909592016919,0.9736232457007312,0.0050987243493681,0.977544969361534,0.0001767992075508,0.9652105159122356,1.2412670766236366e-16,0.56,1.0,0.9778612373986952,0.5569404069767442,0.977544969361534
24,324,0,cyclic,raw,5FTE,NN,,,3,128,512.0,256.0,0.0081829023046187,400,0.2938838441085752,0.0001241250512513,0.9718165645384462,0.0049085934107537,0.976714765763985,0.000324800884071,0.9652105159122356,1.2412670766236366e-16,0.4,1.0,0.9772682348290176,0.5469942627633445,0.976714765763985
25,325,0,cyclic,raw,WTE,NN,,,1,128,,,0.0456752202027838,500,0.1689808634005897,0.0001207116291103,0.9723502668511564,0.004628422181246,0.9764775647361136,0.0002420922853116,0.9652105159122356,1.2412670766236366e-16,0.18,1.0,0.9768728997825658,0.538251804330393,0.9764775647361136
26,326,0,cyclic,raw,onehot,NN,,,3,512,512.0,128.0,0.0107224235457847,400,0.4528737302108346,0.0004157259359535,0.9724135204585886,0.0057783094036037,0.9782565724451472,0.0002420922853116,0.9652105159122356,1.2412670766236366e-16,0.24,1.0,0.9784542399683732,0.5839419047363437,0.9782565724451472
27,327,0,cyclic,zone,5FTE,NN,,,3,512,256.0,256.0,0.0092192820790159,500,0.3266595539075352,4.2851644076731456e-05,0.9709507807867166,0.0049779356475999,0.9765961652500492,0.0002997776415913,0.9652105159122356,1.2412670766236366e-16,0.3,1.0,0.9768728997825658,0.5402492867855015,0.9765961652500492
28,328,0,cyclic,zone,WTE,NN,,,2,512,512.0,,0.0114297673555638,500,0.3070054835169822,6.0161543846543566e-05,0.9730104763787308,0.0042866711841205,0.9767542992686302,0.000108266961357,0.9652105159122356,1.2412670766236366e-16,0.52,1.0,0.9768728997825658,0.5434692336985398,0.9767542992686302
29,329,0,cyclic,zone,onehot,NN,,,2,128,256.0,,0.0214286401684141,300,0.099416018061989,8.655624397665015e-05,0.9740462542004348,0.0061802679399815,0.979284443565922,0.000216533922714,0.9652105159122356,1.2412670766236366e-16,0.1,1.0,0.9794425775845028,0.6095435936441435,0.979284443565922
30,330,0,raw,2dpos,5FTE,NN,16.0,5000.0,2,256,128.0,,0.0365447406967198,400,0.1034839784722381,0.0001352950437891,0.9736509191539828,0.0042937414686337,0.9766752322593396,0.0003698020742018,0.9652105159122356,1.2412670766236366e-16,0.34,1.0,0.9770705673057916,0.5464229634668283,0.9766752322593396
31,331,0,raw,2dpos,WTE,NN,16.0,5000.0,2,512,512.0,,0.0133963572018475,300,0.1773484322791452,0.0001113355748667,0.9738920735323184,0.0036296469480076,0.9761612966989522,0.0002253756523224,0.9652105159122356,1.2412670766236366e-16,0.14,1.0,0.9764775647361138,0.5362854927235835,0.9761612966989522
32,332,0,raw,2dpos,onehot,NN,16.0,5000.0,3,256,256.0,512.0,0.0071700284410339,400,0.1743248755531583,0.0003781158769648,0.9746669302233644,0.0045123505431316,0.9775845028661792,0.000108266961357,0.9652105159122356,1.2412670766236366e-16,0.52,1.2,0.9776635698754694,0.57518066559576,0.9775845028661792
33,333,0,raw,elliptic,5FTE,NN,,,2,512,128.0,,0.0019049531213103,500,0.1572421545782062,0.0001845943196611,0.970282664558213,0.0052042062095402,0.9760426961850168,8.839960377543491e-05,0.9652105159122356,1.2412670766236366e-16,0.18,1.2,0.976082229689662,0.5246691176470588,0.9760426961850168
34,334,0,raw,elliptic,WTE,NN,,,3,256,128.0,256.0,0.004191330157938,300,0.3711071175444412,0.0006197588388507,0.9698043091520064,0.0050500734459666,0.975884562166436,0.0,0.9652105159122356,1.2412670766236366e-16,0.18,1.0,0.975884562166436,0.5247372500936283,0.975884562166436
35,335,0,raw,elliptic,onehot,NN,,,3,512,512.0,256.0,0.0090659443457636,500,0.4957221052325476,6.279538451305319e-05,0.96858272385847,0.0052127489647199,0.9770705673057916,0.0001976675232259,0.9652105159122356,1.2412670766236366e-16,0.54,1.0,0.9772682348290176,0.5460281603702581,0.9770705673057916
36,336,0,raw,polar,5FTE,NN,,,3,512,512.0,128.0,0.0042916715134223,400,0.336392770692794,3.942110903621932e-05,0.9710733346511168,0.0051243783859358,0.9763589642221784,0.0002651988113263,0.9652105159122356,1.2412670766236366e-16,0.46,1.2,0.9766752322593398,0.538400898373229,0.9763589642221784
37,337,0,raw,polar,WTE,NN,,,3,256,128.0,128.0,0.0043338092029539,400,0.001440602704804,0.0001053511683616,0.9722672464914012,0.0049107307765121,0.9761217631943072,8.839960377543491e-05,0.9652105159122356,1.2412670766236366e-16,0.12,1.0,0.976279897212888,0.5276149965800274,0.9761217631943072
38,338,0,raw,polar,onehot,NN,,,3,128,512.0,128.0,0.0039475861435719,500,0.1955041381072251,0.0002400309579956,0.9724649140146272,0.0055468154808044,0.9775054358568888,8.839960377543491e-05,0.9652105159122356,1.2412670766236366e-16,0.34,1.0,0.9776635698754694,0.5544212694920487,0.9775054358568888
39,339,0,raw,raw,5FTE,NN,,,3,128,128.0,512.0,0.0128039117983022,400,0.4109354429418485,0.000176441965665,0.9713184423799168,0.0051452868616318,0.9762403637082426,0.0001653805152271,0.9652105159122356,1.2412670766236366e-16,0.28,1.2,0.9764775647361138,0.5289535972431965,0.9762403637082426
40,340,0,raw,raw,WTE,NN,,,2,256,128.0,,0.0127961262477384,500,0.0320446513866627,8.28761901944633e-05,0.9715793635105752,0.0051095242528885,0.976279897212888,0.0001976675232259,0.9652105159122356,1.2412670766236366e-16,0.12,1.0,0.9764775647361138,0.5278689869744687,0.976279897212888
41,341,0,raw,raw,onehot,NN,,,2,512,256.0,,0.0435540608622949,200,0.1099771803659361,0.000189013831555,0.9652105159122356,1.1214946133455534e-16,0.9652105159122356,1.2412670766236366e-16,0.9652105159122356,1.2412670766236366e-16,0.14,1.0,0.9652105159122356,0.0,0.9652105159122356
42,342,0,raw,zone,5FTE,NN,,,3,128,128.0,512.0,0.0199604498470372,400,0.0190041381125324,0.0001665260885948,0.9719391184028464,0.0050346390067462,0.9763589642221784,0.000108266961357,0.9652105159122356,1.2412670766236366e-16,0.22,1.0,0.9764775647361138,0.5297808592608542,0.9763589642221784
43,343,0,raw,zone,WTE,NN,,,3,512,256.0,512.0,0.0054371716226081,500,0.1212178749525098,9.254843012836516e-05,0.9713935560387428,0.0052748869549031,0.9765566317454042,0.000108266961357,0.9652105159122356,1.2412670766236366e-16,0.54,1.4,0.9766752322593398,0.5352091916926082,0.9765566317454042
44,344,0,raw,zone,onehot,NN,,,2,128,128.0,,0.0075042404666529,400,0.3792262928010921,0.0001496893735593,0.970175924095671,0.0064215271462342,0.9789286420241154,0.000108266961357,0.9652105159122356,1.2412670766236366e-16,0.12,1.0,0.979047242538051,0.5978719894193715,0.9789286420241154
45,345,1,1dpos,2dpos,5FTE,NN,16.0,5000.0,2,512,256.0,,0.032931082713112,500,0.4950291115461113,0.0003890055596404,0.9746115833168608,0.0044800374977847,0.977544969361534,0.0001767992075508,0.9652105159122356,1.2412670766236366e-16,0.34,1.0,0.9776635698754694,0.5749499094940361,0.977544969361534
46,346,1,1dpos,2dpos,WTE,NN,16.0,5000.0,2,128,256.0,,0.0024390850922962,400,0.1253794255543432,0.0004218179708032,0.9744178691440994,0.0044232425538499,0.9773868353429532,0.000108266961357,0.9652105159122356,1.2412670766236366e-16,0.22,1.0,0.9774659023522436,0.5732430293720616,0.9773868353429532
47,347,1,1dpos,2dpos,onehot,NN,16.0,5000.0,2,256,256.0,,0.0335399790093525,300,0.16008970406696,0.0006493071524657,0.974694603676616,0.0042559200409569,0.9777031033801146,0.0004285329786257,0.9652105159122356,1.2412670766236366e-16,0.12,1.0,0.9782565724451472,0.581341721522227,0.9777031033801146
48,348,1,1dpos,elliptic,5FTE,NN,,,1,512,,,0.0087124037205082,500,0.2846987182777638,0.0001986271436836,0.971990511958885,0.00538191832979,0.9768333662779206,8.839960377543491e-05,0.9652105159122356,1.2412670766236366e-16,0.06,0.6,0.9768728997825658,0.5339824526763726,0.9768333662779206
49,349,1,1dpos,elliptic,WTE,NN,,,1,256,,,0.009670223392042,500,0.1767318207751542,0.0001139786378335,0.9724491006127692,0.0089968654144417,0.9769519667918564,0.000108266961357,0.9560782763391976,0.0204203084721269,0.1,1.0,0.9770705673057916,0.5367817785986895,0.9769519667918564
50,350,1,1dpos,elliptic,onehot,NN,,,3,512,128.0,256.0,0.0071238524768956,300,0.4823458349259191,0.0001623730285138,0.972721881794821,0.0050966658222363,0.9765961652500492,0.0001767992075509,0.9652105159122356,1.2412670766236366e-16,0.1,1.0,0.9768728997825658,0.5368648268940485,0.9765961652500492
51,351,1,1dpos,polar,5FTE,NN,,,1,128,,,0.038335632832619,500,0.4378329246654444,3.7492907833538e-05,0.9741134611583316,0.0045191665677823,0.9768728997825658,0.0,0.9652105159122356,1.2412670766236366e-16,0.08,0.8,0.9768728997825658,0.539908088235294,0.9768728997825658
52,352,1,1dpos,polar,WTE,NN,,,3,256,128.0,128.0,0.0032248941523736,500,0.1517194240374814,0.0001221242725804,0.9719312117019172,0.0055086965517054,0.9769915002965014,0.0001767992075508,0.9652105159122356,1.2412670766236366e-16,0.1,1.0,0.9772682348290176,0.5436247113569405,0.9769915002965014
53,353,1,1dpos,polar,onehot,NN,,,2,128,256.0,,0.0258515886019842,500,0.4761880977354817,9.384800754623516e-05,0.9726507214864596,0.0052890354950794,0.9769519667918564,0.000108266961357,0.9652105159122356,1.2412670766236366e-16,0.04,0.4,0.9770705673057916,0.5421726116963338,0.9769519667918564
54,354,1,1dpos,raw,5FTE,NN,,,3,256,128.0,128.0,0.0130050657422757,200,0.1911902978232152,0.0003667867582722,0.9738525400276734,0.0052392419135112,0.9782565724451472,0.0001397720460933,0.9652105159122356,1.2412670766236366e-16,0.1,1.0,0.9784542399683732,0.581804003405568,0.9782565724451472
55,355,1,1dpos,raw,WTE,NN,,,3,512,256.0,256.0,0.0113274122442089,200,0.3749132905754487,0.0002920626117229,0.974651116821506,0.0048495075466903,0.978217038940502,0.0002577269185689,0.9652105159122356,1.2412670766236366e-16,0.3,1.2,0.9786519074915992,0.5783649677708904,0.978217038940502
56,356,1,1dpos,raw,onehot,NN,,,3,256,512.0,512.0,0.0097494528041725,300,0.4600770004306724,0.0004147489000081,0.9738525400276734,0.0052384808732073,0.9782565724451472,0.0001397720460933,0.9652105159122356,1.2412670766236366e-16,0.36,1.0,0.9784542399683732,0.578529216326646,0.9782565724451472
57,357,1,1dpos,zone,5FTE,NN,,,3,512,512.0,256.0,0.0149826087597964,500,0.3295109874015409,1.746976252874348e-05,0.973690452658628,0.0052147127363297,0.9782565724451472,0.0002795440921868,0.9652105159122356,1.2412670766236366e-16,0.24,1.0,0.9786519074915992,0.5834208554728095,0.9782565724451472
58,358,1,1dpos,zone,WTE,NN,,,3,128,128.0,128.0,0.0112041352950293,300,0.4598586669988312,0.0001657462618755,0.97445344929828,0.0050155335455642,0.978414706463728,0.0002931883173392,0.9652105159122356,1.2412670766236366e-16,0.18,1.0,0.9788495750148252,0.5860981267590204,0.978414706463728
59,359,1,1dpos,zone,onehot,NN,,,1,512,,,0.0179733881904739,500,0.1700835920169556,0.0002462179846164,0.9742122949199444,0.0054778080937397,0.9785333069776636,0.000108266961357,0.9652105159122356,1.2412670766236366e-16,0.1,1.0,0.9786519074915992,0.587428079489203,0.9785333069776636
60,360,1,cyclic,2dpos,5FTE,NN,16.0,5000.0,3,128,256.0,512.0,0.0108086052219383,400,0.4290828252823686,0.0002327505260778,0.9748606443961256,0.0040093675052225,0.977544969361534,0.0001767992075508,0.9652105159122356,1.2412670766236366e-16,0.22,1.0,0.9776635698754694,0.570526778592447,0.977544969361534
61,361,1,cyclic,2dpos,WTE,NN,16.0,5000.0,1,256,,,0.0512298711974624,500,0.4285624488616795,2.685159071062876e-05,0.9740383474995058,0.0047602315158744,0.9773077683336628,0.0002577269185689,0.9652105159122356,1.2412670766236366e-16,0.12,1.0,0.9776635698754694,0.5701666463831421,0.9773077683336628
62,362,1,cyclic,2dpos,onehot,NN,16.0,5000.0,2,512,256.0,,0.0053544599123502,400,0.0788249033021577,0.0005334624694642,0.9746985570270804,0.0042584505468726,0.977347301838308,0.000108266961357,0.9652105159122356,1.2412670766236366e-16,0.1,1.0,0.9774659023522436,0.5758583093899079,0.977347301838308
63,363,1,cyclic,elliptic,5FTE,NN,,,3,256,512.0,512.0,0.0016612640565831,500,0.3445853864701094,0.0001274497079301,0.9727021150424984,0.0051977116891202,0.9766356987546946,0.0001653805152271,0.9652105159122356,1.2412670766236366e-16,0.34,1.0,0.9768728997825658,0.5427933483542834,0.9766356987546946
64,364,1,cyclic,elliptic,WTE,NN,,,1,256,,,0.0065656249476909,400,0.3707924843526072,0.0001467115489272,0.9723581735520852,0.005176822409997,0.9765566317454042,0.000108266961357,0.9652105159122356,1.2412670766236366e-16,0.08,0.8,0.9766752322593398,0.5374205612584518,0.9765566317454042
65,365,1,cyclic,elliptic,onehot,NN,,,3,128,512.0,128.0,0.0039852630267848,300,0.0364103272694032,0.0002215286033283,0.9725716544771692,0.0053398700948904,0.976714765763985,8.839960377543491e-05,0.9652105159122356,1.2412670766236366e-16,0.18,1.0,0.9768728997825658,0.5450354758767479,0.976714765763985
66,366,1,cyclic,polar,5FTE,NN,,,1,128,,,0.0370693490941846,500,0.4321705302267607,6.906404158062528e-05,0.9735402253409764,0.0047579528043198,0.9767542992686302,0.000108266961357,0.9652105159122356,1.2412670766236366e-16,0.02,0.2,0.9768728997825658,0.5365744653040055,0.9767542992686302
67,367,1,cyclic,polar,WTE,NN,,,3,256,128.0,512.0,0.0040428191877985,500,0.4069001041887488,5.4189243268222e-05,0.9739632338406798,0.0047207746490775,0.9772287013243725,8.839960377543491e-05,0.9652105159122356,1.2412670766236366e-16,0.92,2.0,0.9772682348290176,0.5520427903015014,0.9772287013243725
68,368,1,cyclic,polar,onehot,NN,,,3,256,128.0,128.0,0.0043812222497552,400,0.0837128696735798,0.0001804156061077,0.9742636884759832,0.0046006634522726,0.9773868353429532,0.000108266961357,0.9652105159122356,1.2412670766236366e-16,0.38,1.0,0.9774659023522436,0.5533958559557204,0.9773868353429532
69,369,1,cyclic,raw,5FTE,NN,,,3,256,256.0,256.0,0.0119167596162895,400,0.3097168515180248,0.000705956279153,0.9743664755880608,0.0047633847265613,0.9778612373986956,1.2412670766236366e-16,0.9652105159122356,1.2412670766236366e-16,0.48,1.0,0.9778612373986952,0.5794048823854958,0.9778612373986956
70,370,1,cyclic,raw,WTE,NN,,,3,128,256.0,512.0,0.0156502677274769,400,0.0707233397250266,0.0002379755429846,0.9737418462146668,0.0055600412265709,0.9783356394544376,0.0001767992075508,0.9652105159122356,1.2412670766236366e-16,0.36,1.4,0.9786519074915992,0.5874533141443242,0.9783356394544376
71,371,1,cyclic,raw,onehot,NN,,,3,128,256.0,256.0,0.0122168567949188,500,0.2535842549267499,0.0003145437618898,0.9739909072939316,0.0050387758326792,0.9781379719312115,0.000108266961357,0.9652105159122356,1.2412670766236366e-16,0.14,1.0,0.9782565724451472,0.5823901962978753,0.9781379719312115
72,372,1,cyclic,zone,5FTE,NN,,,2,128,128.0,,0.0477594275110648,500,0.0796681144769791,0.0001714484922213,0.9730895433880212,0.0053786221928046,0.978217038940502,0.0001653805152271,0.9652105159122356,1.2412670766236366e-16,0.22,1.0,0.9784542399683732,0.5814602709511605,0.978217038940502
73,373,1,cyclic,zone,WTE,NN,,,3,256,128.0,128.0,0.0140071400245599,500,0.1049281597706969,8.986236463152212e-05,0.9738209132239573,0.0054844928926951,0.9782961059497924,8.839960377543491e-05,0.9652105159122356,1.2412670766236366e-16,0.2,1.0,0.9784542399683732,0.5891090405399104,0.9782961059497924
74,374,1,cyclic,zone,onehot,NN,,,3,256,128.0,128.0,0.0078307711908779,500,0.4245998998723259,0.0001419629328733,0.9752164459379324,0.0051233325899712,0.9787309745008896,0.000108266961357,0.9652105159122356,1.2412670766236366e-16,0.28,1.0,0.9788495750148252,0.5968526589190541,0.9787309745008896
75,375,1,raw,2dpos,5FTE,NN,16.0,5000.0,2,256,128.0,,0.0442888041371258,300,0.2621096471380697,7.944154075335168e-05,0.9754931804704486,0.0032021416613091,0.9773077683336628,8.839960377543491e-05,0.966554655070172,0.003005586528365,0.22,1.0,0.9774659023522436,0.5709645798050726,0.9773077683336628
76,376,1,raw,2dpos,WTE,NN,16.0,5000.0,1,128,,,0.0371421496094435,500,0.272350264296436,0.0001837975767338,0.9750543585688872,0.0037528155614571,0.9775845028661792,0.0002997776415912,0.9652105159122356,1.2412670766236366e-16,0.12,1.0,0.9778612373986952,0.576102154556289,0.9775845028661792
77,377,1,raw,2dpos,onehot,NN,16.0,5000.0,1,512,,,0.0188231687149882,500,0.3714562981244282,4.402604702040257e-05,0.9756513144890292,0.0031595751645588,0.9773077683336628,8.839960377543491e-05,0.9670685906305592,0.0041547813774457,0.14,1.0,0.9774659023522436,0.5722498528666533,0.9773077683336628
78,378,1,raw,elliptic,5FTE,NN,,,1,256,,,0.0147388249940053,400,0.1517687348180366,6.826553056961542e-05,0.9727811820517888,0.0051266559885033,0.9768333662779206,0.0001653805152271,0.9652105159122356,1.2412670766236366e-16,0.18,1.0,0.9770705673057916,0.5419280584592213,0.9768333662779206
79,379,1,raw,elliptic,WTE,NN,,,3,512,256.0,128.0,0.0034254929849118,300,0.1584130239570018,0.0003300410406575,0.9719391184028464,0.0053432140152648,0.9765566317454042,0.000108266961357,0.9652105159122356,1.2412670766236366e-16,0.1,1.0,0.9766752322593398,0.5379668171855835,0.9765566317454042
80,380,1,raw,elliptic,onehot,NN,,,2,256,256.0,,0.0037742696991122,500,0.16879481220464,0.0001583833159742,0.9723146866969756,0.0053657681224648,0.9768728997825658,0.0,0.9652105159122356,1.2412670766236366e-16,0.16,1.0,0.9768728997825658,0.5439025125931288,0.9768728997825658
81,381,1,raw,polar,5FTE,NN,,,3,256,512.0,256.0,0.0060748282535063,300,0.2972250676963091,5.637893273703441e-05,0.972164459379324,0.005507348742169,0.9769519667918564,0.0002253756523224,0.9652105159122356,1.2412670766236366e-16,0.3,1.0,0.9772682348290176,0.5453177186938635,0.9769519667918564
82,382,1,raw,polar,WTE,NN,,,3,256,128.0,512.0,0.0129527746132868,500,0.0493599034034381,0.0002074119259058,0.9718956315477366,0.0055902670981853,0.9774263688475984,0.0001653805152271,0.9652105159122356,1.2412670766236366e-16,0.46,1.0,0.9776635698754694,0.5549496291481029,0.9774263688475984
83,383,1,raw,polar,onehot,NN,,,3,256,512.0,512.0,0.0017078238322601,500,0.003746186105362,0.0001710953619995,0.9729946629768728,0.005424662294017,0.9775054358568888,8.839960377543491e-05,0.9652105159122356,1.2412670766236366e-16,0.52,1.2,0.9776635698754694,0.555812955996352,0.9775054358568888
84,384,1,raw,raw,5FTE,NN,,,3,128,128.0,256.0,0.0196251368808437,500,0.1386793450496014,0.0004977868940854,0.974635303419648,0.0051095476619693,0.978414706463728,0.000216533922714,0.9652105159122356,1.2412670766236366e-16,0.42,1.0,0.9786519074915992,0.5843857722252894,0.978414706463728
85,385,1,raw,raw,WTE,NN,,,3,256,128.0,256.0,0.002215030670095,400,0.4156159690863525,0.0006638273249831,0.9721684127297884,0.0060110934647231,0.9780984384265664,8.839960377543491e-05,0.9652105159122356,1.2412670766236366e-16,0.1,1.0,0.9782565724451472,0.5653868567556316,0.9780984384265664
86,386,1,raw,raw,onehot,NN,,,3,128,128.0,512.0,0.0122593644187294,500,0.3607973216161825,0.0002278365754546,0.9726428147855308,0.0059133281935772,0.9782565724451472,0.0001397720460933,0.9652105159122356,1.2412670766236366e-16,0.36,1.0,0.9784542399683732,0.5757429309566452,0.9782565724451472
87,387,1,raw,zone,5FTE,NN,,,3,128,512.0,128.0,0.0099737028893306,400,0.4227301038813051,0.0001587529287256,0.9733939513737891,0.0057219855021493,0.9783751729590828,0.000108266961357,0.9652105159122356,1.2412670766236366e-16,0.6,1.4,0.9784542399683732,0.5839533106487802,0.9783751729590828
88,388,1,raw,zone,WTE,NN,,,3,256,256.0,128.0,0.0231113859878932,400,0.3180489537150228,0.000708282921385,0.973133030243131,0.0055792944285442,0.9781379719312115,0.0001767992075508,0.9652105159122356,1.2412670766236366e-16,0.14,1.0,0.9784542399683732,0.576792901957915,0.9781379719312115
89,389,1,raw,zone,onehot,NN,,,2,512,256,,0.01051811726001819,500,0.06803925720244615,4.694066624068555e-05,0.9733386044672858,0.006209151923230009,0.9791263095473413,0.0002253756523224065,0.9652105159122357,1.2412670766236366e-16,0.6,1.2,0.9794425775845028,0.6025358283753321,0.9791263095473413
