Index,globalInd,opt,timeOpt,locOpt,catOpt,modelOpt,encDim,denom,n_estimators,max_depth,min_samples_split,min_samples_leaf,max_features,max_samples,objmean,objsd,meantop5,sdtop5,meanbottom5,sdbottom5,meantime,long5time,bestobj,wf1top5,acctop5
0,90,0,1dpos,2dpos,5FTE,RF,16.0,5000.0,400,45,5,2,sqrt,0.8714069794676828,0.9772168412729788,0.0014925227037403,0.9780984384265664,8.839960377543491e-05,0.9732753508598536,0.0016383764210399,3.38,6.0,0.9782565724451472,0.5734032707214144,0.9780984384265664
1,91,0,1dpos,2dpos,WTE,RF,16.0,5000.0,600,50,4,1,sqrt,0.682595248686216,0.9773235817355208,0.0014186943475402,0.9782961059497924,8.839960377543491e-05,0.9736311524016604,0.0014019073513735,3.44,7.0,0.9784542399683732,0.5747448445122865,0.9782961059497924
2,92,0,1dpos,2dpos,onehot,RF,16.0,5000.0,950,35,5,2,sqrt,0.8947911533894405,0.9768689464321012,0.0016429159052538,0.9781379719312115,0.000108266961357,0.9729195493180468,0.0015053910072867,3.6,6.8,0.9782565724451472,0.5680906248903854,0.9781379719312115
3,93,0,1dpos,elliptic,5FTE,RF,,,800,25,4,2,log2,0.8895037649411941,0.9785609804309152,0.0007462693657447,0.9791263095473411,0.000108266961357,0.9767542992686302,0.0010880694955147,3.24,5.6,0.9792449100612768,0.5993950916004149,0.9791263095473411
4,94,0,1dpos,elliptic,WTE,RF,,,350,20,2,1,sqrt,0.9903977831395756,0.9785609804309152,0.0007589831965541,0.9794425775845028,0.0001397720460934,0.9767542992686302,0.0009541425883492,2.18,5.0,0.9796402451077288,0.609014692763284,0.9794425775845028
5,95,0,1dpos,elliptic,onehot,RF,,,400,45,5,1,log2,0.8757317892704505,0.9781102984779602,0.0007252440728691,0.9787705080055348,0.000108266961357,0.9763589642221784,0.0009334428901456,2.38,5.2,0.9788495750148252,0.5910080399384668,0.9787705080055348
6,96,0,1dpos,polar,5FTE,RF,,,250,20,9,1,sqrt,0.8387713858162482,0.9786163273374184,0.0006322965083607,0.9790867760426962,8.839960377543491e-05,0.977149634315082,0.0011058786899149,3.02,5.6,0.9792449100612768,0.60075016013447,0.9790867760426962
7,97,0,1dpos,polar,WTE,RF,,,650,15,7,1,sqrt,0.986733026015152,0.9783712196086182,0.0007299347114516,0.9788891085194702,8.839960377543491e-05,0.9764775647361136,0.0009582288708077,2.58,5.4,0.979047242538051,0.5972818839551708,0.9788891085194702
8,98,0,1dpos,polar,onehot,RF,,,1000,50,3,1,sqrt,0.9620848318987862,0.9782486657442184,0.000744932529774,0.9788891085194702,8.839960377543491e-05,0.9764380312314686,0.0010589519854499,3.12,6.0,0.979047242538051,0.5924242424242424,0.9788891085194702
9,99,0,1dpos,raw,5FTE,RF,,,950,50,5,1,log2,0.9739874874046832,0.9781972721881796,0.000762170365474,0.9789286420241154,0.000108266961357,0.9763194307175332,0.0010589519854499,3.06,5.4,0.979047242538051,0.5971297884505431,0.9789286420241154
10,100,0,1dpos,raw,WTE,RF,,,600,40,3,1,sqrt,0.7877648761314848,0.978315872702115,0.00076007504779,0.9788495750148252,0.0,0.9763984977268236,0.0010137087491565,3.36,6.0,0.9788495750148252,0.599250936329588,0.9788495750148252
11,101,0,1dpos,raw,onehot,RF,,,500,45,3,1,sqrt,0.8740053659868265,0.9780272781182052,0.000930885167731,0.9788891085194702,8.839960377543491e-05,0.9757264281478554,0.0008884050228995,2.56,5.0,0.979047242538051,0.5978867882022205,0.9788891085194702
12,102,0,1dpos,zone,5FTE,RF,,,800,45,4,1,sqrt,0.9144484301218,0.9784305198655862,0.0007562783035455,0.9788891085194702,8.839960377543491e-05,0.9763984977268232,0.0010515466359573,2.34,5.4,0.979047242538051,0.5972818839551708,0.9788891085194702
13,103,0,1dpos,zone,WTE,RF,,,500,50,3,1,log2,0.92590326311815,0.9787586479541412,0.0005360949568391,0.9792449100612768,0.0,0.9776635698754697,0.0011777401944863,2.4,4.6,0.9792449100612768,0.6067415730337079,0.9792449100612768
14,104,0,1dpos,zone,onehot,RF,,,550,45,4,1,sqrt,0.9762365442086132,0.977758450286618,0.0014001372835937,0.9788891085194702,8.839960377543491e-05,0.9745404230084996,0.0011474935974461,2.86,5.0,0.979047242538051,0.594221684525867,0.9788891085194702
15,105,0,cyclic,2dpos,5FTE,RF,16.0,5000.0,1000,35,5,1,sqrt,0.728397079848731,0.9773156750345916,0.00159417681406,0.9782961059497924,8.839960377543491e-05,0.9730776833366278,0.0017702006860832,2.98,6.4,0.9784542399683732,0.5767126441545046,0.9782961059497924
16,106,0,cyclic,2dpos,WTE,RF,16.0,5000.0,200,15,6,1,sqrt,0.8834600993262663,0.9773552085392369,0.0014360792585646,0.9783751729590828,0.000108266961357,0.9735125518877248,0.0015438327092126,2.18,5.2,0.9784542399683732,0.5782595782595783,0.9783751729590828
17,107,0,cyclic,2dpos,onehot,RF,16.0,5000.0,550,25,8,1,sqrt,0.9126872533543432,0.9768333662779206,0.0015757836306784,0.977979837912631,0.000108266961357,0.972880015813402,0.0012532806866295,3.28,6.4,0.9780589049219214,0.5698730330199578,0.977979837912631
18,108,0,cyclic,elliptic,5FTE,RF,,,250,45,4,1,sqrt,0.8719092837682176,0.9786953943467088,0.0009065215560915,0.9797588456216644,0.0001767992075508,0.9766356987546946,0.0010403397799518,1.4,4.0,0.9800355801541808,0.6196020746757986,0.9797588456216644
19,109,0,cyclic,elliptic,WTE,RF,,,550,45,6,2,sqrt,0.7685883399170641,0.9786519074915988,0.0007265512851364,0.9794425775845028,0.0,0.9771101008104368,0.0009417773670347,3.68,6.0,0.9794425775845028,0.6119402985074627,0.9794425775845028
20,110,0,cyclic,elliptic,onehot,RF,,,450,30,4,1,log2,0.8472756222570099,0.9782447123937535,0.0008361659997714,0.9789681755287608,0.0001767992075508,0.9763194307175332,0.0010496871355881,2.32,5.0,0.9792449100612768,0.6029750790760288,0.9789681755287608
21,111,0,cyclic,polar,5FTE,RF,,,400,45,3,3,sqrt,0.9238946049938538,0.9786440007906702,0.0006042714652854,0.9790867760426962,8.839960377543491e-05,0.9770310338011464,0.0007044289259223,1.88,5.6,0.9792449100612768,0.6049304041589804,0.9790867760426962
22,112,0,cyclic,polar,WTE,RF,,,450,15,5,1,log2,0.908883919592423,0.9789009685708636,0.0006486313051484,0.9795611780984383,0.000108266961357,0.9774263688475984,0.0006761269569672,2.58,5.2,0.9796402451077288,0.6178816454831215,0.9795611780984383
23,113,0,cyclic,polar,onehot,RF,,,650,45,2,3,sqrt,0.9637144659433132,0.9782486657442184,0.0006326369170616,0.9786914409962444,8.839960377543491e-05,0.9765566317454042,0.0007343022581935,2.66,5.2,0.9788495750148252,0.5956441497841536,0.9786914409962444
24,114,0,cyclic,raw,5FTE,RF,,,250,25,6,1,sqrt,0.7269591924585518,0.9784502866179088,0.0005835002507606,0.9789681755287608,0.0001767992075508,0.9770705673057916,0.0009058263876173,3.3,5.4,0.9792449100612768,0.6047528569461654,0.9789681755287608
25,115,0,cyclic,raw,WTE,RF,,,400,50,2,2,log2,0.897943071696351,0.97852144692627,0.000466759884901,0.9790472425380512,0.0001397720460933,0.977544969361534,0.0008906013303869,3.06,5.6,0.9792449100612768,0.6079868798687986,0.9790472425380512
26,116,0,cyclic,raw,onehot,RF,,,700,15,2,1,sqrt,0.8666331435220779,0.9782684324965408,0.0008050715343582,0.9788495750148252,0.0,0.9761217631943072,0.0007044289259223,3.22,5.0,0.9788495750148252,0.6005925678403854,0.9788495750148252
27,117,0,cyclic,zone,5FTE,RF,,,800,40,5,1,sqrt,0.7318302210175781,0.9790591025894446,0.0006469079212723,0.9796007116030836,8.839960377548457e-05,0.9776240363708244,0.0011389492224462,1.44,2.4,0.9796402451077288,0.6160683570992621,0.9796007116030836
28,118,0,cyclic,zone,WTE,RF,,,850,20,2,1,log2,0.8096125084264592,0.9792093299070964,0.000683213156265,0.980075113658826,0.0001653805152271,0.9777426368847598,0.0006932468043783,1.44,2.0,0.9802332476774066,0.6315766958102724,0.980075113658826
62,152,1,cyclic,2dpos,onehot,RF,16.0,5000.0,850,30,3,3,sqrt,0.7027797648659889,0.9768175528760624,0.0014602407992374,0.9778612373986956,1.2412670766236366e-16,0.9734334848784344,0.0015412997580247,3.66,6.6,0.9778612373986952,0.5650175092035556,0.9778612373986956
29,119,0,cyclic,zone,onehot,RF,,,800,50,9,1,sqrt,0.99883296436818,0.9779363510575212,0.0018168786082433,0.979482111089148,0.0001653805152271,0.9731962838505634,0.0010232993955758,1.14,2.2,0.9796402451077288,0.6129645827086114,0.979482111089148
63,153,1,cyclic,elliptic,5FTE,RF,,,500,35,2,1,log2,0.8257753208893777,0.9784344732160506,0.0008724192644382,0.9795611780984383,0.000108266961357,0.9765961652500492,0.0009843763271783,2.26,4.6,0.9796402451077288,0.6196758237782766,0.9795611780984383
30,120,0,raw,2dpos,5FTE,RF,16.0,5000.0,1000,25,4,4,sqrt,0.925703796903553,0.9773828819924886,0.001357251062877,0.9780589049219216,1.2412670766236366e-16,0.9739078869341768,0.0020158211162651,1.04,2.0,0.9780589049219214,0.5647058823529412,0.9780589049219216
31,121,0,raw,2dpos,WTE,RF,16.0,5000.0,700,40,8,5,sqrt,0.7674106311765329,0.9772682348290176,0.0013839607776627,0.9780589049219216,1.2412670766236366e-16,0.9737102194109508,0.0021381011714552,0.9,2.0,0.9780589049219214,0.5679351496349844,0.9780589049219216
64,154,1,cyclic,elliptic,WTE,RF,,,450,35,2,1,log2,0.9606774149001552,0.9785886538841666,0.0009300967611727,0.9796402451077288,0.0,0.9765566317454042,0.0008570659572515,2.26,4.6,0.9796402451077288,0.6254545454545455,0.9796402451077288
32,122,0,raw,2dpos,onehot,RF,16.0,5000.0,1000,25,4,3,sqrt,0.8860959619977276,0.9769835935955724,0.0013215727188617,0.9779403044079858,0.000108266961357,0.9737892864202412,0.0009229189586818,1.38,2.2,0.9780589049219214,0.5647790594927737,0.9779403044079858
33,123,0,raw,elliptic,5FTE,RF,,,400,45,2,3,sqrt,0.9936047359215824,0.9790432891875868,0.0006664339006864,0.979679778612374,8.839960377543491e-05,0.9775054358568888,0.0009417773670347,0.78,1.4,0.9798379126309548,0.6175608944126949,0.979679778612374
65,155,1,cyclic,elliptic,onehot,RF,,,700,30,2,1,sqrt,0.8824781058313542,0.9782961059497924,0.0008386322765604,0.9791263095473411,0.000108266961357,0.9764380312314688,0.0009417773670347,2.12,4.2,0.9792449100612768,0.60855791072447,0.9791263095473411
66,156,1,cyclic,polar,5FTE,RF,,,1000,25,9,4,log2,0.9195932828665674,0.9785174935758054,0.0004272097963815,0.9790077090334058,8.839960377543491e-05,0.9776240363708244,0.0007832224849242,3.02,5.6,0.979047242538051,0.6034322768181564,0.9790077090334058
67,157,1,cyclic,polar,WTE,RF,,,400,40,8,1,sqrt,0.8106375930045209,0.9784700533702312,0.0006312236526766,0.9790472425380512,1.2412670766236366e-16,0.9768333662779206,0.0005830354300752,2.44,5.0,0.979047242538051,0.6050635710337203,0.9790472425380512
34,124,0,raw,elliptic,WTE,RF,,,800,25,8,2,sqrt,0.9948471407077676,0.9788930618699349,0.0009152755160755,0.9796007116030836,8.839960377548457e-05,0.9765170982407588,0.0001653805152271,9.18,29.0,0.9796402451077288,0.6137738274917547,0.9796007116030836
68,158,1,cyclic,polar,onehot,RF,,,1000,25,2,1,log2,0.9613209292742502,0.978734927851354,0.0006174943446134,0.9796402451077288,0.0,0.9775845028661792,0.0008339601940987,2.62,6.0,0.9796402451077288,0.6227106227106227,0.9796402451077288
69,159,1,cyclic,raw,5FTE,RF,,,800,30,10,6,log2,0.9001490412582855,0.9782407590432892,0.0007340198634797,0.9786519074915992,0.0,0.9762008302035976,0.000108266961357,3.38,5.6,0.9786519074915992,0.5970149253731343,0.9786519074915992
70,160,1,cyclic,raw,WTE,RF,,,900,50,2,1,log2,0.8670403053233295,0.9783474995058312,0.0007878513317395,0.9791658430519864,0.0002997776415913,0.9762008302035976,0.0002253756523224,3.02,5.0,0.9796402451077288,0.6104421481428639,0.9791658430519864
71,161,1,cyclic,raw,onehot,RF,,,650,45,2,1,log2,0.9601830940831988,0.9787863214073927,0.0008198231072939,0.9798774461356,8.839960377543491e-05,0.9770705673057916,0.0009165465996734,2.8,5.6,0.9800355801541808,0.6271022165182749,0.9798774461356
72,162,1,cyclic,zone,5FTE,RF,,,950,30,4,2,sqrt,0.9999852942819526,0.9790077090334056,0.0007406815038886,0.979679778612374,8.839960377543491e-05,0.9774263688475984,0.0014074704976412,2.4,5.6,0.9798379126309548,0.6192550728481263,0.979679778612374
73,163,1,cyclic,zone,WTE,RF,,,200,30,2,1,log2,0.9866310520834888,0.9790749159913028,0.0008252229572009,0.979916979640245,0.000108266961357,0.977149634315082,0.0012233048781787,0.86,2.0,0.9800355801541808,0.6309563867434461,0.979916979640245
35,125,0,raw,elliptic,onehot,RF,,,350,25,7,3,sqrt,0.9086340455620164,0.9787309745008892,0.0008875968511846,0.9796402451077288,0.0,0.9765961652500492,0.0009744026522131,15.92,27.0,0.9796402451077288,0.6142322097378277,0.9796402451077288
74,164,1,cyclic,zone,onehot,RF,,,650,15,4,1,sqrt,0.9029939525661624,0.978185412136786,0.0016738190086026,0.979679778612374,8.839960377543491e-05,0.974184621466693,0.0016865569486223,1.08,2.0,0.9798379126309548,0.6199295757663459,0.979679778612374
75,165,1,raw,2dpos,5FTE,RF,16.0,5000.0,400,20,6,2,sqrt,0.9173480096735738,0.9770112670488238,0.0012199759736383,0.9778612373986956,1.2412670766236366e-16,0.9740660209527574,0.0013935209908689,0.56,1.4,0.9778612373986952,0.5661516029045648,0.9778612373986956
76,166,1,raw,2dpos,WTE,RF,16.0,5000.0,400,45,10,3,sqrt,0.821625028631195,0.9769756868946432,0.0013216209875561,0.9778612373986956,1.2412670766236366e-16,0.9735916188970152,0.0011058786899149,0.74,1.6,0.9778612373986952,0.5631782945736434,0.9778612373986956
77,167,1,raw,2dpos,onehot,RF,16.0,5000.0,400,20,2,1,sqrt,0.7202792428238524,0.9769005732358174,0.0014085238792164,0.9779007709033406,8.839960377548457e-05,0.9733939513737891,0.0014699341721745,1.42,2.0,0.9780589049219214,0.5649425287356322,0.9779007709033406
78,168,1,raw,elliptic,5FTE,RF,,,350,35,3,1,log2,0.9554328048309914,0.9782842458983988,0.0007947039192168,0.9790077090334058,8.839960377543491e-05,0.976477564736114,0.0005039552790663,0.48,1.4,0.979047242538051,0.6065022480631596,0.9790077090334058
79,169,1,raw,elliptic,WTE,RF,,,200,35,10,1,log2,0.9965878695752224,0.9784226131646568,0.0008216884637606,0.9790472425380512,1.2412670766236366e-16,0.9765961652500492,0.0006187972264281,1.16,2.0,0.979047242538051,0.6040042701472395,0.9790472425380512
80,170,1,raw,elliptic,onehot,RF,,,1000,20,3,1,log2,0.882685144568363,0.9784265665151212,0.0008357844588331,0.979284443565922,8.839960377543491e-05,0.9765566317454042,0.0006644687216434,1.42,2.0,0.9794425775845028,0.6108210429979509,0.979284443565922
81,171,1,raw,polar,5FTE,RF,,,450,15,3,2,sqrt,0.830077002759105,0.978703301047638,0.0005126772641716,0.9792449100612768,0.0,0.9774659023522436,0.000463571433072,0.46,1.4,0.9792449100612768,0.6125461254612546,0.9792449100612768
82,172,1,raw,polar,WTE,RF,,,400,15,4,1,log2,0.7829004741031529,0.9786519074915992,0.000492350147521,0.9790472425380512,1.2412670766236366e-16,0.9773868353429532,0.000433067845428,0.64,1.4,0.979047242538051,0.6062354892205638,0.9790472425380512
83,173,1,raw,polar,onehot,RF,,,300,20,5,2,sqrt,0.6949223055030231,0.9786440007906704,0.0004890350583297,0.9790472425380512,1.2412670766236366e-16,0.9773868353429532,0.000433067845428,0.62,1.6,0.979047242538051,0.6056495301271421,0.9790472425380512
84,174,1,raw,raw,5FTE,RF,,,800,45,4,1,log2,0.9643247172455072,0.9788060881597151,0.0008098905910703,0.9797193121170192,0.0001767992075509,0.9768333662779206,0.0006156320024667,1.32,2.0,0.9798379126309548,0.6168565917000561,0.9797193121170192
85,175,1,raw,raw,WTE,RF,,,850,50,3,1,log2,0.9772383667809738,0.9788653884166832,0.0008820454863628,0.979916979640245,0.000108266961357,0.9767542992686302,0.0006644687216434,1.26,2.0,0.9800355801541808,0.6220197648683472,0.979916979640245
36,126,0,raw,polar,5FTE,RF,,,800,15,10,1,sqrt,0.9993682701359136,0.9789760822296898,0.0006066420960653,0.9795216445937932,0.000108266961357,0.9773868353429532,0.0006028049291155,18.5,30.8,0.9796402451077288,0.6128570629996087,0.9795216445937932
86,176,1,raw,raw,onehot,RF,,,850,40,2,1,sqrt,0.8437548346532924,0.9787705080055348,0.0006835748700708,0.9794030440798578,0.000257726918569,0.977149634315082,0.0007071968302035,1.18,2.0,0.9798379126309548,0.6086836622690542,0.9794030440798578
87,177,1,raw,zone,5FTE,RF,,,1000,35,9,1,sqrt,0.9797182711190134,0.979205376556632,0.0006718085027176,0.9798774461356,0.000216533922714,0.9776635698754694,0.0008502001647601,1.14,2.0,0.9802332476774066,0.6227803791500016,0.9798774461356
88,178,1,raw,zone,WTE,RF,,,350,40,2,3,sqrt,0.998389358823907,0.9790828226922316,0.0007316804993773,0.979916979640245,0.0001767992075508,0.9772287013243725,0.0008432784743112,0.5,1.6,0.9800355801541808,0.6275494135474056,0.979916979640245
89,179,1,raw,zone,onehot,RF,,,200,30,3,1,sqrt,0.6819841924851887,0.9778375172959084,0.0017387222451531,0.9794425775845028,0.0,0.9734730183830796,0.0010589519854499,0.5,1.6,0.9794425775845028,0.6119402985074627,0.9794425775845028
37,127,0,raw,polar,WTE,RF,,,350,25,2,1,log2,0.7863852324766696,0.9789998023324769,0.0006168095531686,0.9798774461356,8.839960377543491e-05,0.9775845028661792,0.0004760464352161,12.74,25.2,0.9800355801541808,0.6232390323903239,0.9798774461356
38,128,0,raw,polar,onehot,RF,,,1000,45,2,1,log2,0.9812686415062216,0.97876655465507,0.0008695262068181,0.9797983791263096,8.839960377543491e-05,0.9768728997825656,0.00085020016476,22.62,33.8,0.9798379126309548,0.6211978521272201,0.9797983791263096
39,129,0,raw,raw,5FTE,RF,,,200,15,5,1,sqrt,0.8810360253296143,0.9787942281083218,0.0005114782360189,0.9792449100612768,0.0,0.9775845028661792,0.0003853249395062,18.36,28.6,0.9792449100612768,0.6102415670996859,0.9792449100612768
40,130,0,raw,raw,WTE,RF,,,750,25,4,1,sqrt,0.9585945363179886,0.9787230677999604,0.0004854345906179,0.979284443565922,8.839960377543491e-05,0.977544969361534,0.0002997776415912,20.44,29.8,0.9794425775845028,0.6106953049703978,0.979284443565922
41,131,0,raw,raw,onehot,RF,,,300,30,3,1,log2,0.963556377122397,0.9785688871318442,0.0007440006742277,0.9793239770705672,0.000108266961357,0.9769519667918564,0.0012470298711671,12.64,25.8,0.9794425775845028,0.6088210632232098,0.9793239770705672
42,132,0,raw,zone,5FTE,RF,,,500,15,2,1,log2,0.9953014582338764,0.979007709033406,0.0004987863703344,0.979482111089148,8.839960377548457e-05,0.9778217038940502,0.0007316369054485,14.44,25.8,0.9796402451077288,0.6135472164168829,0.979482111089148
43,133,0,raw,zone,WTE,RF,,,650,40,5,2,log2,0.9139585434253,0.9791263095473416,0.0004622795454704,0.9795216445937932,0.000108266961357,0.978019371417276,0.0004285329786258,18.56,27.8,0.9796402451077288,0.6168619351912594,0.9795216445937932
44,134,0,raw,zone,onehot,RF,,,200,35,7,1,sqrt,0.7502271020806723,0.9782842458983988,0.001646561727241,0.979482111089148,8.839960377548457e-05,0.9737892864202412,0.0014088578518446,15.66,26.8,0.9796402451077288,0.6106480354836445,0.979482111089148
45,135,1,1dpos,2dpos,5FTE,RF,16.0,5000.0,550,50,7,2,sqrt,0.9656045922925331,0.9766510280728224,0.0017050054018457,0.9780193714172762,8.839960377548457e-05,0.972682348290176,0.0007044289259223,12.673469387755102,26.2,0.9780589049219214,0.567216020912519,0.9780193714172762
46,136,1,1dpos,2dpos,WTE,RF,16.0,5000.0,650,35,4,2,sqrt,0.9528266204370532,0.9768491796797786,0.0016026973493872,0.9779403044079856,0.0001767992075509,0.9728404823087567,0.0010515466359573,1.16,2.0,0.9782565724451472,0.5656482894854988,0.9779403044079856
47,137,1,1dpos,2dpos,onehot,RF,16.0,5000.0,750,40,3,1,sqrt,0.7228197978012953,0.9767305791658432,0.0014265415401868,0.9779007709033406,8.839960377548457e-05,0.9734334848784344,0.0006187972264281,0.98,2.0,0.9780589049219214,0.5683346111253088,0.9779007709033406
48,138,1,1dpos,elliptic,5FTE,RF,,,750,50,4,1,sqrt,0.8616816861839699,0.9780272781182052,0.0006638804358073,0.9787309745008896,0.000108266961357,0.9766356987546946,0.0008077808555723,1.04,2.0,0.9788495750148252,0.591183245686482,0.9787309745008896
49,139,1,1dpos,elliptic,WTE,RF,,,400,35,7,2,log2,0.9557010180059504,0.9780391381695988,0.0006215615932865,0.9786519074915992,0.0,0.9765961652500492,0.0008339601940987,0.84,2.0,0.9786519074915992,0.5877862595419847,0.9786519074915992
50,140,1,1dpos,elliptic,onehot,RF,,,750,45,2,1,log2,0.7645958567190341,0.9780114647163471,0.0008532989440151,0.9789681755287608,0.000108266961357,0.9760031626803716,0.0007208769531057,1.1,2.0,0.979047242538051,0.5969673708170014,0.9789681755287608
51,141,1,1dpos,polar,5FTE,RF,,,900,50,4,1,sqrt,0.8674137529199317,0.9782130855900376,0.0006685841554692,0.9790077090334058,8.839960377543491e-05,0.9766752322593396,0.0008269025761356,1.32,2.0,0.979047242538051,0.6010531947847146,0.9790077090334058
52,142,1,1dpos,polar,WTE,RF,,,350,25,4,1,sqrt,0.9942151322185706,0.9781972721881796,0.0008029292750183,0.9789681755287608,0.0001767992075508,0.9761217631943072,0.0007832224849242,0.62,1.8,0.9792449100612768,0.6029651287810931,0.9789681755287608
53,143,1,1dpos,polar,onehot,RF,,,1000,40,5,1,sqrt,0.947894193213094,0.9781775054358568,0.0008527754706204,0.9790867760426962,8.839960377543491e-05,0.9759636291757264,0.0003853249395061,1.32,2.0,0.9792449100612768,0.6016513657807263,0.9790867760426962
54,144,1,1dpos,raw,5FTE,RF,,,800,20,5,1,sqrt,0.8217211345465788,0.978027278118205,0.000678140663469,0.9787705080055348,0.000108266961357,0.9764380312314688,0.0005830354300752,1.02,2.0,0.9788495750148252,0.5916326062118882,0.9787705080055348
55,145,1,1dpos,raw,WTE,RF,,,500,40,5,1,log2,0.859707009497915,0.9780509982209922,0.0006776701571586,0.9787705080055348,0.000108266961357,0.9764775647361136,0.0007262768559349,0.74,1.6,0.9788495750148252,0.5916326062118882,0.9787705080055348
56,146,1,1dpos,raw,onehot,RF,,,350,50,4,1,log2,0.8479524847440644,0.9780628582723858,0.0006383211456987,0.9788100415101798,0.0001653805152271,0.9766356987546946,0.0008547834872678,0.58,1.6,0.979047242538051,0.5920738309282122,0.9788100415101798
57,147,1,1dpos,zone,5FTE,RF,,,650,45,3,1,sqrt,0.6085822142387487,0.9783909863609408,0.0006675696204574,0.9788495750148252,0.0,0.9767938327732754,0.0009744026522131,0.98,2.0,0.9788495750148252,0.5931558935361216,0.9788495750148252
58,148,1,1dpos,zone,WTE,RF,,,550,15,5,1,log2,0.9224140757259862,0.9784542399683732,0.0008079823725657,0.9790867760426962,8.839960377543491e-05,0.9763984977268236,0.0008221638404066,0.7142857142857143,1.6,0.9792449100612768,0.5995425957690109,0.9790867760426962
59,149,1,1dpos,zone,onehot,RF,,,250,45,7,1,sqrt,0.8254675415979195,0.9771377742636884,0.0018674025321909,0.9785333069776636,0.0001767992075508,0.972682348290176,0.0023405036751319,0.4,1.6,0.9788495750148252,0.5870722433460076,0.9785333069776636
60,150,1,cyclic,2dpos,5FTE,RF,16.0,5000.0,300,30,3,1,sqrt,0.9040177174980256,0.9769717335441788,0.0012035246277426,0.9779007709033406,8.839960377548457e-05,0.974184621466693,0.000108266961357,0.54,1.8,0.9780589049219214,0.5744448820179772,0.9779007709033406
61,151,1,cyclic,2dpos,WTE,RF,16,5000,500,25,5,3,sqrt,0.6794819852111258,0.9768570863807077,0.0015419411430019003,0.9778612373986955,1.2412670766236366e-16,0.9728800158134018,0.0013935209908688935,0.86,1.6,0.9778612373986953,0.565444845406754,0.9778612373986955
