Index,opt,timeOpt,locOpt,catOpt,modelOpt,max_depth,learning_rate,n_estimators,subsample,colsample_bytree,obj
0,0,raw,raw,onehot,XG,12,0.026257469,172,0.919543026,0.627380488,0.654722585
1,0,raw,zone,onehot,XG,6,0.090741139,98,0.818137815,0.601095772,0.619200189
2,0,raw,2dpos,onehot,XG,11,0.023770971,251,0.837695399,0.678245429,0.65236424
3,0,raw,polar,onehot,XG,8,0.050008559,257,0.987496546,0.677060424,0.645225741
4,0,raw,elliptic,onehot,XG,10,0.055957625,166,0.866910502,0.844362515,0.64743914
5,0,addDur,raw,onehot,XG,15,0.019271581,194,0.749871324,0.923408524,0.649571081
6,0,addDur,zone,onehot,XG,4,0.105811427,116,0.669712775,0.908569569,0.619235553
7,0,addDur,2dpos,onehot,XG,13,0.03833063,143,0.870213222,0.619545179,0.653593227
8,0,addDur,polar,onehot,XG,9,0.041186983,242,0.914082188,0.610887708,0.647611956
9,0,addDur,elliptic,onehot,XG,10,0.047418226,150,0.732500821,0.695304198,0.644954409
10,0,cyclic,raw,onehot,XG,9,0.07558112,167,0.706985009,0.63450129,0.649565722
11,0,cyclic,zone,onehot,XG,6,0.040784241,275,0.83893158,0.732052277,0.616437835
12,0,cyclic,2dpos,onehot,XG,12,0.031240939,262,0.660242181,0.642713711,0.651537522
13,0,cyclic,polar,onehot,XG,10,0.038804312,257,0.968400064,0.674915676,0.64576295
14,0,cyclic,elliptic,onehot,XG,10,0.035029343,249,0.927419894,0.689332301,0.644854157
15,0,1dpos,raw,onehot,XG,13,0.043508696,272,0.839197367,0.759120978,0.572006436
16,0,1dpos,zone,onehot,XG,10,0.065167406,255,0.878326102,0.737341064,0.546431805
17,0,1dpos,2dpos,onehot,XG,12,0.04902672,153,0.942344268,0.654419466,0.571990567
18,0,1dpos,polar,onehot,XG,10,0.066425465,287,0.991780155,0.610323332,0.570296377
19,0,1dpos,elliptic,onehot,XG,11,0.038812398,251,0.840699921,0.606815288,0.567433429
20,1,raw,raw,onehot,XG,12,0.015754835,295,0.892155686,0.627306352,0.653061944
21,1,raw,zone,onehot,XG,5,0.054796116,245,0.820832449,0.681441742,0.618109155
22,1,raw,2dpos,onehot,XG,14,0.0357627,185,0.696036756,0.681596924,0.65285547
23,1,raw,polar,onehot,XG,12,0.022154187,280,0.749795552,0.634638664,0.649291396
24,1,raw,elliptic,onehot,XG,12,0.024255336,217,0.96512843,0.705878128,0.646731824
25,1,addDur,raw,onehot,XG,11,0.027155892,282,0.836973174,0.850852415,0.650902248
26,1,addDur,zone,onehot,XG,5,0.128197319,95,0.661395992,0.764097177,0.618543426
27,1,addDur,2dpos,onehot,XG,13,0.025152193,182,0.875681907,0.616460962,0.653224035
28,1,addDur,polar,onehot,XG,8,0.068403891,197,0.85057288,0.855465512,0.645242262
29,1,addDur,elliptic,onehot,XG,14,0.026230994,280,0.663920877,0.75775789,0.64471931
30,1,cyclic,raw,onehot,XG,10,0.0282624,299,0.876718841,0.614185954,0.652517284
31,1,cyclic,zone,onehot,XG,6,0.033773031,218,0.788020932,0.641672427,0.617161758
32,1,cyclic,2dpos,onehot,XG,11,0.031938017,228,0.683475807,0.616042901,0.653863053
33,1,cyclic,polar,onehot,XG,13,0.028272385,209,0.847750395,0.663420575,0.644799478
34,1,cyclic,elliptic,onehot,XG,9,0.036102521,280,0.854052275,0.781244611,0.644626403
35,1,1dpos,raw,onehot,XG,9,0.13823436,183,0.98312003,0.743079268,0.57290378
36,1,1dpos,zone,onehot,XG,8,0.069821724,265,0.733040346,0.88400655,0.543823154
37,1,1dpos,2dpos,onehot,XG,9,0.058176242,270,0.740223972,0.631364665,0.574335367
38,1,1dpos,polar,onehot,XG,8,0.152268109,150,0.893701433,0.668653066,0.567460304
39,1,1dpos,elliptic,onehot,XG,12,0.053752382,284,0.944274773,0.783732661,0.564613886
40,2,raw,raw,onehot,XG,12,0.024539353,242,0.737485652,0.668546557,0.652316413
41,2,raw,zone,onehot,XG,4,0.062377702,117,0.657156436,0.879042987,0.618242348
42,2,raw,2dpos,onehot,XG,13,0.034604483,138,0.757232131,0.625127117,0.653383809
43,2,raw,polar,onehot,XG,11,0.020284224,292,0.89497964,0.64875183,0.648448671
44,2,raw,elliptic,onehot,XG,11,0.041328387,135,0.902078316,0.750024751,0.647346726
45,2,addDur,raw,onehot,XG,12,0.017617885,245,0.946523367,0.624467283,0.651598261
46,2,addDur,zone,onehot,XG,4,0.035582157,277,0.87183031,0.958601853,0.619083023
47,2,addDur,2dpos,onehot,XG,14,0.027674464,176,0.798211718,0.652293869,0.653150181
48,2,addDur,polar,onehot,XG,10,0.04172955,205,0.909521865,0.637232139,0.64911589
49,2,addDur,elliptic,onehot,XG,13,0.023917195,148,0.846095862,0.670001256,0.645540817
50,2,cyclic,raw,onehot,XG,10,0.03021964,250,0.657730871,0.695278933,0.649086174
51,2,cyclic,zone,onehot,XG,6,0.023661691,195,0.66466482,0.718375369,0.617341906
52,2,cyclic,2dpos,onehot,XG,12,0.030605972,233,0.89283762,0.600519331,0.652767992
53,2,cyclic,polar,onehot,XG,9,0.03013446,272,0.880590792,0.959031817,0.644740352
54,2,cyclic,elliptic,onehot,XG,13,0.02093749,265,0.856068326,0.685928616,0.645529848
55,2,1dpos,raw,onehot,XG,10,0.059751694,190,0.961445169,0.697030671,0.574280227
56,2,1dpos,zone,onehot,XG,9,0.123811728,273,0.919331703,0.812082493,0.544917989
57,2,1dpos,2dpos,onehot,XG,10,0.068439085,280,0.964412454,0.613282069,0.577531829
58,2,1dpos,polar,onehot,XG,12,0.044896552,265,0.860867138,0.702005673,0.569573373
59,2,1dpos,elliptic,onehot,XG,12,0.035703749,300,0.812699816,0.614277154,0.566645853
60,3,raw,raw,onehot,XG,12,0.029532012,163,0.920258199,0.610460373,0.653899751
61,3,raw,zone,onehot,XG,6,0.025614508,276,0.817551123,0.782650235,0.618564999
62,3,raw,2dpos,onehot,XG,13,0.013704038,208,0.651931439,0.653228458,0.655392386
63,3,raw,polar,onehot,XG,12,0.02090751,274,0.822367091,0.623182907,0.647599848
64,3,raw,elliptic,onehot,XG,14,0.011521966,234,0.850059441,0.838807363,0.647339189
65,3,addDur,raw,onehot,XG,13,0.033147028,259,0.68532917,0.647753492,0.652577084
66,3,addDur,zone,onehot,XG,5,0.061460192,169,0.893001195,0.833414442,0.617985518
67,3,addDur,2dpos,onehot,XG,12,0.017131481,298,0.693151244,0.600454304,0.65209185
68,3,addDur,polar,onehot,XG,9,0.039638651,275,0.916450881,0.677494227,0.647876388
69,3,addDur,elliptic,onehot,XG,11,0.019444924,291,0.702060201,0.639299876,0.644968761
70,3,cyclic,raw,onehot,XG,9,0.047226632,258,0.630642864,0.889744942,0.649017745
71,3,cyclic,zone,onehot,XG,5,0.081010812,237,0.862372153,0.828902874,0.616504823
72,3,cyclic,2dpos,onehot,XG,9,0.041109698,195,0.831056165,0.688470912,0.652293992
73,3,cyclic,polar,onehot,XG,10,0.033449447,277,0.771985236,0.850709213,0.645215784
74,3,cyclic,elliptic,onehot,XG,10,0.044052621,291,0.861925593,0.837905335,0.644478366
75,3,1dpos,raw,onehot,XG,10,0.040064518,259,0.943594905,0.752074801,0.574803851
76,3,1dpos,zone,onehot,XG,8,0.09511527,247,0.890213258,0.816416652,0.54379954
77,3,1dpos,2dpos,onehot,XG,11,0.134400032,300,0.892751519,0.706133107,0.57568392
78,3,1dpos,polar,onehot,XG,8,0.058617645,265,0.856327148,0.63291147,0.569014327
79,3,1dpos,elliptic,onehot,XG,11,0.120603457,189,0.932524481,0.602904545,0.567607728
80,4,raw,raw,onehot,XG,13,0.033713323,273,0.735455611,0.603751051,0.653532863
81,4,raw,zone,onehot,XG,5,0.05635032,103,0.818460882,0.833321689,0.618707903
82,4,raw,2dpos,onehot,XG,14,0.014175634,218,0.800520916,0.614652751,0.653122527
83,4,raw,polar,onehot,XG,11,0.034414796,174,0.787056354,0.690276782,0.64765201
84,4,raw,elliptic,onehot,XG,11,0.047797084,114,0.928538297,0.8730371,0.646876612
85,4,addDur,raw,onehot,XG,15,0.027984816,147,0.863618799,0.618843859,0.652393934
86,4,addDur,zone,onehot,XG,3,0.070330965,176,0.65182208,0.780572296,0.61818827
87,4,addDur,2dpos,onehot,XG,10,0.046626571,206,0.956335398,0.613693384,0.652169064
88,4,addDur,polar,onehot,XG,11,0.09159119,140,0.864871407,0.759859203,0.646399678
89,4,addDur,elliptic,onehot,XG,14,0.014126044,242,0.701626264,0.684465579,0.645596893
90,4,cyclic,raw,onehot,XG,10,0.033349427,288,0.745380645,0.65445532,0.654424389
91,4,cyclic,zone,onehot,XG,5,0.073472099,75,0.750845795,0.6713915,0.618381746
92,4,cyclic,2dpos,onehot,XG,11,0.019969688,219,0.834113288,0.667623933,0.652020233
93,4,cyclic,polar,onehot,XG,10,0.03464282,245,0.859476649,0.600095163,0.646448582
94,4,cyclic,elliptic,onehot,XG,11,0.029056259,266,0.788725069,0.721456863,0.64765406
95,4,1dpos,raw,onehot,XG,12,0.041726086,281,0.777185443,0.782314614,0.57382004
96,4,1dpos,zone,onehot,XG,9,0.059002186,282,0.85918042,0.663140372,0.547411124
97,4,1dpos,2dpos,onehot,XG,9,0.066728193,236,0.854113281,0.689895913,0.574908055
98,4,1dpos,polar,onehot,XG,10,0.038734787,246,0.747443196,0.651040831,0.568858541
99,4,1dpos,elliptic,onehot,XG,13,0.054376053,225,0.957724681,0.680233836,0.567000393
100,5,raw,raw,onehot,XG,14,0.014525458,219,0.921455034,0.600054654,0.653468455
101,5,raw,zone,onehot,XG,5,0.113928793,179,0.827822096,0.752225564,0.618105353
102,5,raw,2dpos,onehot,XG,9,0.07695293,163,0.612636553,0.637083094,0.651132351
103,5,raw,polar,onehot,XG,11,0.051873461,212,0.738445871,0.60135844,0.646852364
104,5,raw,elliptic,onehot,XG,10,0.033857046,246,0.980658184,0.713987512,0.64820786
105,5,addDur,raw,onehot,XG,11,0.057619199,214,0.912648908,0.717616304,0.653414571
106,5,addDur,zone,onehot,XG,4,0.087623627,207,0.658231641,0.610566129,0.618871095
107,5,addDur,2dpos,onehot,XG,12,0.016113949,282,0.683898149,0.611998398,0.652636661
108,5,addDur,polar,onehot,XG,9,0.051094686,190,0.970625943,0.856686841,0.647396532
109,5,addDur,elliptic,onehot,XG,15,0.012579509,266,0.816876294,0.776932378,0.644278939
110,5,cyclic,raw,onehot,XG,10,0.027066235,289,0.707490577,0.653210599,0.64928462
111,5,cyclic,zone,onehot,XG,6,0.108542231,87,0.896833892,0.684834958,0.616751481
112,5,cyclic,2dpos,onehot,XG,15,0.01229893,237,0.612713588,0.60098655,0.651799871
113,5,cyclic,polar,onehot,XG,9,0.020138381,295,0.75260918,0.877000074,0.644467395
114,5,cyclic,elliptic,onehot,XG,11,0.018228576,283,0.920718565,0.865281229,0.646001248
115,5,1dpos,raw,onehot,XG,8,0.066870729,300,0.838193136,0.690277465,0.574845233
116,5,1dpos,zone,onehot,XG,11,0.090343391,227,0.752869578,0.600249134,0.546234984
117,5,1dpos,2dpos,onehot,XG,11,0.039595715,274,0.917866936,0.770213215,0.577614111
118,5,1dpos,polar,onehot,XG,9,0.047708512,273,0.957841955,0.712960571,0.569844868
119,5,1dpos,elliptic,onehot,XG,10,0.103587987,232,0.939295588,0.623001207,0.566567142
120,6,raw,raw,onehot,XG,13,0.033995209,189,0.999751391,0.634396775,0.655147395
121,6,raw,zone,onehot,XG,4,0.045801493,282,0.820052797,0.971512294,0.617640926
122,6,raw,2dpos,onehot,XG,14,0.015593013,227,0.791566961,0.619245101,0.656344226
123,6,raw,polar,onehot,XG,10,0.040097907,228,0.847671034,0.621625541,0.647614455
124,6,raw,elliptic,onehot,XG,10,0.047098575,197,0.904822315,0.796041372,0.647273593
125,6,addDur,raw,onehot,XG,12,0.025235639,284,0.805028504,0.608684847,0.651527639
126,6,addDur,zone,onehot,XG,14,0.012691379,285,0.897101782,0.608403165,0.617434776
127,6,addDur,2dpos,onehot,XG,8,0.065547984,285,0.833217765,0.600395153,0.650264079
128,6,addDur,polar,onehot,XG,9,0.045948662,204,0.755328554,0.848851675,0.64664937
129,6,addDur,elliptic,onehot,XG,14,0.010058366,285,0.798401921,0.722879322,0.644125358
130,6,cyclic,raw,onehot,XG,12,0.030589974,186,0.671859457,0.636580248,0.648503113
131,6,cyclic,zone,onehot,XG,6,0.027893728,280,0.648872827,0.609412352,0.615735283
132,6,cyclic,2dpos,onehot,XG,13,0.0199715,194,0.669752401,0.622299142,0.651751012
133,6,cyclic,polar,onehot,XG,11,0.029148603,263,0.805079695,0.752851616,0.644787416
134,6,cyclic,elliptic,onehot,XG,12,0.026472124,200,0.962764739,0.600395251,0.645735309
135,6,1dpos,raw,onehot,XG,12,0.036937277,256,0.922186463,0.816787716,0.573118444
136,6,1dpos,zone,onehot,XG,11,0.052888768,266,0.626276765,0.643756311,0.544701735
137,6,1dpos,2dpos,onehot,XG,11,0.04174352,220,0.926717825,0.664669969,0.572699519
138,6,1dpos,polar,onehot,XG,12,0.039517592,294,0.958252677,0.61004754,0.569687563
139,6,1dpos,elliptic,onehot,XG,12,0.049659488,204,0.749575365,0.653227636,0.566989504
140,7,raw,raw,onehot,XG,14,0.017244916,206,0.764984673,0.600271803,0.653520236
141,7,raw,zone,onehot,XG,6,0.074881605,122,0.792862673,0.847089757,0.619802425
142,7,raw,2dpos,onehot,XG,14,0.016067375,193,0.647680998,0.618928087,0.654486511
143,7,raw,polar,onehot,XG,12,0.021810405,296,0.935226515,0.600409188,0.647537828
144,7,raw,elliptic,onehot,XG,10,0.044736541,265,0.998136534,0.610135873,0.647729542
145,7,addDur,raw,onehot,XG,9,0.037609516,235,0.90299227,0.767635783,0.650330991
146,7,addDur,zone,onehot,XG,14,0.02716522,260,0.662481348,0.618285912,0.618866994
147,7,addDur,2dpos,onehot,XG,13,0.031534154,226,0.619661533,0.626785971,0.653743642
148,7,addDur,polar,onehot,XG,11,0.032158166,237,0.894809582,0.610395441,0.647053897
149,7,addDur,elliptic,onehot,XG,10,0.037423893,293,0.939423856,0.749834928,0.644646681
150,7,cyclic,raw,onehot,XG,12,0.021642922,258,0.80690505,0.644690992,0.651766868
151,7,cyclic,zone,onehot,XG,3,0.058539302,201,0.878366791,0.659959687,0.615285491
152,7,cyclic,2dpos,onehot,XG,9,0.048564176,141,0.686975497,0.61338455,0.65184773
153,7,cyclic,polar,onehot,XG,11,0.032616872,300,0.887591643,0.627993618,0.644243041
154,7,cyclic,elliptic,onehot,XG,10,0.048581445,242,0.696591855,0.841372512,0.646379846
155,7,1dpos,raw,onehot,XG,10,0.037240014,300,0.916081494,0.997085981,0.572774541
156,7,1dpos,zone,onehot,XG,7,0.1060057,297,0.949837642,0.861037382,0.544310334
157,7,1dpos,2dpos,onehot,XG,8,0.076583873,274,0.90087853,0.74077664,0.57555273
158,7,1dpos,polar,onehot,XG,11,0.033580985,266,0.640115451,0.654504471,0.572186472
159,7,1dpos,elliptic,onehot,XG,12,0.03080246,261,0.766825912,0.627789016,0.56803478
160,8,raw,raw,onehot,XG,11,0.031685151,273,0.777382962,0.842977221,0.651633743
161,8,raw,zone,onehot,XG,7,0.038798464,197,0.673414508,0.714640533,0.619609094
162,8,raw,2dpos,onehot,XG,13,0.02643481,228,0.850786583,0.632881287,0.654460596
163,8,raw,polar,onehot,XG,7,0.072937168,271,0.888024362,0.873185674,0.646337771
164,8,raw,elliptic,onehot,XG,11,0.043559687,195,0.899510654,0.75796191,0.645217281
165,8,addDur,raw,onehot,XG,9,0.035193319,267,0.841787211,0.786271041,0.65080866
166,8,addDur,zone,onehot,XG,6,0.04785689,190,0.857714966,0.87659127,0.618611623
167,8,addDur,2dpos,onehot,XG,11,0.028709502,262,0.802107755,0.695988335,0.65289182
168,8,addDur,polar,onehot,XG,8,0.039446095,269,0.816488882,0.778641808,0.646100349
169,8,addDur,elliptic,onehot,XG,12,0.029656568,180,0.992711328,0.639956526,0.643770638
170,8,cyclic,raw,onehot,XG,9,0.083130655,177,0.734987923,0.769551908,0.649562156
171,8,cyclic,zone,onehot,XG,6,0.037783495,248,0.88693176,0.653165883,0.617955847
172,8,cyclic,2dpos,onehot,XG,9,0.045060537,256,0.832928398,0.839943414,0.649864706
173,8,cyclic,polar,onehot,XG,9,0.057139438,143,0.899107744,0.719073799,0.642729971
174,8,cyclic,elliptic,onehot,XG,12,0.027884001,221,0.925490081,0.676364617,0.643068317
175,8,1dpos,raw,onehot,XG,10,0.078271972,260,0.983284722,0.6128099,0.56762098
176,8,1dpos,zone,onehot,XG,15,0.035303945,170,0.602354258,0.607811911,0.540429877
177,8,1dpos,2dpos,onehot,XG,9,0.065586422,259,0.86279753,0.606503759,0.570486543
178,8,1dpos,polar,onehot,XG,9,0.080723014,257,0.964829734,0.673394604,0.56902348
179,8,1dpos,elliptic,onehot,XG,11,0.073361193,206,0.935921726,0.646869287,0.568822245
180,9,raw,raw,onehot,XG,11,0.054703426,202,0.743194036,0.763006249,0.650551714
181,9,raw,zone,onehot,XG,5,0.101931457,69,0.770511486,0.793311072,0.619710678
182,9,raw,2dpos,onehot,XG,11,0.023707857,279,0.866084353,0.603471083,0.653128028
183,9,raw,polar,onehot,XG,11,0.031802841,232,0.867751271,0.604027095,0.647414533
184,9,raw,elliptic,onehot,XG,10,0.055432894,239,0.945950114,0.832595982,0.645834119
185,9,addDur,raw,onehot,XG,9,0.039640364,284,0.799488502,0.944827247,0.650532035
186,9,addDur,zone,onehot,XG,6,0.026238128,217,0.756006553,0.756620034,0.616404247
187,9,addDur,2dpos,onehot,XG,9,0.062198874,219,0.790726241,0.687941639,0.652048047
188,9,addDur,polar,onehot,XG,10,0.043745685,218,0.665075381,0.693325472,0.646182873
189,9,addDur,elliptic,onehot,XG,15,0.025617803,148,0.706657745,0.74884748,0.642903634
190,9,cyclic,raw,onehot,XG,8,0.047391794,252,0.710430482,0.86141998,0.647426271
191,9,cyclic,zone,onehot,XG,6,0.033156643,256,0.700603849,0.81758378,0.617667172
192,9,cyclic,2dpos,onehot,XG,12,0.02761282,183,0.616623961,0.652008467,0.650687787
193,9,cyclic,polar,onehot,XG,8,0.071476053,143,0.85598983,0.875278153,0.643989525
194,9,cyclic,elliptic,onehot,XG,10,0.030014616,258,0.799700742,0.695249537,0.643088299
195,9,1dpos,raw,onehot,XG,11,0.051657773,220,0.84066897,0.696778288,0.570947373
196,9,1dpos,zone,onehot,XG,11,0.052107295,278,0.622578634,0.600160155,0.542153848
197,9,1dpos,2dpos,onehot,XG,9,0.055319686,292,0.86280883,0.799708779,0.57565947
198,9,1dpos,polar,onehot,XG,9,0.070510901,280,0.949761173,0.757756506,0.566546809
199,9,1dpos,elliptic,onehot,XG,10,0.053413531,280,0.744395176,0.658043647,0.565987044
200,10,raw,raw,onehot,XG,14,0.018772913,263,0.830105637,0.621585617,0.652349514
201,10,raw,zone,onehot,XG,6,0.041346181,272,0.839810882,0.780344152,0.619352215
202,10,raw,2dpos,onehot,XG,13,0.072779144,152,0.880393436,0.648192434,0.653287212
203,10,raw,polar,onehot,XG,9,0.030440544,283,0.991680499,0.620344583,0.646886235
204,10,raw,elliptic,onehot,XG,12,0.037217155,216,0.68009155,0.618982511,0.647316565
205,10,addDur,raw,onehot,XG,11,0.031799043,287,0.951190419,0.639693967,0.651788261
206,10,addDur,zone,onehot,XG,6,0.061163785,82,0.600072369,0.867338554,0.6182878
207,10,addDur,2dpos,onehot,XG,12,0.025937046,218,0.883851102,0.610483082,0.651528764
208,10,addDur,polar,onehot,XG,8,0.039472126,278,0.954384214,0.646625442,0.646521796
209,10,addDur,elliptic,onehot,XG,12,0.021709497,157,0.771691969,0.860562276,0.642050202
210,10,cyclic,raw,onehot,XG,7,0.06010128,298,0.767209041,0.754771866,0.647781697
211,10,cyclic,zone,onehot,XG,6,0.094019224,118,0.748680093,0.689320024,0.618493776
212,10,cyclic,2dpos,onehot,XG,12,0.029958292,137,0.641989581,0.652369291,0.649868896
213,10,cyclic,polar,onehot,XG,10,0.036011176,193,0.917723835,0.707320214,0.644251099
214,10,cyclic,elliptic,onehot,XG,8,0.065120218,121,0.939999052,0.693915063,0.642323604
215,10,1dpos,raw,onehot,XG,11,0.051594679,251,0.829830262,0.964616253,0.571744475
216,10,1dpos,zone,onehot,XG,12,0.084634809,178,0.720229087,0.701735563,0.54250139
217,10,1dpos,2dpos,onehot,XG,9,0.116002774,286,0.886442913,0.610424851,0.572034493
218,10,1dpos,polar,onehot,XG,13,0.048606652,241,0.865317248,0.778001197,0.566508953
219,10,1dpos,elliptic,onehot,XG,9,0.056744875,196,0.832721122,0.796821164,0.565161501
220,11,raw,raw,onehot,XG,13,0.014420368,261,0.950270679,0.617636925,0.653935616
221,11,raw,zone,onehot,XG,6,0.034238811,257,0.742133957,0.93471864,0.619455772
222,11,raw,2dpos,onehot,XG,13,0.015484679,285,0.811292039,0.620767885,0.654342702
223,11,raw,polar,onehot,XG,8,0.037588399,283,0.831303149,0.773569248,0.646824313
224,11,raw,elliptic,onehot,XG,14,0.020305481,272,0.694277933,0.702646971,0.645074417
225,11,addDur,raw,onehot,XG,12,0.034765812,281,0.892485784,0.642986732,0.652006497
226,11,addDur,zone,onehot,XG,6,0.078487557,78,0.601052973,0.714751012,0.618576646
227,11,addDur,2dpos,onehot,XG,11,0.019751328,272,0.73274624,0.696355333,0.653042004
228,11,addDur,polar,onehot,XG,12,0.035679033,156,0.953015732,0.642974341,0.645080968
229,11,addDur,elliptic,onehot,XG,15,0.014702762,235,0.938685885,0.617953393,0.642835903
230,11,cyclic,raw,onehot,XG,8,0.063682364,107,0.618153274,0.84760337,0.646669979
231,11,cyclic,zone,onehot,XG,6,0.034360475,250,0.832814193,0.937509221,0.617248416
232,11,cyclic,2dpos,onehot,XG,11,0.055328666,153,0.744078699,0.655914351,0.64921105
233,11,cyclic,polar,onehot,XG,8,0.055859742,266,0.624437942,0.969899728,0.644316022
234,11,cyclic,elliptic,onehot,XG,11,0.02315687,270,0.953950152,0.807020917,0.642582914
235,11,1dpos,raw,onehot,XG,9,0.092084005,290,0.868104555,0.775040345,0.571934932
236,11,1dpos,zone,onehot,XG,9,0.081010789,277,0.883073586,0.712320747,0.542005208
237,11,1dpos,2dpos,onehot,XG,9,0.06195105,246,0.786544634,0.630960234,0.573789645
238,11,1dpos,polar,onehot,XG,10,0.028785936,261,0.745217304,0.725597985,0.566775939
239,11,1dpos,elliptic,onehot,XG,9,0.039390889,290,0.631180574,0.783192351,0.564809633
240,12,raw,raw,onehot,XG,13,0.017993436,287,0.628149301,0.754098546,0.651792257
241,12,raw,zone,onehot,XG,5,0.033573045,200,0.921320397,0.934085102,0.618304486
242,12,raw,2dpos,onehot,XG,10,0.023961994,285,0.663319232,0.611219671,0.654096577
243,12,raw,polar,onehot,XG,12,0.034252222,139,0.930105872,0.618049627,0.648679379
244,12,raw,elliptic,onehot,XG,9,0.034846614,292,0.884872257,0.792327603,0.646071826
245,12,addDur,raw,onehot,XG,11,0.02966727,277,0.965122206,0.614678063,0.654675873
246,12,addDur,zone,onehot,XG,5,0.059827412,162,0.926074752,0.741738153,0.617531317
247,12,addDur,2dpos,onehot,XG,11,0.050137363,235,0.84708737,0.657377784,0.651280287
248,12,addDur,polar,onehot,XG,10,0.077115979,125,0.990235336,0.645656538,0.647419528
249,12,addDur,elliptic,onehot,XG,12,0.019179674,295,0.880961231,0.719192102,0.645546683
250,12,cyclic,raw,onehot,XG,9,0.044635562,242,0.762382664,0.636571849,0.650161062
251,12,cyclic,zone,onehot,XG,5,0.060069481,148,0.763754693,0.836847296,0.617364044
252,12,cyclic,2dpos,onehot,XG,9,0.032671048,272,0.741664845,0.702861271,0.652419513
253,12,cyclic,polar,onehot,XG,10,0.052668979,169,0.942457961,0.636403294,0.644811971
254,12,cyclic,elliptic,onehot,XG,12,0.039580596,160,0.903907171,0.779017207,0.643829521
255,12,1dpos,raw,onehot,XG,15,0.030107599,291,0.676404131,0.671762187,0.571048662
256,12,1dpos,zone,onehot,XG,12,0.060192378,281,0.863025038,0.725912808,0.542802499
257,12,1dpos,2dpos,onehot,XG,10,0.09159778,275,0.90772693,0.80853935,0.574936463
258,12,1dpos,polar,onehot,XG,11,0.03820716,279,0.962911629,0.639284555,0.572028909
259,12,1dpos,elliptic,onehot,XG,11,0.034966701,252,0.709979491,0.675531112,0.567649927
260,13,raw,raw,onehot,XG,10,0.035690294,251,0.724219072,0.811283321,0.654089817
261,13,raw,zone,onehot,XG,6,0.092694594,77,0.779404752,0.840203069,0.621103907
262,13,raw,2dpos,onehot,XG,14,0.041859467,169,0.752821479,0.67560114,0.651912398
263,13,raw,polar,onehot,XG,12,0.01354002,273,0.979726761,0.624327868,0.648503507
264,13,raw,elliptic,onehot,XG,13,0.027713448,124,0.821200582,0.706567607,0.646095284
265,13,addDur,raw,onehot,XG,10,0.038165133,223,0.782658411,0.77202781,0.651524118
266,13,addDur,zone,onehot,XG,5,0.041673835,233,0.689468964,0.712454893,0.618605619
267,13,addDur,2dpos,onehot,XG,14,0.013201845,227,0.847832316,0.613007747,0.653116627
268,13,addDur,polar,onehot,XG,10,0.043548907,191,0.974924563,0.702741914,0.646876267
269,13,addDur,elliptic,onehot,XG,13,0.02026017,172,0.749665802,0.661689208,0.64398357
270,13,cyclic,raw,onehot,XG,11,0.032251717,183,0.873508976,0.672783188,0.650752451
271,13,cyclic,zone,onehot,XG,4,0.041653543,281,0.858115045,0.919302988,0.617134136
272,13,cyclic,2dpos,onehot,XG,13,0.032303951,119,0.744392373,0.61013871,0.650941514
273,13,cyclic,polar,onehot,XG,9,0.052082205,170,0.765953501,0.799457029,0.643055147
274,13,cyclic,elliptic,onehot,XG,10,0.054008085,240,0.775734723,0.799945879,0.643961318
275,13,1dpos,raw,onehot,XG,9,0.066202309,207,0.886155251,0.804984439,0.57041573
276,13,1dpos,zone,onehot,XG,9,0.124875822,269,0.869013477,0.674311788,0.547356459
277,13,1dpos,2dpos,onehot,XG,11,0.054691419,218,0.918089926,0.88049207,0.571243118
278,13,1dpos,polar,onehot,XG,9,0.046204923,231,0.893208054,0.787106984,0.567022205
279,13,1dpos,elliptic,onehot,XG,9,0.15759128,189,0.914174716,0.860094006,0.566020633
280,14,raw,raw,onehot,XG,11,0.038486719,226,0.755605085,0.820764783,0.652288387
281,14,raw,zone,onehot,XG,4,0.119019474,168,0.837003137,0.985172576,0.617306535
282,14,raw,2dpos,onehot,XG,10,0.070164333,150,0.874596476,0.680083926,0.653939684
283,14,raw,polar,onehot,XG,14,0.028810619,182,0.990983208,0.608896094,0.649090166
284,14,raw,elliptic,onehot,XG,10,0.038256442,216,0.852936946,0.779562304,0.64592124
285,14,addDur,raw,onehot,XG,12,0.026436306,223,0.863405297,0.695402048,0.651570196
286,14,addDur,zone,onehot,XG,5,0.042507554,154,0.668424138,0.615551566,0.617895511
287,14,addDur,2dpos,onehot,XG,11,0.034191457,157,0.683630529,0.702025612,0.651537047
288,14,addDur,polar,onehot,XG,12,0.014694898,280,0.874266442,0.623174242,0.645234353
289,14,addDur,elliptic,onehot,XG,13,0.021520524,204,0.787251902,0.778786675,0.64189468
290,14,cyclic,raw,onehot,XG,8,0.073899928,149,0.643101022,0.704896845,0.648079015
291,14,cyclic,zone,onehot,XG,5,0.037169926,238,0.939696029,0.627352927,0.616661481
292,14,cyclic,2dpos,onehot,XG,11,0.023166695,296,0.627825913,0.616174018,0.651818349
293,14,cyclic,polar,onehot,XG,8,0.052969441,220,0.851868682,0.968862829,0.64364466
294,14,cyclic,elliptic,onehot,XG,9,0.103534525,132,0.660803606,0.643766506,0.640783216
295,14,1dpos,raw,onehot,XG,11,0.066706905,264,0.85850447,0.805899402,0.570354894
296,14,1dpos,zone,onehot,XG,13,0.130025443,161,0.948138018,0.667450258,0.538660378
297,14,1dpos,2dpos,onehot,XG,11,0.05056904,295,0.874497278,0.651669033,0.576186943
298,14,1dpos,polar,onehot,XG,9,0.044609823,243,0.85818766,0.916061662,0.565237894
299,14,1dpos,elliptic,onehot,XG,10,0.097273287,261,0.969739594,0.816980134,0.562932019
300,15,raw,raw,onehot,XG,10,0.025638147,296,0.701667466,0.612952292,0.650110176
301,15,raw,zone,onehot,XG,5,0.175834253,106,0.843599108,0.739139716,0.619378221
302,15,raw,2dpos,onehot,XG,14,0.010344168,196,0.644104567,0.600227952,0.655352447
303,15,raw,polar,onehot,XG,10,0.026981564,295,0.834227043,0.63545069,0.647769171
304,15,raw,elliptic,onehot,XG,10,0.043758307,254,0.891680522,0.815448531,0.64543573
305,15,addDur,raw,onehot,XG,11,0.033106594,252,0.957345322,0.681745444,0.651061777
306,15,addDur,zone,onehot,XG,6,0.030709039,234,0.714952572,0.711250805,0.617435819
307,15,addDur,2dpos,onehot,XG,8,0.058383137,182,0.863413932,0.722391098,0.651903655
308,15,addDur,polar,onehot,XG,9,0.04540923,239,0.790069387,0.75439641,0.650160942
309,15,addDur,elliptic,onehot,XG,14,0.01105811,298,0.847152605,0.67360664,0.643832352
310,15,cyclic,raw,onehot,XG,11,0.036570883,279,0.715801555,0.658206483,0.649021034
311,15,cyclic,zone,onehot,XG,5,0.037429802,225,0.9277328,0.866833633,0.616991785
312,15,cyclic,2dpos,onehot,XG,10,0.037532358,221,0.787238128,0.620596849,0.652006804
313,15,cyclic,polar,onehot,XG,8,0.063623579,221,0.668373445,0.713218968,0.644208076
314,15,cyclic,elliptic,onehot,XG,9,0.024997555,289,0.879930416,0.633097411,0.642577597
315,15,1dpos,raw,onehot,XG,10,0.052779557,268,0.887577033,0.974349831,0.572139816
316,15,1dpos,zone,onehot,XG,9,0.120842327,211,0.736474257,0.607915542,0.543948678
317,15,1dpos,2dpos,onehot,XG,10,0.09140567,174,0.849737909,0.782817334,0.5704312
318,15,1dpos,polar,onehot,XG,10,0.087573315,278,0.990613632,0.609523897,0.570308448
319,15,1dpos,elliptic,onehot,XG,11,0.055801163,245,0.728022771,0.6688297,0.563409511
