value,duration,params_max_depth,params_max_features,params_max_samples,params_min_samples_leaf,params_min_samples_split,params_n_estimators,user_attrs_ACC,user_attrs_WF1,Work_precision,Work_recall,Work_f1-score,Work_support,Others_precision,Others_recall,Others_f1-score,Others_support,Home_precision,Home_recall,Home_f1-score,Home_support,Shop_precision,Shop_recall,Shop_f1-score,Shop_support,accuracy,zeroPreds,adj_accuracy,model,option
0.6096066416287804,5,45,sqrt,0.9972476132620236,2,5,250,0.5532713975093893,0.6508573513316308,0.6203059805285118,0.6845740598618573,0.6508573513316308,1303.0,0.4432773109243697,0.33359683794466405,0.38069463238610735,1265.0,0.5834508697696286,0.7722464219041693,0.6647027316550616,1607.0,0.45018450184501846,0.27601809954751133,0.34221598877980364,884.0,0.5532713975093893,0.0,0.6096066416287804,RF,worst
0.6084206364894248,5,45,sqrt,0.826781613661001,1,4,450,0.553864400079067,0.6510607168983175,0.6219426974143956,0.6830391404451266,0.6510607168983175,1303.0,0.44607329842931936,0.3367588932806324,0.3837837837837838,1265.0,0.5821596244131455,0.7716241443683883,0.6636339309606636,1607.0,0.4530386740331492,0.27828054298642535,0.3447792571829012,884.0,0.553864400079067,0.0,0.6084206364894248,RF,worst
0.6072346313500692,3,20,sqrt,0.8205984442942812,1,4,300,0.5505040521842262,0.6491994177583698,0.6173010380622838,0.6845740598618573,0.6491994177583698,1303.0,0.44574468085106383,0.3312252964426877,0.3800453514739229,1265.0,0.5813519813519814,0.775980087118855,0.6647121535181236,1607.0,0.42911153119092627,0.25678733031674206,0.3213021939136589,884.0,0.5505040521842262,0.0,0.6072346313500692,RF,worst
0.6066416287803914,2,20,sqrt,0.7332667814158461,1,4,250,0.5520853923700336,0.6472938612422812,0.6144827586206897,0.6838066001534919,0.6472938612422812,1303.0,0.44397905759162304,0.33517786561264823,0.38198198198198197,1265.0,0.5823665893271461,0.7809583074051026,0.6671982987772461,1607.0,0.4468937875751503,0.252262443438914,0.3224873463485177,884.0,0.5520853923700336,0.0,0.6066416287803914,RF,worst
0.6066416287803914,6,45,sqrt,0.893469489336763,2,7,550,0.5544574026487448,0.6503827925628873,0.6194444444444445,0.6845740598618573,0.6503827925628873,1303.0,0.4570815450643777,0.3367588932806324,0.3878015475648612,1265.0,0.5780027611596871,0.7815805849408837,0.6645502645502646,1607.0,0.4494163424124514,0.26131221719457015,0.33047210300429186,884.0,0.5544574026487448,0.0,0.6066416287803914,RF,worst
0.6064439612571655,3,20,sqrt,0.6656373877725953,1,2,300,0.5526783949397114,0.6491803278688525,0.6178918169209431,0.6838066001534919,0.6491803278688525,1303.0,0.4446831364124597,0.32727272727272727,0.3770491803278688,1265.0,0.5799721835883171,0.7784691972619788,0.6647183846971307,1607.0,0.45368620037807184,0.27149321266968324,0.33970276008492567,884.0,0.5526783949397114,0.0,0.6064439612571655,RF,worst
0.6064439612571655,5,40,log2,0.8197832838259984,1,5,500,0.5540620676022929,0.6531351939108373,0.6188186813186813,0.6914811972371451,0.6531351939108373,1303.0,0.4478723404255319,0.33280632411067196,0.381859410430839,1265.0,0.5783076203833567,0.7697573117610454,0.6604378003203417,1607.0,0.46564885496183206,0.27601809954751133,0.3465909090909091,884.0,0.5540620676022929,0.0,0.6064439612571655,RF,worst
0.6062462937339396,2,20,sqrt,0.7334206803241978,1,4,250,0.5540620676022929,0.6528384279475983,0.6207612456747404,0.6884113584036838,0.6528384279475983,1303.0,0.45580404685835996,0.3383399209486166,0.38838475499092556,1265.0,0.5754369825206992,0.7784691972619788,0.6617297011372653,1607.0,0.4530938123752495,0.25678733031674206,0.32779783393501805,884.0,0.5540620676022929,0.0,0.6062462937339396,RF,worst
0.6062462937339396,7,45,sqrt,0.8516157427588591,1,7,650,0.5512947222771298,0.6509090909090909,0.6185210780926054,0.6868764389869532,0.6509090909090909,1303.0,0.43868921775898523,0.32806324110671936,0.3753957485300769,1265.0,0.5794131346064276,0.7741132545115121,0.6627597229621737,1607.0,0.4527938342967245,0.2658371040723982,0.33499643620812547,884.0,0.5512947222771298,0.0,0.6062462937339396,RF,worst
0.6060486262107135,3,20,sqrt,0.7112374607800248,1,3,300,0.5510970547539039,0.6482758620689655,0.6150137741046832,0.6853415195702226,0.6482758620689655,1303.0,0.44349680170575695,0.32885375494071145,0.37766681797548796,1265.0,0.5797574626865671,0.7734909769757312,0.6627565982404692,1607.0,0.44952380952380955,0.2669683257918552,0.33498935415188075,884.0,0.5510970547539039,0.0,0.6060486262107135,RF,worst
0.6060486262107135,6,45,sqrt,0.779053440036069,1,4,500,0.5516900573235818,0.6535947712418301,0.6202618883528601,0.6907137375287797,0.6535947712418301,1303.0,0.44220572640509015,0.32964426877470354,0.37771739130434784,1265.0,0.5792682926829268,0.7685127566894835,0.6606044396897566,1607.0,0.44840525328330205,0.2703619909502262,0.33733239237826396,884.0,0.5516900573235818,0.0,0.6060486262107135,RF,worst
0.6056532911642617,7,20,sqrt,0.8208781501889324,1,4,400,0.5501087171377743,0.6466934599926927,0.6171548117154811,0.6792018419033001,0.6466934599926927,1303.0,0.4421841541755889,0.3264822134387352,0.37562528422010005,1265.0,0.5797773654916512,0.7778469197261979,0.6643635397289397,1607.0,0.4392523364485981,0.2658371040723982,0.33121916842847077,884.0,0.5501087171377743,0.0,0.6056532911642617,RF,worst
0.6054556236410358,6,40,log2,0.8046271045979773,1,5,550,0.5507017197074521,0.6546112115732369,0.6190150478796169,0.6945510360706063,0.6546112115732369,1303.0,0.440337909186906,0.32964426877470354,0.3770343580470163,1265.0,0.5776223776223777,0.7710018668326073,0.6604477611940298,1607.0,0.44554455445544555,0.25452488687782804,0.32397408207343414,884.0,0.5507017197074521,0.0,0.6054556236410358,RF,worst
0.6054556236410358,6,20,sqrt,0.7971334155270143,1,4,650,0.5530737299861632,0.6501638150709865,0.618421052631579,0.6853415195702226,0.6501638150709865,1303.0,0.4517543859649123,0.3256916996047431,0.37850252641249427,1265.0,0.5767097966728281,0.776602364654636,0.6618933969769292,1607.0,0.45454545454545453,0.27714932126696834,0.3443429374560787,884.0,0.5530737299861632,0.0,0.6054556236410358,RF,worst
0.6052579561178099,3,20,sqrt,0.7127256075182969,1,3,300,0.5524807274164855,0.6511965192168238,0.6171821305841925,0.6891788181120491,0.6511965192168238,1303.0,0.4505844845908608,0.33517786561264823,0.3844061650045331,1265.0,0.5769589552238806,0.7697573117610454,0.6595574513463076,1607.0,0.45472061657032753,0.2669683257918552,0.33642195295794725,884.0,0.5524807274164855,0.0,0.6052579561178099,RF,worst
0.604862621071358,7,50,log2,0.823209346485871,3,7,450,0.5554457402648745,0.651985559566787,0.6155419222903885,0.6930161166538756,0.651985559566787,1303.0,0.4591397849462366,0.3375494071146245,0.3890660592255125,1265.0,0.5752171925011431,0.7828251400124455,0.6631523458091724,1607.0,0.4673684210526316,0.251131221719457,0.32671081677704195,884.0,0.5554457402648745,0.0,0.604862621071358,RF,worst
0.604862621071358,6,40,log2,0.8781460762295403,2,8,600,0.5522830598932595,0.653179190751445,0.6170648464163823,0.693783576362241,0.653179190751445,1303.0,0.4487594390507012,0.32885375494071145,0.3795620437956204,1265.0,0.575091575091575,0.7815805849408837,0.6626219994724347,1607.0,0.45134575569358176,0.24660633484162897,0.31894659839063644,884.0,0.5522830598932595,0.0,0.604862621071358,RF,worst
0.604862621071358,7,20,sqrt,0.8355012826920829,1,4,650,0.5514923898003558,0.6501276906238599,0.6196105702364395,0.6838066001534919,0.6501276906238599,1303.0,0.44337606837606836,0.32806324110671936,0.3771013175829169,1265.0,0.5777467411545624,0.7722464219041693,0.6609853528628495,1607.0,0.45251396648044695,0.2748868778280543,0.34201266713581985,884.0,0.5514923898003558,0.0,0.604862621071358,RF,worst
0.604664953548132,6,45,sqrt,0.8930960305869637,2,8,600,0.5542597351255188,0.6473988439306358,0.6116040955631399,0.6876438986953185,0.6473988439306358,1303.0,0.4531422271223815,0.324901185770751,0.3784530386740331,1265.0,0.57860765329645,0.7809583074051026,0.6647245762711864,1607.0,0.4671814671814672,0.2737556561085973,0.34522111269614836,884.0,0.5542597351255188,0.0,0.604664953548132,RF,worst
0.604664953548132,7,45,sqrt,0.8648916532259298,1,5,550,0.5524807274164855,0.6438704983630411,0.6120331950207469,0.6792018419033001,0.6438704983630411,1303.0,0.4421272158498436,0.33517786561264823,0.381294964028777,1265.0,0.5826291079812207,0.7722464219041693,0.6641691196146642,1607.0,0.4675572519083969,0.27714932126696834,0.34801136363636365,884.0,0.5524807274164855,0.0,0.604664953548132,RF,worst
0.6042696185016802,5,40,log2,0.770650634390447,1,5,500,0.5512947222771298,0.6493693693693694,0.6120923913043478,0.6914811972371451,0.6493693693693694,1303.0,0.44627192982456143,0.3217391304347826,0.37390904915020673,1265.0,0.5791666666666667,0.7784691972619788,0.6641890098221397,1607.0,0.44660194174757284,0.26018099547511314,0.3288062902072909,884.0,0.5512947222771298,0.0,0.6042696185016802,RF,worst
0.6042696185016802,6,45,sqrt,0.7579593708935711,1,4,500,0.5501087171377743,0.643956043956044,0.6159775753328661,0.6745970836531082,0.643956043956044,1303.0,0.4429028815368196,0.32806324110671936,0.37693006357856496,1265.0,0.5782407407407407,0.777224642190417,0.6631271568887709,1607.0,0.4485981308411215,0.27149321266968324,0.3382663847780127,884.0,0.5501087171377743,0.0,0.6042696185016802,RF,worst
0.6040719509784542,4,45,sqrt,0.9997986775175376,2,5,300,0.5501087171377743,0.6477231329690346,0.616504854368932,0.6822716807367614,0.6477231329690346,1303.0,0.4407684098185699,0.3264822134387352,0.3751135331516803,1265.0,0.5776105362182502,0.7641568139390168,0.6579158853469059,1607.0,0.4566787003610108,0.2861990950226244,0.3518776077885953,884.0,0.5501087171377743,0.0,0.6040719509784542,RF,worst
0.6040719509784542,6,25,sqrt,0.927410395246708,2,3,550,0.5514923898003558,0.6524102935846321,0.6181318681318682,0.6907137375287797,0.6524102935846321,1303.0,0.44562899786780386,0.33043478260869563,0.37948252383113934,1265.0,0.5767615492300513,0.7691350342252644,0.6592,1607.0,0.4521072796934866,0.2669683257918552,0.3357041251778094,884.0,0.5514923898003558,0.0,0.6040719509784542,RF,worst
0.6038742834552283,6,45,sqrt,0.8780736991462075,1,4,500,0.5493180470448705,0.648134601316752,0.6191474493361285,0.6799693016116654,0.648134601316752,1303.0,0.44842105263157894,0.3367588932806324,0.38465011286681716,1265.0,0.5774647887323944,0.7654013690105788,0.6582820444206583,1607.0,0.4324817518248175,0.2680995475113122,0.33100558659217877,884.0,0.5493180470448705,0.0,0.6038742834552283,RF,worst
0.6038742834552283,6,45,sqrt,0.7514236029882511,1,5,500,0.5503063846610002,0.6492184660123591,0.6167127071823204,0.6853415195702226,0.6492184660123591,1303.0,0.4375,0.3264822134387352,0.3739248528746039,1265.0,0.5770476631189264,0.775980087118855,0.6618895966029724,1607.0,0.45652173913043476,0.26131221719457015,0.33237410071942447,884.0,0.5503063846610002,0.0,0.6038742834552283,RF,worst
0.6036766159320024,3,20,sqrt,0.6923942952183378,1,3,300,0.5524807274164855,0.6511965192168238,0.6171821305841925,0.6891788181120491,0.6511965192168238,1303.0,0.44871794871794873,0.33201581027667987,0.38164470695138575,1265.0,0.5764760576476058,0.7716241443683883,0.6599254922831294,1607.0,0.4584139264990329,0.2680995475113122,0.33832976445396146,884.0,0.5524807274164855,0.0,0.6036766159320024,RF,worst
0.6036766159320024,5,35,sqrt,0.7916186308013365,1,8,450,0.5532713975093893,0.6483556198048428,0.6127049180327869,0.6884113584036838,0.6483556198048428,1303.0,0.4466230936819172,0.3241106719367589,0.3756298671552909,1265.0,0.5786802030456852,0.7803360298693217,0.6645468998410174,1607.0,0.4666666666666667,0.2692307692307692,0.34146341463414637,884.0,0.5532713975093893,0.0,0.6036766159320024,RF,worst
0.6034789484087765,5,45,sqrt,0.954044382096823,1,4,350,0.5503063846610002,0.6455604075691412,0.613840830449827,0.6807367613200307,0.6455604075691412,1303.0,0.445141065830721,0.3367588932806324,0.38343834383438347,1265.0,0.580920740389179,0.761667703795893,0.6591276252019386,1607.0,0.4490909090909091,0.27941176470588236,0.34449093444909346,884.0,0.5503063846610002,0.0,0.6034789484087765,RF,worst
0.6034789484087765,8,45,sqrt,0.856042930200636,1,8,750,0.550899387230678,0.6467806475081848,0.6147994467496543,0.6822716807367614,0.6467806475081848,1303.0,0.44610458911419426,0.33043478260869563,0.3796548592188919,1265.0,0.5780961182994455,0.7784691972619788,0.6634844868735084,1607.0,0.447265625,0.25904977375565613,0.32808022922636104,884.0,0.550899387230678,0.0,0.6034789484087765,RF,worst
0.6034789484087765,4,20,sqrt,0.8118241728874315,1,4,350,0.5495157145680964,0.6441920117259069,0.6164095371669004,0.6745970836531082,0.6441920117259069,1303.0,0.44004171011470283,0.33359683794466405,0.37949640287769787,1265.0,0.5784085621219172,0.7734909769757312,0.661874334398296,1607.0,0.44952380952380955,0.2669683257918552,0.33498935415188075,884.0,0.5495157145680964,0.0,0.6034789484087765,RF,worst
0.6034789484087765,6,45,sqrt,0.7816212338941895,2,7,600,0.5516900573235818,0.6489825581395349,0.6162870945479642,0.6853415195702226,0.6489825581395349,1303.0,0.44601962922573607,0.3233201581027668,0.3748854262144821,1265.0,0.5756321839080459,0.7790914747977598,0.662083553675304,1607.0,0.4575289575289575,0.2680995475113122,0.33808844507845937,884.0,0.5516900573235818,0.0,0.6034789484087765,RF,worst
0.6032812808855506,7,20,sqrt,0.814963556282851,1,4,400,0.5520853923700336,0.6482758620689655,0.6150137741046832,0.6853415195702226,0.6482758620689655,1303.0,0.4550379198266522,0.33201581027667987,0.38391224862888484,1265.0,0.5752788104089219,0.7703795892968264,0.6586858206969939,1607.0,0.4548872180451128,0.2737556561085973,0.3418079096045198,884.0,0.5520853923700336,0.0,0.6032812808855506,RF,worst
0.6032812808855506,2,45,sqrt,0.970010111070067,2,5,200,0.5499110496145483,0.6482155863073562,0.6167706167706167,0.6830391404451266,0.6482155863073562,1303.0,0.4473684210526316,0.3359683794466403,0.3837471783295711,1265.0,0.5764540337711069,0.7647790914747977,0.6573950254078631,1607.0,0.44569288389513106,0.2692307692307692,0.33568406205923834,884.0,0.5499110496145483,0.0,0.6032812808855506,RF,worst
0.6032812808855506,9,45,sqrt,0.8578123484035558,3,7,600,0.5534690650326152,0.6514327167210736,0.6176066024759285,0.6891788181120491,0.6514327167210736,1303.0,0.44924406047516197,0.32885375494071145,0.3797352806937471,1265.0,0.5743119266055046,0.7790914747977598,0.6612094005809348,1607.0,0.46893787575150303,0.2647058823529412,0.3383947939262473,884.0,0.5534690650326152,0.0,0.6032812808855506,RF,worst
0.6032812808855506,6,30,log2,0.846645893610557,2,6,600,0.5501087171377743,0.6555956678700361,0.6189502385821404,0.6968534151957022,0.6555956678700361,1303.0,0.44274809160305345,0.3209486166007905,0.3721356553620532,1265.0,0.5726811259806184,0.7722464219041693,0.6576576576576577,1607.0,0.44881889763779526,0.2579185520361991,0.3275862068965517,884.0,0.5501087171377743,0.0,0.6032812808855506,RF,worst
0.6030836133623245,3,45,sqrt,0.9791449068754369,2,4,250,0.5493180470448705,0.64874682164911,0.6158620689655172,0.6853415195702226,0.64874682164911,1303.0,0.4364406779661017,0.3256916996047431,0.37301946582163875,1265.0,0.5770676691729323,0.7641568139390168,0.6575635876840696,1607.0,0.4581005586592179,0.27828054298642535,0.3462350457424349,884.0,0.5493180470448705,0.0,0.6030836133623245,RF,worst
0.6030836133623245,3,20,sqrt,0.7069430673970648,1,3,350,0.5505040521842262,0.6497093023255814,0.6169772256728778,0.6861089792785878,0.6497093023255814,1303.0,0.4393305439330544,0.33201581027667987,0.37820801440792434,1265.0,0.5765091249415067,0.7666459240821406,0.6581196581196581,1607.0,0.4622823984526112,0.2703619909502262,0.34118486795146324,884.0,0.5505040521842262,0.0,0.6030836133623245,RF,worst
0.6030836133623245,5,25,sqrt,0.9056245500998643,1,10,550,0.5518877248468077,0.6468023255813954,0.6142167011732229,0.6830391404451266,0.6468023255813954,1303.0,0.4429028815368196,0.32806324110671936,0.37693006357856496,1265.0,0.5772245274319963,0.7790914747977598,0.663135593220339,1607.0,0.4662698412698413,0.2658371040723982,0.33861671469740634,884.0,0.5518877248468077,0.0,0.6030836133623245,RF,worst
0.6028859458390986,8,45,sqrt,0.9024911838696164,2,6,450,0.5507017197074521,0.64874682164911,0.6158620689655172,0.6853415195702226,0.64874682164911,1303.0,0.4421841541755889,0.3264822134387352,0.37562528422010005,1265.0,0.5779432294090274,0.7728686994399502,0.6613418530351438,1607.0,0.4524714828897338,0.2692307692307692,0.3375886524822695,884.0,0.5507017197074521,0.0,0.6028859458390986,RF,worst
0.6028859458390986,3,40,sqrt,0.8883992683182833,1,4,250,0.5477367068590631,0.640319071791153,0.6068728522336769,0.6776669224865695,0.640319071791153,1303.0,0.4411452810180276,0.32885375494071145,0.37681159420289856,1265.0,0.5826251180358829,0.7678904791537026,0.6625503355704698,1607.0,0.43830570902394106,0.2692307692307692,0.33356692361597756,884.0,0.5477367068590631,0.0,0.6028859458390986,RF,worst
0.6026882783158727,6,25,log2,0.8300313620641625,2,6,650,0.5514923898003558,0.6488245931283906,0.6135430916552668,0.6884113584036838,0.6488245931283906,1303.0,0.4474835886214442,0.3233201581027668,0.37540156034878386,1265.0,0.5737779808131567,0.7815805849408837,0.6617492096944152,1607.0,0.46153846153846156,0.2579185520361991,0.3309143686502177,884.0,0.5514923898003558,0.0,0.6026882783158727,RF,worst
0.6026882783158727,3,45,sqrt,0.72088595610688,1,4,250,0.5485273769519667,0.6426229508196721,0.6116504854368932,0.6768994627782041,0.6426229508196721,1303.0,0.4374331550802139,0.3233201581027668,0.3718181818181818,1265.0,0.5786542923433875,0.775980087118855,0.6629452418926103,1607.0,0.4497153700189753,0.2680995475113122,0.3359319631467045,884.0,0.5485273769519667,0.0,0.6026882783158727,RF,worst
0.6026882783158727,3,45,sqrt,0.7863492052514061,2,5,300,0.5493180470448705,0.6473149492017417,0.6139022711631108,0.6845740598618573,0.6473149492017417,1303.0,0.4344528710725894,0.31699604743083004,0.36654478976234006,1265.0,0.5747126436781609,0.7778469197261979,0.6610259122157589,1607.0,0.4645669291338583,0.2669683257918552,0.3390804597701149,884.0,0.5493180470448705,0.0,0.6026882783158727,RF,worst
0.6024906107926468,12,20,sqrt,0.7188336680968981,1,2,850,0.5503063846610002,0.6509262622593535,0.6179310344827587,0.6876438986953185,0.6509262622593535,1303.0,0.4445628997867804,0.32964426877470354,0.37857467090331365,1265.0,0.5743494423791822,0.7691350342252644,0.6576217079010375,1607.0,0.4527938342967245,0.2658371040723982,0.33499643620812547,884.0,0.5503063846610002,0.0,0.6024906107926468,RF,worst
0.6024906107926468,8,30,sqrt,0.741507646440481,2,7,700,0.5552480727416486,0.6497829232995659,0.6146475017111568,0.6891788181120491,0.6497829232995659,1303.0,0.46145374449339205,0.3312252964426877,0.38564196962724345,1265.0,0.5728506787330316,0.7878033602986932,0.6633481791983233,1607.0,0.4708333333333333,0.25565610859728505,0.3313782991202346,884.0,0.5552480727416486,0.0,0.6024906107926468,RF,worst
0.6022929432694208,3,20,sqrt,0.6582567249278579,1,2,300,0.5493180470448705,0.6443879404286234,0.6117241379310345,0.6807367613200307,0.6443879404286234,1303.0,0.44983818770226536,0.32964426877470354,0.38047445255474455,1265.0,0.5759815242494226,0.775980087118855,0.66118769883351,1607.0,0.4410058027079304,0.2579185520361991,0.32548179871520344,884.0,0.5493180470448705,0.0,0.6022929432694208,RF,worst
0.601897608222969,2,20,sqrt,0.6012392274970921,1,3,250,0.5503063846610002,0.6465014577259475,0.6155447605829285,0.6807367613200307,0.6465014577259475,1303.0,0.44551282051282054,0.32964426877470354,0.37891867333030443,1265.0,0.5746543778801844,0.775980087118855,0.6603124172623775,1607.0,0.455078125,0.26357466063348417,0.333810888252149,884.0,0.5503063846610002,0.0,0.601897608222969,RF,worst
0.6016999406997431,8,50,sqrt,0.849165532477862,4,7,500,0.550899387230678,0.6480203414456956,0.6151724137931035,0.6845740598618573,0.6480203414456956,1303.0,0.44733984799131377,0.3256916996047431,0.37694419030192133,1265.0,0.5724670604270786,0.7840696950840075,0.6617647058823529,1607.0,0.45790554414784396,0.252262443438914,0.325309992706054,884.0,0.550899387230678,0.0,0.6016999406997431,RF,worst
0.6016999406997431,6,40,log2,0.8133506576563123,1,5,550,0.547934374382289,0.6458409008354522,0.613103448275862,0.6822716807367614,0.6458409008354522,1303.0,0.4451476793248945,0.33359683794466405,0.3813827383642115,1265.0,0.573953488372093,0.7678904791537026,0.6569071067340964,1607.0,0.44422700587084146,0.25678733031674206,0.3254480286738351,884.0,0.547934374382289,0.0,0.6016999406997431,RF,worst
0.6013046056532911,2,25,sqrt,0.7011184736505937,1,3,200,0.5471437042893853,0.6454183266932271,0.6111111111111112,0.6838066001534919,0.6454183266932271,1303.0,0.4351949420442571,0.3264822134387352,0.37308039747064137,1265.0,0.5783529411764706,0.7647790914747977,0.6586280814576635,1607.0,0.4459203036053131,0.2658371040723982,0.3330970942593905,884.0,0.5471437042893853,0.0,0.6013046056532911,RF,worst
0.6013046056532911,3,30,sqrt,0.7512064424384534,2,9,300,0.5510970547539039,0.6506899055918663,0.6175051688490696,0.6876438986953185,0.6506899055918663,1303.0,0.4485373781148429,0.32727272727272727,0.37842778793418647,1265.0,0.5711019661636946,0.777224642190417,0.6584080126515551,1607.0,0.4598393574297189,0.25904977375565613,0.3314037626628075,884.0,0.5510970547539039,0.0,0.6013046056532911,RF,worst
0.6011069381300652,7,40,sqrt,0.834419140928306,1,4,350,0.5475390393358371,0.6446159500183756,0.6184767277856136,0.6730621642363775,0.6446159500183756,1303.0,0.43884892086330934,0.3375494071146245,0.38159070598748884,1265.0,0.5744978981784213,0.7654013690105788,0.656350053361793,1607.0,0.4478178368121442,0.2669683257918552,0.3345145287030475,884.0,0.5475390393358371,0.0,0.6011069381300652,RF,worst
0.6011069381300652,4,50,log2,0.8007066131750059,2,7,450,0.5514923898003558,0.6502890173410405,0.6143344709897611,0.6907137375287797,0.6502890173410405,1303.0,0.44945054945054946,0.3233201581027668,0.3760919540229885,1265.0,0.5724043715846995,0.7822028624766646,0.6610570602156193,1607.0,0.45901639344262296,0.25339366515837103,0.32653061224489793,884.0,0.5514923898003558,0.0,0.6011069381300652,RF,worst
0.6011069381300652,7,45,sqrt,0.8998104691462987,2,8,650,0.5510970547539039,0.6446460980036298,0.6115702479338843,0.681504221028396,0.6446460980036298,1303.0,0.4543478260869565,0.33043478260869563,0.3826086956521739,1265.0,0.5747814081914404,0.777224642190417,0.6608465608465608,1607.0,0.45330739299610895,0.26357466063348417,0.3333333333333333,884.0,0.5510970547539039,0.0,0.6011069381300652,RF,worst
0.6011069381300652,9,40,log2,0.6970211883656842,1,4,800,0.5491203795216446,0.6515151515151515,0.6147038801906058,0.6930161166538756,0.6515151515151515,1303.0,0.44253490870032225,0.3256916996047431,0.37522768670309653,1265.0,0.5754760798885277,0.7710018668326073,0.6590425531914894,1607.0,0.4426877470355731,0.25339366515837103,0.32230215827338127,884.0,0.5491203795216446,0.0,0.6011069381300652,RF,worst
0.6009092706068393,7,45,sqrt,0.9346733830258761,3,6,600,0.5518877248468077,0.6466763005780347,0.6109215017064846,0.6868764389869532,0.6466763005780347,1303.0,0.45384615384615384,0.3264822134387352,0.3797701149425287,1265.0,0.5743212149102623,0.776602364654636,0.6603174603174603,1607.0,0.461839530332681,0.2669683257918552,0.33835125448028674,884.0,0.5518877248468077,0.0,0.6009092706068393,RF,worst
0.6009092706068393,7,45,sqrt,0.9191431694361063,2,2,350,0.5489227119984187,0.6444846292947559,0.6094391244870041,0.6838066001534919,0.6444846292947559,1303.0,0.44073275862068967,0.3233201581027668,0.37300501595987234,1265.0,0.5761527713088029,0.7697573117610454,0.6590303676078849,1607.0,0.45977011494252873,0.27149321266968324,0.3413940256045519,884.0,0.5489227119984187,0.0,0.6009092706068393,RF,worst
0.6009092706068393,2,30,sqrt,0.807600181298353,3,8,200,0.547934374382289,0.64376130198915,0.6087551299589603,0.6830391404451266,0.64376130198915,1303.0,0.43681917211328974,0.31699604743083004,0.3673843334860284,1265.0,0.5756186984417965,0.7815805849408837,0.6629717603589338,1607.0,0.45271629778672035,0.25452488687782804,0.3258508327299059,884.0,0.547934374382289,0.0,0.6009092706068393,RF,worst
0.6009092706068393,2,20,sqrt,0.6580293735564994,2,2,200,0.5493180470448705,0.6468670771459616,0.612482853223594,0.6853415195702226,0.6468670771459616,1303.0,0.4448051948051948,0.324901185770751,0.375513933302878,1265.0,0.572347266881029,0.7753578095830741,0.6585623678646935,1607.0,0.458,0.25904977375565613,0.3309248554913295,884.0,0.5493180470448705,0.0,0.6009092706068393,RF,worst
0.6007116030836134,2,20,sqrt,0.7279686484818775,2,4,250,0.5518877248468077,0.649890590809628,0.6191799861014593,0.6838066001534919,0.649890590809628,1303.0,0.44849785407725323,0.33043478260869563,0.380518889394629,1265.0,0.5709074327405381,0.7790914747977598,0.6589473684210526,1607.0,0.4666666666666667,0.26131221719457015,0.3350253807106599,884.0,0.5518877248468077,0.0,0.6007116030836134,RF,worst
0.6007116030836134,2,20,sqrt,0.6849993271207259,2,3,250,0.5493180470448705,0.6495293265749457,0.6148046607265251,0.6884113584036838,0.6495293265749457,1303.0,0.43501611170784105,0.3201581027667984,0.36885245901639346,1265.0,0.5727978092195345,0.7809583074051026,0.6608741442864665,1607.0,0.46443514644351463,0.251131221719457,0.32599118942731276,884.0,0.5493180470448705,0.0,0.6007116030836134,RF,worst
0.6005139355603875,11,45,log2,0.9162892295511559,1,6,1000,0.5475390393358371,0.64874682164911,0.6158620689655172,0.6853415195702226,0.64874682164911,1303.0,0.44126984126984126,0.32964426877470354,0.3773755656108597,1265.0,0.5727611940298507,0.7641568139390168,0.6547587310050653,1607.0,0.4461538461538462,0.26244343891402716,0.33048433048433046,884.0,0.5475390393358371,0.0,0.6005139355603875,RF,worst
0.6005139355603875,3,45,sqrt,0.8852482551972859,3,4,300,0.5471437042893853,0.6427795874049945,0.6082191780821918,0.681504221028396,0.6427795874049945,1303.0,0.4378947368421053,0.32885375494071145,0.37562076749435663,1265.0,0.5773532152842498,0.7710018668326073,0.6602717825739408,1607.0,0.44731610337972166,0.25452488687782804,0.32444124008651765,884.0,0.5471437042893853,0.0,0.6005139355603875,RF,worst
0.6005139355603875,6,45,sqrt,0.805008389995675,5,4,600,0.5514923898003558,0.6482014388489209,0.6100203114421124,0.6914811972371451,0.6482014388489209,1303.0,0.44769403824521936,0.31462450592885377,0.3695450324976787,1265.0,0.5713642503376857,0.7896701929060361,0.6630094043887147,1607.0,0.4703389830508475,0.251131221719457,0.3274336283185841,884.0,0.5514923898003558,0.0,0.6005139355603875,RF,worst
0.6003162680371615,7,40,sqrt,0.8737134356792947,8,9,750,0.5542597351255188,0.6535150645624104,0.6134680134680135,0.6991557943207981,0.6535150645624104,1303.0,0.4574944071588367,0.3233201581027668,0.3788791106993979,1265.0,0.567747667703243,0.7952706907280647,0.6625194401244168,1607.0,0.4801864801864802,0.2330316742081448,0.3137852246763138,884.0,0.5542597351255188,0.0,0.6003162680371615,RF,worst
0.6003162680371615,2,20,sqrt,0.7372646483417394,1,4,250,0.5461553666732556,0.6491803278688525,0.6178918169209431,0.6838066001534919,0.6491803278688525,1303.0,0.4354669464847849,0.32806324110671936,0.3742110009017133,1265.0,0.5735498839907193,0.7691350342252644,0.6570972886762361,1607.0,0.43418467583497056,0.25,0.3173007896625987,884.0,0.5461553666732556,0.0,0.6003162680371615,RF,worst
0.6003162680371615,2,45,sqrt,0.841911064539685,1,5,200,0.5453646965803518,0.6418943533697632,0.6109570041608876,0.6761320030698388,0.6418943533697632,1303.0,0.4411134903640257,0.3256916996047431,0.3747157798999545,1265.0,0.5769770706598034,0.7672682016179216,0.6586538461538461,1607.0,0.4267399267399267,0.26357466063348417,0.3258741258741259,884.0,0.5453646965803518,0.0,0.6003162680371615,RF,worst
0.6003162680371615,8,15,sqrt,0.7200019769158447,2,3,600,0.5542597351255188,0.646551724137931,0.6076975016880486,0.6907137375287797,0.646551724137931,1303.0,0.4643652561247216,0.32964426877470354,0.3855755894590846,1265.0,0.5701519213583557,0.7940261356565028,0.6637191157347204,1607.0,0.47737556561085975,0.23868778280542988,0.31825037707390647,884.0,0.5542597351255188,0.0,0.6003162680371615,RF,worst
0.6003162680371615,6,35,sqrt,0.8269518956350377,3,8,350,0.5499110496145483,0.6469100108420672,0.6113387978142076,0.6868764389869532,0.6469100108420672,1303.0,0.4457831325301205,0.3217391304347826,0.37373737373737376,1265.0,0.5754241173773499,0.7809583074051026,0.6626187961985216,1607.0,0.4491017964071856,0.25452488687782804,0.3249097472924188,884.0,0.5499110496145483,0.0,0.6003162680371615,RF,worst
0.6001186005139355,2,20,sqrt,0.6242349827026017,1,5,250,0.5465507017197074,0.6431941923774954,0.6101928374655647,0.6799693016116654,0.6431941923774954,1303.0,0.4351063829787234,0.3233201581027668,0.3709750566893424,1265.0,0.5748613678373382,0.7741132545115121,0.6597719437814903,1607.0,0.44930417495029823,0.25565610859728505,0.32588320115356884,884.0,0.5465507017197074,0.0,0.6001186005139355,RF,worst
0.5999209329907096,6,45,sqrt,0.8881083631569331,2,9,550,0.5499110496145483,0.6473149492017417,0.6139022711631108,0.6845740598618573,0.6473149492017417,1303.0,0.44432432432432434,0.324901185770751,0.37534246575342467,1265.0,0.5718232044198895,0.7728686994399502,0.6573167504630855,1607.0,0.4656188605108055,0.2680995475113122,0.3402727925340991,884.0,0.5499110496145483,0.0,0.5999209329907096,RF,worst
0.5997232654674837,4,20,log2,0.9456688186525195,5,10,500,0.5493180470448705,0.6465733763903839,0.6071428571428571,0.6914811972371451,0.6465733763903839,1303.0,0.4453038674033149,0.3185770750988142,0.37142857142857144,1265.0,0.5728551974580118,0.7853142501555694,0.6624671916010498,1607.0,0.45610278372591007,0.2409502262443439,0.3153219837157661,884.0,0.5493180470448705,0.0,0.5997232654674837,RF,worst
0.5997232654674837,4,20,sqrt,0.8565697073397468,6,4,400,0.5524807274164855,0.6491543720762865,0.6111111111111112,0.6922486569455104,0.6491543720762865,1303.0,0.4523281596452328,0.32252964426877473,0.3765574526995847,1265.0,0.5690582959641256,0.7896701929060361,0.6614542611415168,1607.0,0.4789356984478936,0.24434389140271492,0.3235955056179775,884.0,0.5524807274164855,0.0,0.5997232654674837,RF,worst
0.5995255979442577,2,20,sqrt,0.6724701810538434,1,2,250,0.5465507017197074,0.645090909090909,0.612992398064962,0.6807367613200307,0.645090909090909,1303.0,0.4353813559322034,0.324901185770751,0.3721140787686736,1265.0,0.5759137769447048,0.7647790914747977,0.657043571237637,1607.0,0.44569288389513106,0.2692307692307692,0.33568406205923834,884.0,0.5465507017197074,0.0,0.5995255979442577,RF,worst
0.5995255979442577,4,35,sqrt,0.9392370697665262,5,7,400,0.5497133820913224,0.6467195385724586,0.6097892590074779,0.6884113584036838,0.6467195385724586,1303.0,0.442350332594235,0.31541501976284586,0.3682510383017997,1265.0,0.5722070844686649,0.7840696950840075,0.6615909687582042,1607.0,0.46487603305785125,0.25452488687782804,0.32894736842105265,884.0,0.5497133820913224,0.0,0.5995255979442577,RF,worst
0.5995255979442577,7,45,sqrt,0.94842303456473,4,7,650,0.5499110496145483,0.6461872063606794,0.610655737704918,0.6861089792785878,0.6461872063606794,1303.0,0.44956140350877194,0.3241106719367589,0.37666513550757924,1265.0,0.572930955647005,0.7797137523335408,0.6605166051660517,1607.0,0.4536290322580645,0.25452488687782804,0.32608695652173914,884.0,0.5499110496145483,0.0,0.5995255979442577,RF,worst
0.5991302628978059,6,20,log2,0.7982861851032501,1,3,350,0.547934374382289,0.6433260393873085,0.6129256428075052,0.6768994627782041,0.6433260393873085,1303.0,0.44385026737967914,0.32806324110671936,0.37727272727272726,1265.0,0.5720221606648199,0.7710018668326073,0.6567717996289425,1607.0,0.45472061657032753,0.2669683257918552,0.33642195295794725,884.0,0.547934374382289,0.0,0.5991302628978059,RF,worst
0.5991302628978059,5,30,sqrt,0.6060116467619747,1,9,500,0.5505040521842262,0.6514987360057782,0.6152796725784447,0.6922486569455104,0.6514987360057782,1303.0,0.4456641053787047,0.3209486166007905,0.37316176470588236,1265.0,0.5674818840579711,0.7797137523335408,0.6568807339449542,1607.0,0.47257383966244726,0.25339366515837103,0.32989690721649484,884.0,0.5505040521842262,0.0,0.5991302628978059,RF,worst
0.59893259537458,4,50,log2,0.8378502901300888,3,7,450,0.5495157145680964,0.6464646464646465,0.6099387338325392,0.6876438986953185,0.6464646464646465,1303.0,0.4478594950603732,0.32252964426877473,0.375,1265.0,0.5714285714285714,0.7815805849408837,0.6601839684625492,1607.0,0.4573804573804574,0.248868778280543,0.32234432234432236,884.0,0.5495157145680964,0.0,0.59893259537458,RF,worst
0.5983395928049021,2,15,sqrt,0.6806411820367626,1,3,200,0.5491203795216446,0.6460980036297641,0.6129476584022039,0.6830391404451266,0.6460980036297641,1303.0,0.44846491228070173,0.3233201581027668,0.3757464400551217,1265.0,0.5693135935397039,0.7896701929060361,0.6616266944734098,1607.0,0.45064377682403434,0.23755656108597284,0.3111111111111111,884.0,0.5491203795216446,0.0,0.5983395928049021,RF,worst
0.5983395928049021,7,45,sqrt,0.7761302373401906,3,2,550,0.5475390393358371,0.6426253155427335,0.6061224489795919,0.6838066001534919,0.6426253155427335,1303.0,0.4424778761061947,0.31620553359683795,0.36883356385431076,1265.0,0.5716234652114598,0.7822028624766646,0.6605359957961114,1607.0,0.4567901234567901,0.251131221719457,0.32408759124087594,884.0,0.5475390393358371,0.0,0.5983395928049021,RF,worst
0.5983395928049021,2,45,sqrt,0.6477761200642567,4,5,200,0.5487250444751928,0.6469527587450414,0.610204081632653,0.6884113584036838,0.6469527587450414,1303.0,0.44308035714285715,0.3138339920948617,0.36742248958815366,1265.0,0.5698876404494382,0.7890479153702551,0.6617954070981211,1607.0,0.45726495726495725,0.2420814479638009,0.3165680473372781,884.0,0.5487250444751928,0.0,0.5983395928049021,RF,worst
0.5981419252816762,3,35,sqrt,0.634794079969762,3,4,300,0.5467483692429334,0.6457204767063922,0.6098226466575716,0.6861089792785878,0.6457204767063922,1303.0,0.4315443592552026,0.31146245059288535,0.36179981634527086,1265.0,0.5718820861678005,0.7846919726197884,0.661594963273872,1607.0,0.4568421052631579,0.24547511312217193,0.31935246504782927,884.0,0.5467483692429334,0.0,0.5981419252816762,RF,worst
0.5979442577584503,11,40,log2,0.7858337915640154,1,3,700,0.5451670290571259,0.6437861271676301,0.6081911262798635,0.6838066001534919,0.6437861271676301,1303.0,0.43918191603875134,0.32252964426877473,0.37192342752962626,1265.0,0.5734951003266449,0.7647790914747977,0.6554666666666666,1607.0,0.44061302681992337,0.26018099547511314,0.32716927453769556,884.0,0.5451670290571259,0.0,0.5979442577584503,RF,worst
0.5977465902352244,4,40,log2,0.817932459268661,3,6,400,0.5477367068590631,0.6456749909518639,0.6109589041095891,0.6845740598618573,0.6456749909518639,1303.0,0.4435840707964602,0.31699604743083004,0.36975564776394654,1265.0,0.5690983235160851,0.7815805849408837,0.6586261143156791,1607.0,0.45491803278688525,0.251131221719457,0.3236151603498542,884.0,0.5477367068590631,0.0,0.5977465902352244,RF,worst
0.5975489227119984,3,50,log2,0.8685014342134986,4,4,350,0.5501087171377743,0.6449067431850789,0.6053872053872054,0.6899462778204144,0.6449067431850789,1303.0,0.45695364238410596,0.32727272727272727,0.3813910640257946,1265.0,0.5730645900137425,0.7784691972619788,0.6601583113456464,1607.0,0.4515463917525773,0.24773755656108598,0.31994156318480643,884.0,0.5501087171377743,0.0,0.5975489227119984,RF,worst
0.5969559201423206,5,20,sqrt,0.7304667795745761,1,5,250,0.5469460367661593,0.6453006841915736,0.6078697421981004,0.6876438986953185,0.6453006841915736,1303.0,0.4385775862068966,0.3217391304347826,0.3711810305517556,1265.0,0.5725472132657762,0.7734909769757312,0.6580201164637375,1607.0,0.4547325102880658,0.25,0.32262773722627736,884.0,0.5469460367661593,0.0,0.5969559201423206,RF,worst
0.5965605850958687,7,15,sqrt,0.9673558030763564,5,7,850,0.5495157145680964,0.6479683567062208,0.6096075778078485,0.6914811972371451,0.6479683567062208,1303.0,0.4467120181405896,0.31146245059288535,0.3670237540754541,1265.0,0.5672306322350846,0.7927815805849409,0.6613028808720478,1607.0,0.46578366445916114,0.23868778280542988,0.3156320119670905,884.0,0.5495157145680964,0.0,0.5965605850958687,RF,worst
0.5965605850958687,6,20,sqrt,0.6673990946616155,2,6,400,0.547934374382289,0.643860280878646,0.6065128900949797,0.6861089792785878,0.643860280878646,1303.0,0.4459308807134894,0.31620553359683795,0.3700277520814061,1265.0,0.5710382513661202,0.7803360298693217,0.6594793584012622,1607.0,0.45528455284552843,0.25339366515837103,0.32558139534883723,884.0,0.547934374382289,0.0,0.5965605850958687,RF,worst
0.5963629175726428,4,45,sqrt,0.7300187412801363,8,5,500,0.5505040521842262,0.6501436781609196,0.6110735989196489,0.6945510360706063,0.6501436781609196,1303.0,0.4460674157303371,0.3138339920948617,0.368445475638051,1265.0,0.5628847845206685,0.7965152457996266,0.6596238082968308,1607.0,0.49033816425120774,0.22963800904977374,0.31278890600924497,884.0,0.5505040521842262,0.0,0.5963629175726428,RF,worst
0.5963629175726428,7,40,log2,0.7943086316718686,6,5,750,0.5475390393358371,0.6525636428827537,0.6123822341857336,0.6983883346124329,0.6525636428827537,1303.0,0.44342857142857145,0.3067193675889328,0.36261682242990656,1265.0,0.5630810092961488,0.791537025513379,0.6580444904293844,1607.0,0.45558086560364464,0.22624434389140272,0.30234315948601664,884.0,0.5475390393358371,0.0,0.5963629175726428,RF,worst
0.5961652500494169,5,45,log2,0.7684521878407325,4,6,550,0.5495157145680964,0.6501614639397201,0.610512129380054,0.6953184957789716,0.6501614639397201,1303.0,0.4460674157303371,0.3138339920948617,0.368445475638051,1265.0,0.5662921348314607,0.7840696950840075,0.6576200417536534,1607.0,0.4717391304347826,0.24547511312217193,0.3229166666666667,884.0,0.5495157145680964,0.0,0.5961652500494169,RF,worst
0.5961652500494169,3,20,log2,0.9875938324820401,7,2,400,0.5469460367661593,0.6492109038737446,0.6094276094276094,0.6945510360706063,0.6492109038737446,1303.0,0.4419642857142857,0.3130434782608696,0.36649699213327164,1265.0,0.5672645739910314,0.7871810827629122,0.6593692989314569,1607.0,0.4486607142857143,0.22737556561085973,0.30180180180180183,884.0,0.5469460367661593,0.0,0.5961652500494169,RF,worst
0.595967582526191,9,35,log2,0.6527201723212944,4,2,950,0.5487250444751928,0.647374062165059,0.6056149732620321,0.6953184957789716,0.647374062165059,1303.0,0.44519774011299434,0.31146245059288535,0.3665116279069767,1265.0,0.56727760393384,0.7896701929060361,0.6602497398543185,1607.0,0.46938775510204084,0.2341628959276018,0.31245283018867925,884.0,0.5487250444751928,0.0,0.595967582526191,RF,worst
0.595967582526191,4,50,log2,0.7423607991724621,7,6,450,0.5493180470448705,0.64926707186271,0.607764390896921,0.6968534151957022,0.64926707186271,1303.0,0.4402234636871508,0.31146245059288535,0.3648148148148148,1265.0,0.5667550839964633,0.7977598008711886,0.6627035409666581,1607.0,0.47794117647058826,0.22058823529411764,0.3018575851393189,884.0,0.5493180470448705,0.0,0.595967582526191,RF,worst
0.5957699150029651,3,25,sqrt,0.8102158102982198,9,4,400,0.5469460367661593,0.6505589614136315,0.6136054421768707,0.6922486569455104,0.6505589614136315,1303.0,0.4411111111111111,0.3138339920948617,0.366743648960739,1265.0,0.5624724061810155,0.7927815805849409,0.6580578512396694,1607.0,0.45754716981132076,0.21945701357466063,0.2966360856269113,884.0,0.5469460367661593,0.0,0.5957699150029651,RF,worst
0.5953745799565131,5,15,sqrt,0.7504583630942145,10,8,700,0.5475390393358371,0.6522988505747126,0.613099257258609,0.6968534151957022,0.6522988505747126,1303.0,0.43946188340807174,0.3098814229249012,0.36346777932313395,1265.0,0.5605263157894737,0.7952706907280647,0.6575765371751994,1607.0,0.4729064039408867,0.2171945701357466,0.29767441860465116,884.0,0.5475390393358371,0.0,0.5953745799565131,RF,worst
0.5949792449100613,2,15,log2,0.7505765233087542,6,7,200,0.5467483692429334,0.6479683567062208,0.6096075778078485,0.6914811972371451,0.6479683567062208,1303.0,0.4391353811149033,0.30513833992094863,0.36007462686567165,1265.0,0.5626094570928196,0.7996266334785315,0.6604985864816243,1607.0,0.46411483253588515,0.21945701357466063,0.2980030721966206,884.0,0.5467483692429334,0.0,0.5949792449100613,RF,worst
0.5939909072939316,7,50,sqrt,0.6452347050349285,9,9,450,0.547934374382289,0.6508620689655172,0.611748818365969,0.6953184957789716,0.6508620689655172,1303.0,0.44332210998877664,0.31225296442687744,0.36641929499072357,1265.0,0.5600877192982456,0.7946484131922837,0.6570620015436069,1607.0,0.47665847665847666,0.21945701357466063,0.3005422153369481,884.0,0.547934374382289,0.0,0.5939909072939316,RF,worst
0.589839889306187,1,10,sqrt,0.8470927832444601,1,3,300,0.5410160110693814,0.65007215007215,0.6133424098025868,0.6914811972371451,0.65007215007215,1303.0,0.4200426439232409,0.31146245059288535,0.35769405356332273,1265.0,0.5529715762273901,0.7990043559427504,0.6536014252990583,1607.0,0.47878787878787876,0.17873303167420815,0.2602965403624382,884.0,0.5410160110693814,0.0,0.589839889306187,RF,worst
0.589839889306187,1,10,sqrt,0.9984366114223084,9,3,300,0.5412136785926073,0.653002517080187,0.6143437077131259,0.6968534151957022,0.653002517080187,1303.0,0.4145021645021645,0.3027667984189723,0.3499314755596163,1265.0,0.5526770293609672,0.7965152457996266,0.6525618149375478,1607.0,0.4897360703812317,0.18891402714932126,0.2726530612244898,884.0,0.5412136785926073,0.0,0.589839889306187,RF,worst
0.5858865388416683,3,10,log2,0.7668716841132704,1,5,550,0.5384463332674442,0.6512947853848883,0.6055408970976254,0.7045280122793554,0.6512947853848883,1303.0,0.4128540305010893,0.29960474308300394,0.3472285845167201,1265.0,0.5523809523809524,0.7940261356565028,0.6515190196579015,1607.0,0.4793650793650794,0.17081447963800905,0.2518765638031693,884.0,0.5384463332674442,0.0,0.5858865388416683,RF,worst
0.5856888713184424,4,10,log2,0.8443064438783423,2,6,700,0.5370626606048626,0.648207312744054,0.6030383091149274,0.7006907137375288,0.648207312744054,1303.0,0.4091403699673558,0.2972332015810277,0.3443223443223443,1265.0,0.5539599651871192,0.7921593030491599,0.6519846350832267,1607.0,0.4725609756097561,0.1753393665158371,0.25577557755775576,884.0,0.5370626606048626,0.0,0.5856888713184424,RF,worst
0.5850958687487646,4,10,sqrt,0.7148684657430581,1,6,750,0.5380509982209923,0.64926707186271,0.607764390896921,0.6968534151957022,0.64926707186271,1303.0,0.4121475054229935,0.30039525691699603,0.3475080018289895,1265.0,0.5499139414802066,0.7952706907280647,0.6502162299669295,1607.0,0.4890282131661442,0.17647058823529413,0.2593516209476309,884.0,0.5380509982209923,0.0,0.5850958687487646,RF,worst
0.5595967582526191,1,5,sqrt,0.7583858612883978,2,2,200,0.5074125321209725,0.6387096774193548,0.5991930060524546,0.6838066001534919,0.6387096774193548,1303.0,0.3396057347670251,0.29960474308300394,0.3183536329273415,1265.0,0.5273353422298752,0.7622899813316739,0.6234096692111959,1607.0,0.5413533834586466,0.08144796380090498,0.1415929203539823,884.0,0.5074125321209725,0.0,0.5595967582526191,RF,worst
0.5582130855900376,3,5,sqrt,0.7827985143537615,2,5,650,0.5066218620280688,0.6395184135977338,0.5936883629191322,0.6930161166538756,0.6395184135977338,1303.0,0.3397612488521579,0.2924901185770751,0.3143585386576041,1265.0,0.5264743865690917,0.761045426260112,0.6223918575063613,1607.0,0.5317460317460317,0.0757918552036199,0.13267326732673268,884.0,0.5066218620280688,0.0,0.5582130855900376,RF,worst
0.5576200830203597,4,5,sqrt,0.9182761757635506,8,3,900,0.5056335244119391,0.6390070921985815,0.5939353988134476,0.6914811972371451,0.6390070921985815,1303.0,0.3393994540491356,0.2948616600790514,0.3155668358714044,1265.0,0.5258620689655172,0.7591785936527692,0.6213394448688566,1607.0,0.5203252032520326,0.07239819004524888,0.12711022840119166,884.0,0.5056335244119391,0.0,0.5576200830203597,RF,worst
0.5572247479739079,2,5,sqrt,0.8288056589781516,2,7,450,0.5082032022138763,0.6390158172231986,0.5894941634241245,0.6976208749040675,0.6390158172231986,1303.0,0.3477851083883129,0.291699604743083,0.3172828890799656,1265.0,0.5262704565030146,0.760423148724331,0.6220412318656147,1607.0,0.5298507462686567,0.08031674208144797,0.13948919449901767,884.0,0.5082032022138763,0.0,0.5572247479739079,RF,worst
0.5530737299861632,2,5,log2,0.8655576577234221,7,5,500,0.5052381893654873,0.634315424610052,0.5783817951959545,0.7022256331542595,0.634315424610052,1303.0,0.34543670264965654,0.2782608695652174,0.30823117338003503,1265.0,0.5239111870196413,0.7635345364032359,0.6214231451000253,1607.0,0.5344827586206896,0.07013574660633484,0.124,884.0,0.5052381893654873,0.0,0.5530737299861632,RF,worst
