value,duration,params_dropout_prob,params_lrate,params_nEpoch,params_n_layers,params_n_units_layer_0,params_n_units_layer_1,params_n_units_layer_2,params_weight_decay,user_attrs_ACC,user_attrs_WF1,Work_precision,Work_recall,Work_f1-score,Work_support,Others_precision,Others_recall,Others_f1-score,Others_support,Home_precision,Home_recall,Home_f1-score,Home_support,Shop_precision,Shop_recall,Shop_f1-score,Shop_support,accuracy,zeroPreds,adj_accuracy,model,option
0.6368847598339593,2,0.47971770450260076,0.0012367243595064147,200,2,512,128.0,,9.767376281640223e-05,0.5708638070764973,0.6438986953184958,0.6438986953184958,0.6438986953184958,0.6438986953184958,1303.0,0.4505395683453237,0.3960474308300395,0.42153975599495164,1265.0,0.6359810625986323,0.7523335407591786,0.6892816419612314,1607.0,0.45625841184387617,0.3834841628959276,0.4167178856791641,884.0,0.5708638070764973,0.0,0.6368847598339593,NN,best
0.6349080846016999,10,0.4989239191217435,0.001106595762882627,300,2,512,512.0,,0.0008371913733421202,0.5653291164261712,0.6434583014537107,0.6414950419527079,0.6454336147352264,0.6434583014537107,1303.0,0.4437555358724535,0.3960474308300395,0.41854636591478694,1265.0,0.6307363927427961,0.7355320472930927,0.6791151967825337,1607.0,0.45100671140939597,0.38009049773755654,0.4125230202578269,884.0,0.5653291164261712,0.0,0.6349080846016999,NN,best
0.6313500691836331,3,0.4890529384499957,0.0015647877193360885,300,2,512,128.0,,0.0009026619909546418,0.5647361138564934,0.6393254120352626,0.6385911179173047,0.6400613967766692,0.6393254120352626,1303.0,0.4442553191489362,0.4126482213438735,0.4278688524590164,1265.0,0.6339334424440808,0.7230864965774736,0.6755813953488372,1607.0,0.45503355704697984,0.3834841628959276,0.4162062615101289,884.0,0.5647361138564934,0.0,0.6313500691836331,NN,best
0.6295710614745997,3,0.46916482567554063,0.0011056730955627757,300,2,512,128.0,,0.0006543214780609185,0.5643407788100415,0.640397857689365,0.6384439359267735,0.6423637759017652,0.640397857689365,1303.0,0.4537286612758311,0.39920948616600793,0.4247266610597141,1265.0,0.6273987206823027,0.7324206596141879,0.6758541487223658,1607.0,0.4426877470355731,0.38009049773755654,0.40900791235544737,884.0,0.5643407788100415,0.0,0.6295710614745997,NN,best
0.6295710614745997,6,0.3860390438984286,0.0019321612188965354,300,2,512,128.0,,0.0009052574564500185,0.5601897608222969,0.6359832635983264,0.6304675716440422,0.6415963161933999,0.6359832635983264,1303.0,0.43682008368200836,0.4126482213438735,0.424390243902439,1265.0,0.6311111111111111,0.7069072806471687,0.6668623422365718,1607.0,0.46070460704607047,0.38461538461538464,0.4192355117139334,884.0,0.5601897608222969,0.0,0.6295710614745997,NN,best
0.6291757264281479,3,0.4758826014526837,0.0012627416947487119,300,2,512,128.0,,0.0004345577117005598,0.5619687685313303,0.6417853020392459,0.6435185185185185,0.6400613967766692,0.6417853020392459,1303.0,0.44425675675675674,0.4158102766798419,0.4295630869742752,1265.0,0.6294667399670149,0.7125077784691972,0.6684179801517806,1607.0,0.44473684210526315,0.38235294117647056,0.41119221411192214,884.0,0.5619687685313303,0.0,0.6291757264281479,NN,best
0.6289780589049219,3,0.3542635298640706,0.001958086840593543,300,2,512,128.0,,0.0005492165524356701,0.5552480727416486,0.6317016317016317,0.6396538158929976,0.6239447429009977,0.6317016317016317,1303.0,0.42961165048543687,0.4197628458498024,0.42463014794082365,1265.0,0.6350737797956867,0.6963285625388923,0.6642920747996438,1607.0,0.4379746835443038,0.3914027149321267,0.4133811230585424,884.0,0.5552480727416486,0.0,0.6289780589049219,NN,best
0.628780391381696,7,0.48855763632024507,0.0011188800660077076,300,2,512,512.0,,0.0007029243834881243,0.562759438624234,0.6270058708414873,0.639776357827476,0.614735226400614,0.6270058708414873,1303.0,0.4591928251121076,0.40474308300395256,0.43025210084033616,1265.0,0.6253284287966369,0.7405102675793404,0.6780626780626781,1607.0,0.43599493029150826,0.3891402714932127,0.41123729826658695,884.0,0.562759438624234,0.0,0.628780391381696,NN,best
0.628780391381696,3,0.4659158099416391,0.0013610508225208096,300,2,512,128.0,,0.0005669147741883511,0.559794425775845,0.6279161724001582,0.6476345840130505,0.6093630084420568,0.6279161724001582,1303.0,0.434640522875817,0.4205533596837945,0.42748091603053434,1265.0,0.6254002134471718,0.7293092719352832,0.6733697213444413,1607.0,0.454421768707483,0.3778280542986425,0.4126003705991353,884.0,0.559794425775845,0.0,0.628780391381696,NN,best
0.6275943862423404,3,0.46526196795237723,0.0010138906169371638,300,2,512,128.0,,0.0003888052248555892,0.5560387428345522,0.634221707222866,0.6384136858475894,0.6300844205679201,0.634221707222866,1303.0,0.42833052276559863,0.4015810276679842,0.4145246838025296,1265.0,0.6317530319735392,0.7131300560049783,0.6699795381467407,1607.0,0.4372574385510996,0.38235294117647056,0.407966203983102,884.0,0.5560387428345522,0.0,0.6275943862423404,NN,best
0.6275943862423404,3,0.48480356103421335,0.001008448295307846,300,2,512,128.0,,0.000657075752540074,0.5671081241352046,0.6394817073170732,0.6351249053747161,0.6438986953184958,0.6394817073170732,1303.0,0.45901639344262296,0.3984189723320158,0.4265763859500635,1265.0,0.6201873048907388,0.7417548226509023,0.6755454803060357,1607.0,0.46518105849582175,0.3778280542986425,0.41697877652933835,884.0,0.5671081241352046,0.0,0.6275943862423404,NN,best
0.6275943862423404,1,0.33159218035719584,0.0030795377747963692,500,1,128,,,2.2631384261055254e-05,0.5613757659616525,0.638763197586727,0.6278724981467754,0.6500383729854182,0.638763197586727,1303.0,0.4379370629370629,0.3960474308300395,0.41594022415940224,1265.0,0.6287101996762008,0.7249533291848165,0.6734104046242775,1607.0,0.4586255259467041,0.36990950226244346,0.4095178459611772,884.0,0.5613757659616525,0.0,0.6275943862423404,NN,best
0.6273967187191144,3,0.4747052410825954,0.0013127478556656939,300,2,512,128.0,,0.0007716334720969953,0.562759438624234,0.6307751050019091,0.6276595744680851,0.6339217191097467,0.6307751050019091,1303.0,0.4433713784021071,0.39920948616600793,0.42013311148086524,1265.0,0.6298283261802575,0.730553827006845,0.6764621146643619,1607.0,0.46216216216216216,0.38687782805429866,0.4211822660098522,884.0,0.562759438624234,0.0,0.6273967187191144,NN,best
0.6273967187191144,3,0.4715924058522023,0.0015343355732681566,300,2,512,128.0,,0.0006365477369244236,0.5572247479739079,0.6280674846625767,0.6275862068965518,0.6285495011511896,0.6280674846625767,1303.0,0.43874891398783666,0.39920948616600793,0.41804635761589404,1265.0,0.6332236842105263,0.7187305538270068,0.6732730982220927,1607.0,0.43645699614890887,0.38461538461538464,0.40889957907396274,884.0,0.5572247479739079,0.0,0.6273967187191144,NN,best
0.6271990511958885,3,0.44385054302578747,0.0014386829316328405,300,2,512,128.0,,0.0003565523347117378,0.5607827633919747,0.6246105919003115,0.6339920948616601,0.6155026861089793,0.6246105919003115,1303.0,0.453437771975631,0.41185770750988143,0.43164871582435793,1265.0,0.6305630026809651,0.731798382078407,0.6774193548387096,1607.0,0.43333333333333335,0.38235294117647056,0.40625,884.0,0.5607827633919747,0.0,0.6271990511958885,NN,best
0.6270013836726626,3,0.41385552021267247,0.0018799262299356242,300,2,512,128.0,,7.316903228063443e-05,0.5526783949397114,0.6253918495297806,0.6389111289031225,0.612432847275518,0.6253918495297806,1303.0,0.43271555197421435,0.42450592885375493,0.42857142857142855,1265.0,0.6395617070357554,0.6901057871810827,0.6638730918886561,1607.0,0.4215568862275449,0.39819004524886875,0.40954043048283884,884.0,0.5526783949397114,0.0,0.6270013836726626,NN,best
0.6266060486262107,2,0.48480250118008067,0.0018041575990416661,200,2,512,128.0,,0.00010274673502781121,0.559794425775845,0.6254886630179828,0.6374501992031872,0.6139677666922486,0.6254886630179828,1303.0,0.44415584415584414,0.40553359683794465,0.42396694214876035,1265.0,0.6243386243386243,0.7342874922215308,0.6748641692879611,1607.0,0.44664031620553357,0.3834841628959276,0.4126597687157638,884.0,0.559794425775845,0.0,0.6266060486262107,NN,best
0.6266060486262107,4,0.43843889913681566,0.001679819058873705,400,2,512,128.0,,0.0003398565453787901,0.5542597351255188,0.6288379323746599,0.637007874015748,0.6208749040675364,0.6288379323746599,1303.0,0.4456958970233307,0.4379446640316206,0.44178628389154706,1265.0,0.6379310344827587,0.6907280647168638,0.6632805497460412,1607.0,0.4106699751861042,0.3744343891402715,0.39171597633136096,884.0,0.5542597351255188,0.0,0.6266060486262107,NN,best
0.6266060486262107,6,0.4464032558778448,0.0014351026040186896,300,2,512,128.0,,0.0003297917351282004,0.5572247479739079,0.6275728155339806,0.6352201257861635,0.6201074443591711,0.6275728155339806,1303.0,0.43882544861337686,0.425296442687747,0.43195503813729424,1265.0,0.628099173553719,0.7093963907902925,0.6662770309760374,1607.0,0.44638069705093836,0.3766968325791855,0.4085889570552147,884.0,0.5572247479739079,0.0,0.6266060486262107,NN,best
0.6264083811029848,3,0.48675972299317305,0.0010154888400159949,300,2,512,128.0,,0.0005499930756639644,0.559794425775845,0.6287907869481766,0.6290322580645161,0.6285495011511896,0.6287907869481766,1303.0,0.4331983805668016,0.42292490118577075,0.428,1265.0,0.6378348214285714,0.7112632233976354,0.6725507502206531,1607.0,0.4589041095890411,0.37895927601809953,0.41511771995043373,884.0,0.559794425775845,0.0,0.6264083811029848,NN,best
0.6264083811029848,3,0.43238360928105535,0.001426862633777466,300,2,512,128.0,,0.0007555180006819758,0.5595967582526191,0.6262705238467553,0.6382470119521912,0.614735226400614,0.6262705238467553,1303.0,0.4481012658227848,0.4197628458498024,0.433469387755102,1265.0,0.6284627919608908,0.7199751088985687,0.6711136890951276,1607.0,0.43958868894601544,0.38687782805429866,0.41155234657039713,884.0,0.5595967582526191,0.0,0.6264083811029848,NN,best
0.6258153785333069,3,0.49345435639331725,0.0018090708819342236,300,2,256,256.0,,0.0005823720962317823,0.5601897608222969,0.6330879504068191,0.6392801251956182,0.6270145817344589,0.6330879504068191,1303.0,0.44177777777777777,0.39288537549407115,0.41589958158995816,1265.0,0.6233561283534982,0.7373988799004356,0.6755986316989738,1607.0,0.44370860927152317,0.37895927601809953,0.40878584502745574,884.0,0.5601897608222969,0.0,0.6258153785333069,NN,best
0.625617711010081,3,0.4880893344726597,0.0010047484618847479,300,2,512,128.0,,0.00045955281606529613,0.5607827633919747,0.6292307692307693,0.630686198920586,0.6277820414428242,0.6292307692307693,1303.0,0.4429347826086957,0.3865612648221344,0.41283241874208526,1265.0,0.622257053291536,0.7411325451151214,0.67651235444476,1607.0,0.45564516129032256,0.3834841628959276,0.41646191646191644,884.0,0.5607827633919747,0.0,0.625617711010081,NN,best
0.6252223759636292,3,0.4673898076293268,0.0013147759967754957,300,2,512,128.0,,0.0006700910850643997,0.5576200830203597,0.6293759512937596,0.6241509433962265,0.634689178818112,0.6293759512937596,1303.0,0.44050632911392407,0.4126482213438735,0.42612244897959184,1265.0,0.6369747899159663,0.7075295581829496,0.6704009433962265,1607.0,0.43848167539267013,0.37895927601809953,0.4065533980582524,884.0,0.5576200830203597,0.0,0.6252223759636292,NN,best
0.6252223759636292,5,0.4106768195293871,0.0016514799031574596,500,2,512,128.0,,5.428679482029462e-05,0.5518877248468077,0.6161100196463655,0.6312399355877617,0.6016884113584037,0.6161100196463655,1303.0,0.4306808859721083,0.4150197628458498,0.4227053140096618,1265.0,0.6328555678059536,0.7143746110765401,0.6711487869044139,1607.0,0.4272959183673469,0.37895927601809953,0.40167865707434053,884.0,0.5518877248468077,0.0,0.6252223759636292,NN,best
0.6252223759636292,3,0.397051157839195,0.0016668717704908292,300,2,512,128.0,,0.0006253239743041614,0.5542597351255188,0.6232380952380953,0.6187594553706506,0.6277820414428242,0.6232380952380953,1303.0,0.4363327674023769,0.40632411067193674,0.4207941056078592,1265.0,0.6339285714285714,0.7069072806471687,0.6684318917328627,1607.0,0.4380704041720991,0.38009049773755654,0.40702604482132043,884.0,0.5542597351255188,0.0,0.6252223759636292,NN,best
0.6250247084404033,7,0.4276381939090139,0.0025295076435154296,300,2,512,512.0,,0.0008829257132462114,0.5548527376951967,0.6193798449612403,0.6256851996867658,0.6132003069838834,0.6193798449612403,1303.0,0.4463229078613694,0.41739130434782606,0.43137254901960786,1265.0,0.6275899672846238,0.716241443683883,0.6689915722173787,1607.0,0.4300653594771242,0.3721719457013575,0.39902971497877504,884.0,0.5548527376951967,0.0,0.6250247084404033,NN,best
0.6246293733939514,4,0.3820822112748324,0.0019743601771527804,400,2,512,128.0,,0.00021538044525275485,0.5522830598932595,0.6237740290309925,0.6380417335473515,0.6101304681504222,0.6237740290309925,1303.0,0.4355095541401274,0.4324110671936759,0.43395477984926617,1265.0,0.6365727429557216,0.6888612321095209,0.661685594739988,1607.0,0.421760391198044,0.3902714932126697,0.40540540540540543,884.0,0.5522830598932595,0.0,0.6246293733939514,NN,best
0.6246293733939514,3,0.4482383275936575,0.0013162487912700349,300,2,512,128.0,,0.0007053164937844291,0.5605850958687487,0.6241892407478061,0.6206373292867982,0.6277820414428242,0.6241892407478061,1303.0,0.45329905741216797,0.41818181818181815,0.4350328947368421,1265.0,0.6365650969529086,0.7149968886123211,0.6735052754982415,1607.0,0.44213263979193757,0.38461538461538464,0.411373260738052,884.0,0.5605850958687487,0.0,0.6246293733939514,NN,best
0.6244317058707255,3,0.32845965448227726,0.001147128008381785,300,2,512,128.0,,0.0005487096106900973,0.5528760624629373,0.6194000779119595,0.6289556962025317,0.6101304681504222,0.6194000779119595,1303.0,0.4293606945540647,0.4300395256916996,0.4296998420221169,1265.0,0.6380193511667616,0.6975731176104543,0.6664684898929846,1607.0,0.437094682230869,0.38122171945701355,0.40725075528700905,884.0,0.5528760624629373,0.0,0.6244317058707255,NN,best
0.6244317058707255,10,0.4918259344326998,0.0011055973472573887,300,2,512,512.0,,0.0009957119236661852,0.5546550701719708,0.626066718386346,0.6329411764705882,0.6193399846508059,0.626066718386346,1303.0,0.4276206322795341,0.40632411067193674,0.4167004458856911,1265.0,0.6322155030236394,0.7156191661481021,0.6713368359603036,1607.0,0.43905635648754915,0.37895927601809953,0.4068002428658166,884.0,0.5546550701719708,0.0,0.6244317058707255,NN,best
0.6242340383474995,6,0.40332508039352283,0.0017165278512058625,300,2,512,128.0,,0.000583006731977864,0.5554457402648745,0.6283288305673486,0.6319875776397516,0.624712202609363,0.6283288305673486,1303.0,0.4357021996615905,0.40711462450592883,0.42092357989374746,1265.0,0.625,0.7125077784691972,0.6658912474556558,1607.0,0.4438573315719947,0.38009049773755654,0.40950639853747717,884.0,0.5554457402648745,0.0,0.6242340383474995,NN,best
0.6242340383474995,6,0.30007592771642716,0.0022631529042984604,300,2,512,128.0,,1.3261079699787576e-05,0.5469460367661593,0.6039404905508645,0.6342905405405406,0.5763622409823485,0.6039404905508645,1303.0,0.4283464566929134,0.4300395256916996,0.4291913214990138,1265.0,0.6412918108419838,0.6919726197884256,0.6656689613888057,1607.0,0.4133180252583238,0.4072398190045249,0.41025641025641024,884.0,0.5469460367661593,0.0,0.6242340383474995,NN,best
0.6242340383474995,4,0.4211232673238992,0.001079007656458382,400,2,512,128.0,,0.00022529049301953975,0.5560387428345522,0.6213063763608087,0.6296296296296297,0.6132003069838834,0.6213063763608087,1303.0,0.4375,0.40948616600790516,0.4230298080849326,1265.0,0.6314926189174412,0.7187305538270068,0.6722933643771828,1607.0,0.43886743886743884,0.38574660633484165,0.4105960264900662,884.0,0.5560387428345522,0.0,0.6242340383474995,NN,best
0.6242340383474995,3,0.49945847084906453,0.0013324031884372832,300,2,512,128.0,,0.0006056601430394141,0.5560387428345522,0.6317399617590822,0.6295731707317073,0.6339217191097467,0.6317399617590822,1303.0,0.43958868894601544,0.40553359683794465,0.421875,1265.0,0.6278174821330401,0.7106409458618543,0.6666666666666666,1607.0,0.43626806833114323,0.3755656108597285,0.40364741641337387,884.0,0.5560387428345522,0.0,0.6242340383474995,NN,best
0.6240363708242735,2,0.46216042105590693,0.0010317016250617752,200,2,512,128.0,,0.00038106545990870144,0.5617711010081043,0.6388150398784657,0.6323308270676692,0.6454336147352264,0.6388150398784657,1303.0,0.44285714285714284,0.39209486166007906,0.4159329140461216,1265.0,0.6211640211640211,0.730553827006845,0.6714326565627681,1607.0,0.4603616133518776,0.3744343891402715,0.412975670617592,884.0,0.5617711010081043,0.0,0.6240363708242735,NN,best
0.6236410357778217,2,0.39552526522223347,0.0010353089685478133,200,2,512,128.0,,0.00038369485861500653,0.5617711010081043,0.6312548113933796,0.6332046332046332,0.6293169608595549,0.6312548113933796,1303.0,0.4386750223813787,0.38735177865612647,0.41141897565071367,1265.0,0.6198347107438017,0.7467330429371499,0.6773920406435224,1607.0,0.4669479606188467,0.3755656108597285,0.41630094043887145,884.0,0.5617711010081043,0.0,0.6236410357778217,NN,best
0.6236410357778217,7,0.4620138250108246,0.0013484659811785296,300,2,512,512.0,,0.0004979008939265889,0.5603874283455228,0.6202090592334495,0.62578125,0.614735226400614,0.6202090592334495,1303.0,0.4548611111111111,0.4142292490118577,0.4335953661563922,1265.0,0.6272630457933972,0.7330429371499689,0.6760401721664275,1607.0,0.4432576769025367,0.3755656108597285,0.40661359461114516,884.0,0.5603874283455228,0.0,0.6236410357778217,NN,best
0.6236410357778217,3,0.3168145898310691,0.00118839158995105,300,2,128,512.0,,0.0004302733705322353,0.5572247479739079,0.625585023400936,0.6360031720856463,0.6155026861089793,0.625585023400936,1303.0,0.4441391941391941,0.383399209486166,0.4115400933389902,1265.0,0.6203067160232681,0.7299315494710641,0.6706689536878216,1607.0,0.4404907975460123,0.4061085972850679,0.4226015303119482,884.0,0.5572247479739079,0.0,0.6236410357778217,NN,best
0.6232457007313699,3,0.3863606716101752,0.0013013271733311373,300,2,512,128.0,,0.0005778299761714783,0.5566317454042301,0.624804992199688,0.6352101506740682,0.614735226400614,0.624804992199688,1303.0,0.44227504244482174,0.41185770750988143,0.42652476463364714,1265.0,0.6226415094339622,0.7187305538270068,0.6672443674176777,1607.0,0.44313725490196076,0.3834841628959276,0.4111582777440873,884.0,0.5566317454042301,0.0,0.6232457007313699,NN,best
0.6232457007313699,4,0.4588138686939017,0.00311753027743856,400,2,512,128.0,,0.0002976381083501033,0.5536667325558411,0.6118980169971672,0.6472602739726028,0.580199539524175,0.6118980169971672,1303.0,0.4303697875688434,0.4324110671936759,0.4313880126182965,1265.0,0.6307439824945296,0.7174859987554449,0.6713245997088791,1607.0,0.4356060606060606,0.3902714932126697,0.4116945107398568,884.0,0.5536667325558411,0.0,0.6232457007313699,NN,best
0.623048033208144,4,0.4385428885185891,0.0015381539327851486,400,2,512,128.0,,0.00025494655843646247,0.5514923898003558,0.6287051482059283,0.6391752577319587,0.6185725249424405,0.6287051482059283,1303.0,0.43478260869565216,0.4189723320158103,0.42673107890499196,1265.0,0.6318181818181818,0.6919726197884256,0.6605286605286605,1607.0,0.4175824175824176,0.38687782805429866,0.4016441573693482,884.0,0.5514923898003558,0.0,0.623048033208144,NN,best
0.6228503656849179,3,0.4979957528515444,0.0016250035752213767,300,2,128,512.0,,0.0008958471732871986,0.5637477762403638,0.6343679031037093,0.6258401792382375,0.6431312356101304,0.6343679031037093,1303.0,0.439622641509434,0.3683794466403162,0.40086021505376346,1265.0,0.6197394789579158,0.7697573117610454,0.6866500138773245,1607.0,0.4683734939759036,0.35180995475113125,0.4018087855297158,884.0,0.5637477762403638,0.0,0.6228503656849179,NN,best
0.622652698161692,4,0.42740079554474114,0.0015574120400693627,400,2,512,128.0,,0.0002699804116521619,0.5542597351255188,0.6257668711656442,0.6252873563218391,0.6262471220260937,0.6257668711656442,1303.0,0.4506065857885615,0.41106719367588934,0.4299297230260438,1265.0,0.6291574279379157,0.7062850031113876,0.6654939900322486,1607.0,0.4183417085427136,0.3766968325791855,0.3964285714285714,884.0,0.5542597351255188,0.0,0.622652698161692,NN,best
0.622652698161692,7,0.44943024267574494,0.002760991637597032,400,2,512,128.0,,7.227224519899803e-05,0.5497133820913224,0.6241421073879693,0.6584327086882453,0.5932463545663853,0.6241421073879693,1303.0,0.4376083188908146,0.39920948616600793,0.41752790409260027,1265.0,0.6155899626268019,0.7174859987554449,0.6626436781609195,1607.0,0.40792540792540793,0.39592760180995473,0.4018369690011481,884.0,0.5497133820913224,0.0,0.622652698161692,NN,best
0.6224550306384661,7,0.4807607795500261,0.001267045966291614,300,2,512,512.0,,0.0007877202704374684,0.5572247479739079,0.6235294117647059,0.6375300721732157,0.6101304681504222,0.6235294117647059,1303.0,0.4432565789473684,0.4260869565217391,0.43450221684804513,1265.0,0.6261381896089984,0.7274424393279403,0.6729994242947611,1607.0,0.4334705075445816,0.3574660633484163,0.3918164910105394,884.0,0.5572247479739079,0.0,0.6224550306384661,NN,best
0.6222573631152402,2,0.4061005090884483,0.0014954443855764914,500,1,256,,,0.00017744848139598143,0.5578177505435857,0.6291965296114673,0.6186943620178041,0.6400613967766692,0.6291965296114673,1303.0,0.43777581641659313,0.39209486166007906,0.41367806505421184,1265.0,0.6261381896089984,0.7274424393279403,0.6729994242947611,1607.0,0.4542897327707454,0.36538461538461536,0.4050156739811912,884.0,0.5578177505435857,0.0,0.6222573631152402,NN,best
0.6222573631152402,3,0.354542203488282,0.0019333831805910344,300,2,512,128.0,,0.0008407296180214712,0.5501087171377743,0.6123399301513388,0.619309262166405,0.6055257099002302,0.6123399301513388,1303.0,0.4332220367278798,0.41027667984189725,0.42143727161997563,1265.0,0.6402959590210586,0.7000622277535781,0.66884661117717,1607.0,0.42168674698795183,0.39592760180995473,0.40840140023337224,884.0,0.5501087171377743,0.0,0.6222573631152402,NN,best
0.6220596955920142,3,0.4630757827556069,0.0011592353557023144,300,2,512,128.0,,6.825678201124162e-05,0.5534690650326152,0.6152028357621111,0.6318770226537217,0.5993860322333078,0.6152028357621111,1303.0,0.43787489288774634,0.4039525691699605,0.42023026315789475,1265.0,0.6234600964113551,0.7243310516490354,0.6701208981001727,1607.0,0.43599493029150826,0.3891402714932127,0.41123729826658695,884.0,0.5534690650326152,0.0,0.6220596955920142,NN,best
0.6220596955920142,1,0.45576350546342503,0.0012043044216882854,300,1,256,,,0.0008380430840216097,0.5665151215655267,0.6437125748502994,0.6281957633308984,0.6600153491941673,0.6437125748502994,1303.0,0.45420906567992597,0.38814229249011856,0.4185848252344416,1265.0,0.6107754279959718,0.7548226509023024,0.6752017812413025,1607.0,0.48475120385232745,0.3416289592760181,0.40079628400796286,884.0,0.5665151215655267,0.0,0.6220596955920142,NN,best
0.6216643605455624,2,0.327322868293122,0.004375086706702478,500,1,256,,,6.346625827263069e-05,0.5510970547539039,0.6227636086791016,0.6178247734138973,0.6277820414428242,0.6227636086791016,1303.0,0.42775510204081635,0.4142292490118577,0.42088353413654617,1265.0,0.6346483704974271,0.6907280647168638,0.6615017878426699,1607.0,0.44152431011826543,0.38009049773755654,0.4085106382978723,884.0,0.5510970547539039,0.0,0.6216643605455624,NN,best
0.6216643605455624,2,0.3109689708279782,0.0029476454135383286,500,1,256,,,2.2889692053944825e-05,0.5522830598932595,0.6218167996959331,0.6159638554216867,0.6277820414428242,0.6218167996959331,1303.0,0.43812709030100333,0.4142292490118577,0.42584315318976024,1265.0,0.6363128491620111,0.7087741132545116,0.6705916985575507,1607.0,0.42013422818791946,0.35407239819004527,0.3842848373235114,884.0,0.5522830598932595,0.0,0.6216643605455624,NN,best
0.6216643605455624,3,0.36874572306019526,0.0020111237649971837,300,2,512,128.0,,0.0009530235216387077,0.5481320419055149,0.612626656274357,0.6223277909738717,0.6032233307751343,0.612626656274357,1303.0,0.4180576631259484,0.43557312252964425,0.42663569492837783,1265.0,0.6397694524495677,0.6907280647168638,0.6642728904847397,1607.0,0.4387617765814266,0.36877828054298645,0.4007375537799631,884.0,0.5481320419055149,0.0,0.6216643605455624,NN,best
0.6216643605455624,2,0.4458009838197001,0.0014175840296464363,300,1,512,,,2.2860925725372024e-05,0.559992093299071,0.631578947368421,0.6233183856502242,0.6400613967766692,0.631578947368421,1303.0,0.44836716681376876,0.4015810276679842,0.42368640533778146,1265.0,0.620671283963772,0.7249533291848165,0.6687715269804823,1607.0,0.45850914205344584,0.36877828054298645,0.4087774294670846,884.0,0.559992093299071,0.0,0.6216643605455624,NN,best
0.6216643605455624,3,0.4668177689996193,0.0022062215025406735,200,3,512,128.0,256.0,0.00016765677303134902,0.5362719905119588,0.6040100250626567,0.6626947754353804,0.5548733691481197,0.6040100250626567,1303.0,0.4200949367088608,0.4197628458498024,0.4199288256227758,1265.0,0.6458080194410692,0.6614810205351587,0.6535505687058101,1607.0,0.3742911153119093,0.4479638009049774,0.407826982492276,884.0,0.5362719905119588,0.0,0.6216643605455624,NN,best
0.6214666930223365,3,0.3409605923307858,0.0021723662889470176,300,2,512,128.0,,3.153253034590219e-05,0.5489227119984187,0.6021420071400237,0.6231527093596059,0.5825019186492709,0.6021420071400237,1303.0,0.43729096989966554,0.4134387351778656,0.42503047541649736,1265.0,0.6331096196868009,0.7044181705040448,0.6668630338733431,1607.0,0.4235705950991832,0.4106334841628959,0.4170017231476163,884.0,0.5489227119984187,0.0,0.6214666930223365,NN,best
0.6214666930223365,8,0.45561246126503574,0.0016055162717302153,400,3,512,128.0,128.0,0.0002839646027998045,0.5416090136390591,0.6011513157894737,0.6474756421612046,0.5610130468150422,0.6011513157894737,1303.0,0.4232238349885409,0.4379446640316206,0.43045843045843046,1265.0,0.6358313817330211,0.6757934038581207,0.6552036199095023,1607.0,0.40416210295728366,0.417420814479638,0.41068447412353926,884.0,0.5416090136390591,0.0,0.6214666930223365,NN,best
0.6206760229294327,7,0.3195072802962667,0.0011141319930073226,300,2,512,512.0,,0.0008533555382399419,0.5548527376951967,0.6248548199767712,0.63046875,0.6193399846508059,0.6248548199767712,1303.0,0.4509283819628647,0.4031620553359684,0.4257095158597663,1265.0,0.6232356134636265,0.7143746110765401,0.665700202957379,1607.0,0.42431761786600497,0.38687782805429866,0.40473372781065087,884.0,0.5548527376951967,0.0,0.6206760229294327,NN,best
0.6204783554062068,4,0.49873353468746456,0.0010609783358462696,400,2,512,128.0,,0.0002454710113286511,0.5522830598932595,0.6250481695568401,0.6277089783281734,0.6224098234842671,0.6250481695568401,1303.0,0.4305317324185249,0.3968379446640316,0.4129987659399424,1265.0,0.6231567449481158,0.7100186683260734,0.6637579988365329,1607.0,0.44155844155844154,0.38461538461538464,0.4111245465538089,884.0,0.5522830598932595,0.0,0.6204783554062068,NN,best
0.6200830203597549,1,0.48042770646983923,0.001532377526533806,300,2,128,128.0,,0.000724522819232712,0.5621664360545562,0.6385046728971963,0.6224489795918368,0.6554105909439755,0.6385046728971963,1303.0,0.4591520165460186,0.35098814229249015,0.3978494623655914,1265.0,0.6101190476190477,0.7654013690105788,0.6789953077560034,1607.0,0.44886363636363635,0.3574660633484163,0.3979848866498741,884.0,0.5621664360545562,0.0,0.6200830203597549,NN,best
0.6200830203597549,1,0.3682575929145378,0.0031428661603914586,500,1,128,,,1.0291218819770606e-05,0.5558410753113263,0.6310975609756098,0.6267978803936411,0.6354566385264774,0.6310975609756098,1303.0,0.4329535495179667,0.3905138339920949,0.4106400665004156,1265.0,0.6269626421223606,0.7205973864343497,0.6705269253039954,1607.0,0.44266666666666665,0.3755656108597285,0.40636474908200737,884.0,0.5558410753113263,0.0,0.6200830203597549,NN,best
0.619687685313303,2,0.4773822447083046,0.0022105192437304627,200,2,512,128.0,,0.0005205721411716396,0.553864400079067,0.6257621951219512,0.6214988644965935,0.6300844205679201,0.6257621951219512,1303.0,0.44025157232704404,0.38735177865612647,0.4121110176619008,1265.0,0.6240520043336945,0.716863721219664,0.6672458731537794,1607.0,0.43517329910141206,0.3834841628959276,0.4076969332531569,884.0,0.553864400079067,0.0,0.619687685313303,NN,best
0.619687685313303,3,0.41635899935030535,0.0023991729172006954,300,2,512,128.0,,0.00020495934310776288,0.5493180470448705,0.6123417721518988,0.6318367346938776,0.5940138142747505,0.6123417721518988,1303.0,0.4339152119700748,0.4126482213438735,0.42301458670988656,1265.0,0.6247228381374723,0.70130678282514,0.6608032834945764,1607.0,0.43047158403869407,0.40271493212669685,0.41613091759205145,884.0,0.5493180470448705,0.0,0.619687685313303,NN,best
0.6194900177900771,4,0.4554189814683029,0.0232633634370948,200,2,512,512.0,,0.000740954659128543,0.5465507017197074,0.6309352517985611,0.5937711577522004,0.6730621642363775,0.6309352517985611,1303.0,0.43268416596104997,0.4039525691699605,0.4178250204415372,1265.0,0.6584734799482536,0.6334785314250155,0.6457342213764669,1607.0,0.4198830409356725,0.4061085972850679,0.41288096607245545,884.0,0.5465507017197074,0.0,0.6194900177900771,NN,best
0.6194900177900771,2,0.33168923803690586,0.004543306031534621,500,1,256,,,5.9535246065920025e-05,0.5510970547539039,0.6266820453671664,0.6278890600924499,0.6254796623177283,0.6266820453671664,1303.0,0.43106312292358806,0.41027667984189725,0.4204131227217497,1265.0,0.6261891438164522,0.6963285625388923,0.6593989393046553,1607.0,0.43506493506493504,0.37895927601809953,0.40507859733978235,884.0,0.5510970547539039,0.0,0.6194900177900771,NN,best
0.6190946827436252,7,0.35799160109638706,0.0020736325632139604,300,2,512,512.0,,0.00042774934043907667,0.5503063846610002,0.6192893401015228,0.6303656597774245,0.6085955487336915,0.6192893401015228,1303.0,0.43492586490939045,0.41739130434782606,0.42597821702299316,1265.0,0.6241095890410959,0.7087741132545116,0.6637529137529138,1607.0,0.4251968503937008,0.3665158371040724,0.393681652490887,884.0,0.5503063846610002,0.0,0.6190946827436252,NN,best
0.6186993476971734,2,0.49761030055809985,0.0037496143720453703,200,2,512,128.0,,3.950794122212954e-05,0.5459576991500297,0.6112,0.6382623224728488,0.5863392171910975,0.6112,1303.0,0.4222222222222222,0.40553359683794465,0.4137096774193548,1265.0,0.6264336428181322,0.7137523335407592,0.6672484002326934,1607.0,0.41421568627450983,0.38235294117647056,0.3976470588235294,884.0,0.5459576991500297,0.0,0.6186993476971734,NN,best
0.6185016801739475,10,0.4523310000576605,0.00804460345653679,300,2,512,512.0,,0.0006872996668961178,0.5445740264874481,0.6206896551724138,0.6130239520958084,0.6285495011511896,0.6206896551724138,1303.0,0.4248927038626609,0.391304347826087,0.4074074074074074,1265.0,0.6311659192825112,0.7006845052893591,0.6641108817457977,1607.0,0.4069767441860465,0.3563348416289593,0.37997587454764775,884.0,0.5445740264874481,0.0,0.6185016801739475,NN,best
0.6181063451274955,9,0.3877607007939786,0.0032461165823195735,500,3,512,256.0,256.0,0.00014156775444532012,0.5301442972919549,0.5767599660729432,0.6445497630331753,0.5218726016884113,0.5767599660729432,1303.0,0.42857142857142855,0.4197628458498024,0.4241214057507987,1265.0,0.6504914004914005,0.6589919103920349,0.6547140649149923,1607.0,0.3623570800351803,0.4660633484162896,0.40771895101434935,884.0,0.5301442972919549,0.0,0.6181063451274955,NN,best
0.6179086776042696,3,0.2613463448950023,0.0021629398076217178,400,2,256,256.0,,1.9310338571630387e-05,0.5441786914409963,0.6124213836477987,0.6277195809830781,0.5978511128165771,0.6124213836477987,1303.0,0.43382997370727433,0.391304347826087,0.4114713216957606,1265.0,0.6207849640685461,0.6988176726820162,0.6574941451990632,1607.0,0.41013824884792627,0.40271493212669685,0.4063926940639269,884.0,0.5441786914409963,0.0,0.6179086776042696,NN,best
0.6179086776042696,1,0.24194603300430095,0.0020224482967897447,400,1,256,,,4.043970154079692e-05,0.5475390393358371,0.6178612495208893,0.6171516079632465,0.6185725249424405,0.6178612495208893,1303.0,0.4234006734006734,0.3976284584980237,0.4101100693028944,1265.0,0.6292197011621472,0.7075295581829496,0.6660808435852372,1607.0,0.42744063324538256,0.3665158371040724,0.3946406820950061,884.0,0.5475390393358371,0.0,0.6179086776042696,NN,best
0.6173156750345918,4,0.467350080670607,0.0011358831816783055,300,2,128,128.0,,0.000988320012043026,0.5574224154971338,0.6337760910815939,0.6268768768768769,0.6408288564850345,0.6337760910815939,1303.0,0.4393792434529583,0.35810276679841896,0.3945993031358885,1265.0,0.6060606060606061,0.7716241443683883,0.6788940596769778,1607.0,0.4492307692307692,0.33031674208144796,0.38070404172099087,884.0,0.5574224154971338,0.0,0.6173156750345918,NN,best
0.616525004941688,3,0.436434379630399,0.0017870716952961957,300,2,512,128.0,,0.000474630535067152,0.5477367068590631,0.6239022527682322,0.6208206686930091,0.6270145817344589,0.6239022527682322,1303.0,0.42354865085854454,0.40948616600790516,0.41639871382636656,1265.0,0.6283135927805978,0.6932171748599876,0.659171597633136,1607.0,0.43105756358768405,0.36425339366515835,0.3948497854077253,884.0,0.5477367068590631,0.0,0.616525004941688,NN,best
0.6161296698952362,1,0.4737376245251577,0.0018905135298472886,300,2,128,128.0,,0.0003525083873250175,0.5574224154971338,0.6329211746522411,0.6373540856031128,0.6285495011511896,0.6329211746522411,1303.0,0.43333333333333335,0.36996047430830037,0.3991471215351812,1265.0,0.6016740521910389,0.760423148724331,0.6717976910390324,1607.0,0.46907993966817496,0.35180995475113125,0.40206851971557855,884.0,0.5574224154971338,0.0,0.6161296698952362,NN,best
0.6155366673255585,2,0.16858554989733407,0.004081585917788611,500,1,256,,,7.8360298823122e-05,0.5461553666732556,0.6090729783037475,0.6266233766233766,0.59247889485802,0.6090729783037475,1303.0,0.43690851735015773,0.4379446640316206,0.4374259771022503,1265.0,0.6310623556581986,0.6801493466085874,0.6546870320455226,1607.0,0.4159613059250302,0.3891402714932127,0.402104032729398,884.0,0.5461553666732556,0.0,0.6155366673255585,NN,best
0.6147459972326547,3,0.42882759278588267,0.0014787319302836408,300,2,512,128.0,,0.0004034209065902607,0.5516900573235818,0.6162745854222907,0.6193798449612403,0.6132003069838834,0.6162745854222907,1303.0,0.448068669527897,0.4126482213438735,0.42962962962962964,1265.0,0.6205381658429434,0.7031736154324829,0.6592765460910152,1607.0,0.4342273307790549,0.38461538461538464,0.40791841631673664,884.0,0.5516900573235818,0.0,0.6147459972326547,NN,best
0.613757659616525,3,0.3694631652736749,0.01360428341073404,300,2,512,128.0,,9.418493669914772e-05,0.5394346708835738,0.6064464783127735,0.6297520661157024,0.5848042977743668,0.6064464783127735,1303.0,0.4288150042625746,0.3976284584980237,0.41263330598851516,1265.0,0.6139308855291576,0.7075295581829496,0.6574154379878577,1607.0,0.39684466019417475,0.36990950226244346,0.382903981264637,884.0,0.5394346708835738,0.0,0.613757659616525,NN,best
0.613559992093299,15,0.3402381297342773,0.00242183865218216,500,2,512,512.0,,2.9705665126457032e-05,0.541806681162285,0.6168371361132966,0.632768361581921,0.6016884113584037,0.6168371361132966,1303.0,0.42857142857142855,0.3841897233201581,0.40516882034180907,1265.0,0.6144643828167482,0.7031736154324829,0.6558328496807894,1607.0,0.4025974025974026,0.38574660633484165,0.39399191218948587,884.0,0.541806681162285,0.0,0.613559992093299,NN,best
0.613559992093299,1,0.49090479319587665,0.0025621876623631323,300,2,128,128.0,,0.0009304415563266167,0.5546550701719708,0.6268088347296268,0.6220710506424793,0.6316193399846508,0.6268088347296268,1303.0,0.43336355394378967,0.3778656126482213,0.40371621621621623,1265.0,0.6118863049095608,0.7367766023646546,0.668548842461886,1607.0,0.45988538681948427,0.36312217194570134,0.40581542351453853,884.0,0.5546550701719708,0.0,0.613559992093299,NN,best
0.6133623245700731,5,0.08819604995745778,0.0012923638590275454,500,2,128,512.0,,0.0008063464863755976,0.5427950187784147,0.607956740054075,0.6119751166407466,0.6039907904834996,0.607956740054075,1303.0,0.44481887110362256,0.41739130434782606,0.43066884176182707,1265.0,0.6247896803140774,0.6932171748599876,0.6572271386430678,1607.0,0.39476961394769616,0.3585972850678733,0.3758150563129816,884.0,0.5427950187784147,0.0,0.6133623245700731,NN,best
0.6133623245700731,1,0.36823508334585076,0.0034088264098194937,500,1,128,,,1.0123411603234399e-05,0.5469460367661593,0.6227134146341463,0.6184708554125662,0.6270145817344589,0.6227134146341463,1303.0,0.42555066079295156,0.38181818181818183,0.4025,1265.0,0.6166577682861719,0.7187305538270068,0.6637931034482759,1607.0,0.4273972602739726,0.35294117647058826,0.38661710037174724,884.0,0.5469460367661593,0.0,0.6133623245700731,NN,best
0.6129669895236213,3,0.43800706506299575,0.005332502600817577,300,2,512,128.0,,0.0005081140642246014,0.5408183435461553,0.6024748646558391,0.6071706936866719,0.5978511128165771,0.6024748646558391,1303.0,0.42231075697211157,0.4189723320158103,0.42063492063492064,1265.0,0.6391329818394845,0.6789047915370255,0.6584188292094146,1607.0,0.41277641277641275,0.38009049773755654,0.3957597173144876,884.0,0.5408183435461553,0.0,0.6129669895236213,NN,best
0.6127693220003954,2,0.47906350111297585,0.0012394538278993111,200,2,128,512.0,,8.628135970530479e-05,0.5582130855900376,0.6310200985968905,0.623688155922039,0.6385264773599386,0.6310200985968905,1303.0,0.46617336152219874,0.3486166007905138,0.3989145183175034,1265.0,0.5991146089522873,0.7579340385812072,0.6692307692307692,1607.0,0.44638069705093836,0.3766968325791855,0.4085889570552147,884.0,0.5582130855900376,0.0,0.6127693220003954,NN,best
0.6123739869539435,2,0.2704609877007002,0.007572878173177686,400,1,256,,,1.5358688986119575e-05,0.5423996837319628,0.6033089649865333,0.6049382716049383,0.6016884113584037,0.6033089649865333,1303.0,0.42549668874172186,0.40632411067193674,0.41568944601698343,1265.0,0.6331018518518519,0.6807716241443684,0.656071964017991,1607.0,0.42563482466747277,0.39819004524886875,0.4114552893045003,884.0,0.5423996837319628,0.0,0.6123739869539435,NN,best
0.6123739869539435,1,0.39677064508999793,0.001728943292234086,300,2,128,128.0,,0.0006825352007303156,0.5526783949397114,0.6298258894776685,0.6213592233009708,0.6385264773599386,0.6298258894776685,1303.0,0.44034917555771097,0.35889328063241105,0.39547038327526135,1265.0,0.6092783505154639,0.7355320472930927,0.6664787144065407,1607.0,0.4379172229639519,0.37104072398190047,0.40171463563992654,884.0,0.5526783949397114,0.0,0.6123739869539435,NN,best
0.6121763194307175,3,0.2756414779696533,0.0015569619004783112,300,2,512,128.0,,0.0006235892554382209,0.5453646965803518,0.6117372716673144,0.6196850393700788,0.6039907904834996,0.6117372716673144,1303.0,0.43352601156069365,0.4150197628458498,0.42407108239095315,1265.0,0.6233333333333333,0.6981953951462352,0.6586439683005577,1607.0,0.41773778920308485,0.36764705882352944,0.3910950661853189,884.0,0.5453646965803518,0.0,0.6121763194307175,NN,best
0.6121763194307175,8,0.16160669552765214,0.0013197639626895015,300,3,512,512.0,128.0,0.0003225880478194429,0.5309349673848587,0.584913611462284,0.6485981308411215,0.5326170376055257,0.584913611462284,1303.0,0.4171164225134927,0.4276679841897233,0.42232630757220924,1265.0,0.6290887850467289,0.670192906036092,0.6489906598373004,1607.0,0.3816326530612245,0.4230769230769231,0.4012875536480687,884.0,0.5309349673848587,0.0,0.6121763194307175,NN,best
0.6117809843842656,1,0.3129844687412134,0.0031520774144031833,500,1,128,,,1.1396765680139865e-05,0.5481320419055149,0.6155009451795841,0.6065573770491803,0.624712202609363,0.6155009451795841,1303.0,0.43033509700176364,0.3857707509881423,0.40683618174239267,1265.0,0.6180555555555556,0.7199751088985687,0.6651336590974418,1607.0,0.44163150492264414,0.3552036199095023,0.39373040752351096,884.0,0.5481320419055149,0.0,0.6117809843842656,NN,best
0.6117809843842656,5,0.3492930542493229,0.002572276389716698,300,3,512,128.0,512.0,0.0005039076061446103,0.5317256374777624,0.582340862422998,0.6263250883392226,0.5441289332310054,0.582340862422998,1303.0,0.40886347390993566,0.45217391304347826,0.4294294294294294,1265.0,0.6372963186481593,0.657125077784692,0.6470588235294118,1607.0,0.4052812858783008,0.3993212669683258,0.4022792022792023,884.0,0.5317256374777624,0.0,0.6117809843842656,NN,best
0.6115833168610397,2,0.42643862730377885,0.009770822812412353,500,1,256,,,1.668788910206566e-05,0.5465507017197074,0.6084977238239757,0.6016504126031508,0.6155026861089793,0.6084977238239757,1303.0,0.4306382978723404,0.4,0.41475409836065574,1265.0,0.6248624862486248,0.7069072806471687,0.6633576642335767,1607.0,0.4379263301500682,0.36312217194570134,0.3970315398886827,884.0,0.5465507017197074,0.0,0.6115833168610397,NN,best
0.6113856493378138,3,0.378050458193369,0.0035803622248254978,200,3,512,128.0,256.0,0.00014605154331997401,0.5265862818738881,0.5801011804384486,0.6435921421889617,0.5280122793553338,0.5801011804384486,1303.0,0.4060876020786934,0.4324110671936759,0.41883614088820825,1265.0,0.6463184392699811,0.6390790292470442,0.6426783479349186,1607.0,0.38140417457305503,0.45475113122171945,0.4148606811145511,884.0,0.5265862818738881,0.0,0.6113856493378138,NN,best
0.6113856493378138,3,0.4603190706430884,0.027543655798929777,300,2,128,512.0,,0.00081742786895375,0.5453646965803518,0.6250464511334076,0.6059077809798271,0.6454336147352264,0.6250464511334076,1303.0,0.42611060743427015,0.3715415019762846,0.3969594594594595,1265.0,0.6261891438164522,0.6963285625388923,0.6593989393046553,1607.0,0.4212548015364917,0.3721719457013575,0.3951951951951952,884.0,0.5453646965803518,0.0,0.6113856493378138,NN,best
0.6111879818145879,1,0.20713960110418572,0.0055060171279619746,400,1,128,,,0.0006247869568369261,0.5431903538248666,0.618111753371869,0.6207430340557275,0.6155026861089793,0.618111753371869,1303.0,0.4166666666666667,0.391304347826087,0.40358744394618834,1265.0,0.6176789587852495,0.7087741132545116,0.6600985221674877,1607.0,0.42448979591836733,0.35294117647058826,0.38542310067943175,884.0,0.5431903538248666,0.0,0.6111879818145879,NN,best
0.6111879818145879,2,0.41669580128887385,0.09440494692042482,500,1,256,,,5.6730231066217904e-05,0.5422020162087369,0.6189393939393939,0.6110695587135377,0.6270145817344589,0.6189393939393939,1303.0,0.4308736217133164,0.4015810276679842,0.4157119476268412,1265.0,0.622334455667789,0.6901057871810827,0.6544703452345825,1607.0,0.4060446780551905,0.3495475113122172,0.3756838905775076,884.0,0.5422020162087369,0.0,0.6111879818145879,NN,best
0.61059497924491,4,0.3076840916131894,0.006053015458236541,400,2,256,256.0,,1.9686718992972162e-05,0.5362719905119588,0.5932203389830508,0.625531914893617,0.5640828856485035,0.5932203389830508,1303.0,0.42894736842105263,0.3865612648221344,0.4066528066528067,1265.0,0.6189683860232945,0.6944617299315494,0.6545454545454545,1607.0,0.39638682252922425,0.42194570135746606,0.40876712328767123,884.0,0.5362719905119588,0.0,0.61059497924491,NN,best
0.61059497924491,2,0.4753886238598419,0.001131716060953134,200,2,128,512.0,,0.0008251951804191042,0.5588060881597153,0.6467513069454817,0.6298181818181818,0.6646201074443592,0.6467513069454817,1303.0,0.45375408052230687,0.32964426877470354,0.38186813186813184,1265.0,0.5878989995235827,0.7678904791537026,0.6659471127900701,1607.0,0.46546546546546547,0.3506787330316742,0.4,884.0,0.5588060881597153,0.0,0.61059497924491,NN,best
0.61059497924491,1,0.35422998474663536,0.002826306341199681,300,2,128,128.0,,0.0004591204398761361,0.5477367068590631,0.6185885075202469,0.6217054263565891,0.6155026861089793,0.6185885075202469,1303.0,0.43674976915974145,0.3739130434782609,0.4028960817717206,1265.0,0.603030303030303,0.7429993777224643,0.6657373850013939,1607.0,0.42776203966005666,0.3416289592760181,0.379874213836478,884.0,0.5477367068590631,0.0,0.61059497924491,NN,best
0.6092113065823285,4,0.2943602823294023,0.02541190568104373,300,2,512,256.0,,0.0007268462683768791,0.5331093101403439,0.5985294117647059,0.5744530698659139,0.624712202609363,0.5985294117647059,1303.0,0.42857142857142855,0.4126482213438735,0.4204591220298027,1265.0,0.6614684860298895,0.6334785314250155,0.6471710108073745,1607.0,0.38757062146892657,0.38800904977375567,0.38778971170152626,884.0,0.5331093101403439,0.0,0.6092113065823285,NN,best
0.6072346313500692,1,0.03109782970140973,0.03675747997860704,200,1,512,,,4.444051637654941e-05,0.529748962245503,0.5939907550077042,0.5962877030162413,0.5917114351496546,0.5939907550077042,1303.0,0.4175824175824176,0.4205533596837945,0.41906262307995273,1265.0,0.6305925030229746,0.6490354698195395,0.6396810794234897,1607.0,0.39856801909307876,0.3778280542986425,0.3879210220673635,884.0,0.529748962245503,0.0,0.6072346313500692,NN,best
0.6052579561178099,5,0.28445715191838844,0.013841884825790064,500,1,256,,,3.360664850290147e-05,0.5350859853726033,0.6038461538461538,0.605242868157286,0.602455871066769,0.6038461538461538,1303.0,0.4282178217821782,0.41027667984189725,0.41905530884134035,1265.0,0.6172055427251733,0.6652146857498444,0.6403114705001497,1607.0,0.4083129584352078,0.3778280542986425,0.39247943595769685,884.0,0.5350859853726033,0.0,0.6052579561178099,NN,best
0.604862621071358,1,0.3798286046489615,0.015090661978820322,400,1,128,,,2.572374570514944e-05,0.5410160110693814,0.6108374384236454,0.6032934131736527,0.6185725249424405,0.6108374384236454,1303.0,0.4319419237749546,0.37628458498023715,0.4021968736797634,1265.0,0.6163487738419619,0.7037958929682638,0.6571760604299826,1607.0,0.4122137404580153,0.3665158371040724,0.38802395209580837,884.0,0.5410160110693814,0.0,0.604862621071358,NN,best
0.604664953548132,1,0.4133903582267735,0.0010055461632514822,300,1,128,,,0.0001519859203711775,0.5507017197074521,0.6373546511627907,0.6052449965493444,0.6730621642363775,0.6373546511627907,1303.0,0.43653250773993807,0.33438735177865614,0.37869292748433303,1265.0,0.5947550717466601,0.7479775980087119,0.6626240352811467,1607.0,0.45806451612903226,0.3212669683257919,0.3776595744680851,884.0,0.5507017197074521,0.0,0.604664953548132,NN,best
0.6038742834552283,6,0.10124859896442073,0.0012423736465220314,300,3,256,256.0,512.0,0.00012307410043139774,0.5236212690254991,0.5819935691318328,0.6109704641350211,0.555640828856485,0.5819935691318328,1303.0,0.4107424960505529,0.41106719367588934,0.4109047807190834,1265.0,0.6223126089482859,0.6664592408214064,0.6436298076923077,1607.0,0.3765501691093574,0.3778280542986425,0.3771880293619424,884.0,0.5236212690254991,0.0,0.6038742834552283,NN,best
0.6032812808855506,3,0.2262420730543836,0.07143215339873601,200,2,512,256.0,,0.00011959541280640394,0.5165052381893654,0.5821972734562951,0.6095717884130982,0.5571757482732157,0.5821972734562951,1303.0,0.40214285714285714,0.4450592885375494,0.4225140712945591,1265.0,0.6465968586387435,0.6148102053515868,0.6303030303030303,1607.0,0.3574468085106383,0.38009049773755654,0.3684210526315789,884.0,0.5165052381893654,0.0,0.6032812808855506,NN,best
0.6028859458390986,5,0.19398149072184723,0.007575299875755435,400,2,256,128.0,,0.00043981268657213924,0.529748962245503,0.5965583173996176,0.5945121951219512,0.5986185725249424,0.5965583173996176,1303.0,0.4256,0.4205533596837945,0.42306163021868787,1265.0,0.6217339667458432,0.6515245799626633,0.6362807657247037,1607.0,0.3948339483394834,0.36312217194570134,0.3783146729522687,884.0,0.529748962245503,0.0,0.6028859458390986,NN,best
0.6009092706068393,6,0.21278603542448155,0.04352714243201892,300,3,128,128.0,128.0,0.00042163530640520813,0.5232259339790473,0.5880923450789793,0.6226415094339622,0.5571757482732157,0.5880923450789793,1303.0,0.431757359500446,0.3826086956521739,0.4056999161777033,1265.0,0.6102088167053364,0.6546359676415682,0.6316421495046532,1607.0,0.36736641221374045,0.43552036199095023,0.39855072463768115,884.0,0.5232259339790473,0.0,0.6009092706068393,NN,best
0.6003162680371615,6,0.06428786079964516,0.0012127358355032846,400,2,512,256.0,,5.022499085248592e-05,0.5246096066416288,0.5785770132916341,0.5896414342629482,0.56792018419033,0.5785770132916341,1303.0,0.41280864197530864,0.42292490118577075,0.41780554470909803,1265.0,0.6327272727272727,0.6496577473553204,0.6410807491556647,1607.0,0.39044289044289043,0.37895927601809953,0.38461538461538464,884.0,0.5246096066416288,0.0,0.6003162680371615,NN,best
0.5967582526190947,8,0.48605663265399035,0.03656454876711408,300,3,512,512.0,256.0,0.00010780417892396324,0.5467483692429334,0.6118684843624699,0.6406381192275399,0.5855717574827322,0.6118684843624699,1303.0,0.4625766871165644,0.29802371541501976,0.3625,1265.0,0.5531028738025823,0.8263845675171126,0.6626746506986028,1607.0,0.4570552147239264,0.33710407239819007,0.3880208333333333,884.0,0.5467483692429334,0.0,0.5967582526190947,NN,best
0.5906305593990907,4,0.0010761368582061226,0.0018350234837825495,200,3,512,256.0,512.0,0.00018198676749657655,0.5040521842261316,0.6082474226804123,0.5845718329794763,0.6339217191097467,0.6082474226804123,1303.0,0.385395537525355,0.4505928853754941,0.41545189504373176,1265.0,0.6600633914421553,0.5183571873055383,0.5806901359358662,1607.0,0.3546961325966851,0.36312217194570134,0.3588596981553941,884.0,0.5040521842261316,0.0,0.5906305593990907,NN,best
0.5884562166436055,1,0.018190304107392474,0.03180745874201696,300,2,128,128.0,,0.00012332078768564553,0.5066218620280688,0.5668916236601826,0.587171052631579,0.5479662317728319,0.5668916236601826,1303.0,0.3998493975903614,0.4197628458498024,0.4095642113382183,1265.0,0.6141439205955335,0.6160547604231488,0.6150978564771669,1607.0,0.36323366555924697,0.37104072398190047,0.36709569110240625,884.0,0.5066218620280688,0.0,0.5884562166436055,NN,best
