value,duration,params_C,params_class_weight,params_coef0,params_degree,params_gamma,params_kernel,user_attrs_ACC,user_attrs_WF1,Work_precision,Work_recall,Work_f1-score,Work_support,Others_precision,Others_recall,Others_f1-score,Others_support,Home_precision,Home_recall,Home_f1-score,Home_support,Shop_precision,Shop_recall,Shop_f1-score,Shop_support,accuracy,zeroPreds,adj_accuracy,model,option
0.5767938327732753,7,7.238656074967391,balanced,,,0.06394647010944576,rbf,0.49100612769322,0.6196435343193022,0.6124437781109445,0.6270145817344589,0.6196435343193022,1303.0,0.37681159420289856,0.28774703557312253,0.32631107126848946,1265.0,0.582256169212691,0.6166770379589297,0.5989724992444847,1607.0,0.29517502365184484,0.35294117647058826,0.321483771251932,884.0,0.49100612769322,0.0,0.5767938327732753,SV,worst
0.5763984977268235,10,6.82490221813948,balanced,,,0.06236341383792513,rbf,0.49179679778612373,0.6218167996959331,0.6159638554216867,0.6277820414428242,0.6218167996959331,1303.0,0.3786610878661088,0.28616600790513835,0.3259792886087348,1265.0,0.578088578088578,0.6172993154947106,0.5970508576587421,1607.0,0.2983947119924457,0.3574660633484163,0.32527020072053525,884.0,0.49179679778612373,0.0,0.5763984977268235,SV,worst
0.5762008302035976,6,6.858708049560808,balanced,,,0.0527845054246554,rbf,0.4915991302628978,0.6296999620205089,0.6233082706766917,0.6362240982348427,0.6296999620205089,1303.0,0.3767491926803014,0.2766798418972332,0.31905195989061075,1265.0,0.5751445086705202,0.6191661481020535,0.5963440215762661,1607.0,0.2925233644859813,0.35407239819004527,0.3203684749232344,884.0,0.4915991302628978,0.0,0.5762008302035976,SV,worst
0.5760031626803717,7,6.553244282748454,balanced,,,0.0621450696140697,rbf,0.49199446530934965,0.6225769669327252,0.6167168674698795,0.6285495011511896,0.6225769669327252,1303.0,0.3797071129707113,0.28695652173913044,0.32687978388113464,1265.0,0.5775711795467752,0.6185438705662726,0.5973557692307693,1607.0,0.2969639468690702,0.35407239819004527,0.32301341589267285,884.0,0.49199446530934965,0.0,0.5760031626803717,SV,worst
0.5760031626803717,7,8.414493826205328,balanced,,,0.058100788237838555,rbf,0.4908084601699941,0.6195362979855569,0.6137048192771084,0.6254796623177283,0.6195362979855569,1303.0,0.37801047120418846,0.28537549407114626,0.32522522522522523,1265.0,0.5802107728337237,0.6166770379589297,0.5978883861236802,1607.0,0.2958801498127341,0.3574660633484163,0.3237704918032787,884.0,0.4908084601699941,0.0,0.5760031626803717,SV,worst
0.5758054951571456,7,7.43092488202251,balanced,,,0.05807246842676848,rbf,0.49179679778612373,0.6233371341695173,0.6174698795180723,0.6293169608595549,0.6233371341695173,1303.0,0.37735849056603776,0.2845849802371542,0.32447048219918884,1265.0,0.5773255813953488,0.6179215930304915,0.5969341749323716,1607.0,0.2980132450331126,0.3563348416289593,0.32457496136012365,884.0,0.49179679778612373,0.0,0.5758054951571456,SV,worst
0.5758054951571456,6,6.665653825960258,balanced,,,0.05422827082316882,rbf,0.4914014627396719,0.6291365538227462,0.6236802413273002,0.634689178818112,0.6291365538227462,1303.0,0.37687366167023556,0.2782608695652174,0.32014552069122326,1265.0,0.5741488747836122,0.6191661481020535,0.5958083832335329,1607.0,0.2926829268292683,0.35294117647058826,0.32,884.0,0.4914014627396719,0.0,0.5758054951571456,SV,worst
0.5756078276339197,7,7.097033046061003,balanced,,,0.05807059760545981,rbf,0.49199446530934965,0.6239089184060721,0.6171171171171171,0.6308518802762855,0.6239089184060721,1303.0,0.3790918690601901,0.2837944664031621,0.32459312839059673,1265.0,0.5770796974985457,0.6172993154947106,0.5965123271196633,1607.0,0.29783223374175305,0.3574660633484163,0.3249357326478149,884.0,0.49199446530934965,0.0,0.5756078276339197,SV,worst
0.5756078276339197,6,6.50912138328817,balanced,,,0.05579528568697534,rbf,0.4914014627396719,0.6287015945330297,0.6220886551465064,0.6354566385264774,0.6287015945330297,1303.0,0.37794432548179874,0.2790513833992095,0.3210550250113688,1265.0,0.5741488747836122,0.6191661481020535,0.5958083832335329,1607.0,0.292177191328935,0.3506787330316742,0.31876606683804626,884.0,0.4914014627396719,0.0,0.5756078276339197,SV,worst
0.5752124925874679,10,8.046996180495213,balanced,,,0.05292492884088993,rbf,0.4915991302628978,0.6259946949602122,0.6182634730538922,0.6339217191097467,0.6259946949602122,1303.0,0.37901498929336186,0.2798418972332016,0.3219645293315143,1265.0,0.5763203714451538,0.6179215930304915,0.5963963963963964,1607.0,0.2945590994371482,0.3552036199095023,0.32205128205128203,884.0,0.4915991302628978,0.0,0.5752124925874679,SV,worst
0.575014825064242,7,1.1098006446744357,balanced,,,0.12805383319200192,rbf,0.49713382091322394,0.6322052807735218,0.6132756132756133,0.6523407521105142,0.6322052807735218,1303.0,0.38748627881448955,0.2790513833992095,0.3244485294117647,1265.0,0.573947667804323,0.6278780336029869,0.599702823179792,1607.0,0.301792828685259,0.3427601809954751,0.3209745762711864,884.0,0.49713382091322394,0.0,0.575014825064242,SV,worst
0.575014825064242,11,8.002382539550688,balanced,,,0.0649369716900076,rbf,0.4886341174145088,0.6152099886492622,0.6067164179104477,0.6239447429009977,0.6152099886492622,1303.0,0.37948717948717947,0.2924901185770751,0.33035714285714285,1265.0,0.5822485207100592,0.612321095208463,0.5969062784349408,1607.0,0.2893738140417457,0.34502262443438914,0.31475748194014447,884.0,0.4886341174145088,0.0,0.575014825064242,SV,worst
0.574817157541016,4,1.3630722657977594,balanced,,,0.12792903349789309,rbf,0.496936153389998,0.6297681376215407,0.6141502552881108,0.6462010744435918,0.6297681376215407,1303.0,0.3952483801295896,0.2893280632411067,0.3340940209949795,1265.0,0.5742120343839542,0.6235220908525202,0.5978520286396182,1607.0,0.29891838741396265,0.3438914027149321,0.3198316675433982,884.0,0.496936153389998,0.0,0.574817157541016,SV,worst
0.574817157541016,6,6.919971875896395,balanced,,,0.051492963349190006,rbf,0.49061079264676816,0.629742033383915,0.622655663915979,0.6369915579432079,0.629742033383915,1303.0,0.37379162191192267,0.27509881422924903,0.31693989071038253,1265.0,0.5724177726485863,0.6172993154947106,0.5940119760479042,1607.0,0.2937853107344633,0.35294117647058826,0.32065775950668035,884.0,0.49061079264676816,0.0,0.574817157541016,SV,worst
0.574817157541016,4,1.0219804804916854,balanced,,,0.14128900175846967,rbf,0.49733148843644986,0.629780913479391,0.6100719424460431,0.6508058326937836,0.629780913479391,1303.0,0.3888280394304491,0.28063241106719367,0.32598714416896235,1265.0,0.576155162578437,0.6285003111387679,0.6011904761904762,1607.0,0.3020937188434696,0.3427601809954751,0.32114467408585057,884.0,0.49733148843644986,0.0,0.574817157541016,SV,worst
0.5746194900177901,5,4.115564074697534,balanced,,,0.044566162217460445,rbf,0.49416880806483493,0.6342575009494873,0.6278195488721805,0.6408288564850345,0.6342575009494873,1303.0,0.3778538812785388,0.2616600790513834,0.3092013078000934,1265.0,0.5682326621923938,0.6322339763534537,0.5985272459499263,1607.0,0.29859154929577464,0.3597285067873303,0.3263211903540277,884.0,0.49416880806483493,0.0,0.5746194900177901,SV,worst
0.5744218224945642,5,4.033027182936476,balanced,,,0.07396146785135962,rbf,0.4921921328325756,0.6242424242424243,0.6163051608077786,0.6323867996930161,0.6242424242424243,1303.0,0.3792372881355932,0.28300395256916994,0.32412856496152104,1265.0,0.576036866359447,0.6222775357809583,0.5982650314089142,1607.0,0.29558541266794625,0.34841628959276016,0.31983385254413293,884.0,0.4921921328325756,0.0,0.5744218224945642,SV,worst
0.5744218224945642,8,3.0961333485663243,balanced,,,0.08072392064922487,rbf,0.4927851354022534,0.6283987915407855,0.6185873605947956,0.6385264773599386,0.6283987915407855,1303.0,0.3773987206823028,0.2798418972332016,0.32137993645029506,1265.0,0.5738930419781484,0.6210329807093964,0.5965331739390317,1607.0,0.29797492767598843,0.3495475113122172,0.32170744403956275,884.0,0.4927851354022534,0.0,0.5744218224945642,SV,worst
0.5742241549713382,8,4.483199660906509,balanced,,,0.07295083313434957,rbf,0.49100612769322,0.6232487694055282,0.6150971599402093,0.6316193399846508,0.6232487694055282,1303.0,0.37905759162303665,0.28616600790513835,0.3261261261261261,1265.0,0.5766550522648084,0.6179215930304915,0.5965755482126764,1607.0,0.29310344827586204,0.34615384615384615,0.31742738589211617,884.0,0.49100612769322,0.0,0.5742241549713382,SV,worst
0.5742241549713382,5,7.060553830081271,balanced,,,0.02339542772424101,rbf,0.4915991302628978,0.6361573373676248,0.6271439224459359,0.6454336147352264,0.6361573373676248,1303.0,0.38083832335329343,0.25138339920948616,0.3028571428571429,1265.0,0.567476002258611,0.6253889234598631,0.5950266429840142,1607.0,0.2904676258992806,0.36538461538461536,0.32364729458917835,884.0,0.4915991302628978,0.0,0.5742241549713382,SV,worst
0.5738288199248863,10,9.955986353694358,balanced,,,0.05039010043200785,rbf,0.49001779007709034,0.622154779969651,0.6151537884471118,0.6293169608595549,0.622154779969651,1303.0,0.37579617834394907,0.2798418972332016,0.3207974626189397,1265.0,0.5765870704717531,0.6160547604231488,0.5956678700361011,1607.0,0.2952202436738519,0.3563348416289593,0.3229113275243465,884.0,0.49001779007709034,0.0,0.5738288199248863,SV,worst
0.5738288199248863,7,4.93884994756122,balanced,,,0.08294497669129207,rbf,0.4888317849377347,0.6192816635160681,0.6102831594634873,0.6285495011511896,0.6192816635160681,1303.0,0.38075742067553736,0.2940711462450593,0.33184656556645853,1265.0,0.5781710914454278,0.6098319850653391,0.5935796486977589,1607.0,0.2889952153110048,0.3416289592760181,0.3131156039398652,884.0,0.4888317849377347,0.0,0.5738288199248863,SV,worst
0.5734334848784345,4,6.37404803265929,balanced,,,0.02128832586519639,rbf,0.4912037952164459,0.6381381381381381,0.6245407788390889,0.6523407521105142,0.6381381381381381,1303.0,0.37696969696969695,0.2458498023715415,0.2976076555023923,1265.0,0.5677966101694916,0.6253889234598631,0.595202842759846,1607.0,0.28921124206708976,0.3608597285067873,0.3210870659285355,884.0,0.4912037952164459,0.0,0.5734334848784345,SV,worst
0.5734334848784345,6,1.6541566088546629,balanced,,,0.037579992012216644,rbf,0.49298280292547936,0.6389918458117124,0.617921146953405,0.6615502686108979,0.6389918458117124,1303.0,0.37173396674584325,0.24743083003952568,0.2971048884670147,1265.0,0.5702247191011236,0.6316116988176727,0.5993504576321228,1607.0,0.29174664107485604,0.3438914027149321,0.31568016614745587,884.0,0.49298280292547936,0.0,0.5734334848784345,SV,worst
0.5730381498319826,3,0.5985868224570494,balanced,,,0.12280422886404489,rbf,0.49654081834354613,0.633641404805915,0.6112696148359487,0.6577129700690714,0.633641404805915,1303.0,0.37757437070938216,0.2608695652173913,0.3085553997194951,1265.0,0.5704697986577181,0.6347230864965775,0.6008836524300442,1607.0,0.3065326633165829,0.34502262443438914,0.3246407663650878,884.0,0.49654081834354613,0.0,0.5730381498319826,SV,worst
0.5728404823087567,5,0.324725112022433,balanced,0.4415073780521287,4.0,0.04941516235800265,poly,0.488041114844831,0.6293868106440417,0.6325581395348837,0.6262471220260937,0.6293868106440417,1303.0,0.35005336179295626,0.2592885375494071,0.29791099000908267,1265.0,0.5669642857142857,0.6322339763534537,0.597822889085025,1607.0,0.2971153846153846,0.3495475113122172,0.3212058212058212,884.0,0.488041114844831,0.0,0.5728404823087567,SV,worst
0.5726428147855307,4,1.6916631690609252,balanced,,,0.07167719784423153,rbf,0.4943664755880609,0.6307866014301844,0.6189069423929099,0.6431312356101304,0.6307866014301844,1303.0,0.37969094922737306,0.2719367588932806,0.31690465223399356,1265.0,0.568561872909699,0.6347230864965775,0.5998235812996178,1607.0,0.2975124378109453,0.3382352941176471,0.31656961355214397,884.0,0.4943664755880609,0.0,0.5726428147855307,SV,worst
0.5724451472623048,5,1.3845604314885782,balanced,,,0.1707801480963234,rbf,0.4927851354022534,0.6254193067461796,0.6079710144927536,0.6438986953184958,0.6254193067461796,1303.0,0.3793103448275862,0.28695652173913044,0.32673267326732675,1265.0,0.5748987854251012,0.6185438705662726,0.5959232613908872,1607.0,0.2990936555891239,0.33597285067873306,0.3164624400639318,884.0,0.4927851354022534,0.0,0.5724451472623048,SV,worst
0.5724451472623048,6,6.179825262529975,balanced,,,0.050182039281275785,rbf,0.4898201225538644,0.627227910504361,0.6199400299850075,0.634689178818112,0.627227910504361,1303.0,0.37527352297593,0.2711462450592885,0.3148233134465351,1265.0,0.5710194730813287,0.6204107031736155,0.5946913212048911,1607.0,0.292018779342723,0.35180995475113125,0.319138019497178,884.0,0.4898201225538644,0.0,0.5724451472623048,SV,worst
0.5722474797390789,5,5.992446238305012,balanced,,,0.0475272643202278,rbf,0.4904131251235422,0.628658304827062,0.6227409638554217,0.634689178818112,0.628658304827062,1303.0,0.37723214285714285,0.2671936758893281,0.3128181397501157,1265.0,0.5695627484383873,0.6241443683883012,0.5956057007125891,1607.0,0.2914338919925512,0.35407239819004527,0.31971399387129723,884.0,0.4904131251235422,0.0,0.5722474797390789,SV,worst
0.571852144692627,9,8.117749974658722,balanced,,,0.07331849694493425,rbf,0.4856691045661198,0.6127080181543116,0.6040268456375839,0.6216423637759018,0.6127080181543116,1303.0,0.37713139418254765,0.2972332015810277,0.33244916003536695,1265.0,0.5786650774731824,0.6042314872433105,0.5911719939117199,1607.0,0.28763183125599234,0.3393665158371041,0.3113648157758173,884.0,0.4856691045661198,0.0,0.571852144692627,SV,worst
0.5716544771694011,8,4.804116959227336,balanced,,,0.05563849760401604,rbf,0.4892271199841866,0.6269449715370019,0.6201201201201201,0.6339217191097467,0.6269449715370019,1303.0,0.3751363140676118,0.2719367588932806,0.3153070577451879,1265.0,0.5697940503432495,0.6197884256378344,0.5937406855439642,1607.0,0.2909604519774011,0.3495475113122172,0.3175745118191161,884.0,0.4892271199841866,0.0,0.5716544771694011,SV,worst
0.5716544771694011,6,9.150623920081884,balanced,,,0.02793520041243353,rbf,0.4888317849377347,0.6329787234042553,0.6267870579382995,0.639293937068304,0.6329787234042553,1303.0,0.36596736596736595,0.2482213438735178,0.2958078191238813,1265.0,0.5664414414414415,0.6260112009956441,0.5947383978717115,1607.0,0.291970802919708,0.36199095022624433,0.32323232323232326,884.0,0.4888317849377347,0.0,0.5716544771694011,SV,worst
0.5714568096461752,5,7.773006333113388,balanced,,,0.031257419727385695,rbf,0.48942478750741253,0.6334979111279909,0.6270676691729323,0.6400613967766692,0.6334979111279909,1303.0,0.3672055427251732,0.25138339920948616,0.2984514312529329,1265.0,0.5655599324704558,0.6253889234598631,0.5939716312056738,1607.0,0.2937384898710866,0.3608597285067873,0.3238578680203046,884.0,0.48942478750741253,0.0,0.5714568096461752,SV,worst
0.5714568096461752,4,2.9322759186692786,balanced,,,0.060854359393850616,rbf,0.49199446530934965,0.6275104206138689,0.6197604790419161,0.6354566385264774,0.6275104206138689,1303.0,0.3814317673378076,0.26956521739130435,0.3158869847151459,1265.0,0.5683090705487122,0.6316116988176727,0.5982905982905983,1607.0,0.29242569511025884,0.34502262443438914,0.31655422937208094,884.0,0.49199446530934965,0.0,0.5714568096461752,SV,worst
0.5714568096461752,4,2.806007109810418,balanced,,,0.025947896524735354,rbf,0.4888317849377347,0.636464909023394,0.616546762589928,0.6577129700690714,0.636464909023394,1303.0,0.36658354114713215,0.23241106719367588,0.2844702467343977,1265.0,0.5671892497200448,0.6303671437461108,0.5971117005599764,1607.0,0.2858464384828862,0.3495475113122172,0.3145038167938931,884.0,0.4888317849377347,0.0,0.5714568096461752,SV,worst
0.5714568096461752,7,4.747310065639384,balanced,,,0.0952072139241331,rbf,0.4862621071357976,0.6175359032501889,0.6083395383469844,0.6270145817344589,0.6175359032501889,1303.0,0.38235294117647056,0.29802371541501976,0.3349622390048867,1265.0,0.5759380583680762,0.6017423771001866,0.588557516737675,1607.0,0.2844909609895338,0.3382352941176471,0.3090439276485788,884.0,0.4862621071357976,0.0,0.5714568096461752,SV,worst
0.5712591421229491,3,0.7524014247813076,balanced,,,0.0648263300700701,rbf,0.49298280292547936,0.632780847145488,0.6083569405099151,0.659247889485802,0.632780847145488,1303.0,0.3716608594657375,0.25296442687747034,0.30103480714957664,1265.0,0.5730400451212634,0.6322339763534537,0.6011834319526628,1607.0,0.29516288252714706,0.3382352941176471,0.3152345809172377,884.0,0.49298280292547936,0.0,0.5712591421229491,SV,worst
0.5710614745997232,3,1.4018024329584138,balanced,,,0.03253028778596698,rbf,0.4904131251235422,0.6366322008862629,0.6135231316725979,0.6615502686108979,0.6366322008862629,1303.0,0.36295369211514394,0.22924901185770752,0.2810077519379845,1265.0,0.5681564245810056,0.6328562538892346,0.5987636149543715,1607.0,0.29295774647887324,0.35294117647058826,0.3201641867624423,884.0,0.4904131251235422,0.0,0.5710614745997232,SV,worst
0.5710614745997232,3,1.0404719659748005,balanced,,,0.06967487643247301,rbf,0.49298280292547936,0.6303618052965312,0.6132075471698113,0.6485034535686877,0.6303618052965312,1303.0,0.3751438434982739,0.25770750988142294,0.3055295220243674,1265.0,0.5701509223029626,0.6347230864965775,0.6007067137809188,1607.0,0.2961876832844575,0.3427601809954751,0.3177766124803356,884.0,0.49298280292547936,0.0,0.5710614745997232,SV,worst
0.5708638070764973,6,0.5468624207365776,balanced,,,0.1117400910784227,rbf,0.4937734730183831,0.6318114874815906,0.6072186836518046,0.6584804297774367,0.6318114874815906,1303.0,0.3739930955120829,0.25691699604743085,0.3045923149015933,1265.0,0.5687044307347168,0.6309894212818917,0.5982300884955752,1607.0,0.3028169014084507,0.3404977375565611,0.32055378061767836,884.0,0.4937734730183831,0.0,0.5708638070764973,SV,worst
0.5706661395532714,8,2.364973161878686,balanced,,,0.10952051079119977,rbf,0.49100612769322,0.6223224351747464,0.6097201767304861,0.6354566385264774,0.6223224351747464,1303.0,0.3870967741935484,0.2940711462450593,0.33423180592991913,1265.0,0.5736842105263158,0.6104542626011201,0.5914983418751885,1607.0,0.2941747572815534,0.3427601809954751,0.3166144200626959,884.0,0.49100612769322,0.0,0.5706661395532714,SV,worst
0.5704684720300455,3,1.062161953311029,balanced,,,0.03951769289908584,rbf,0.49001779007709034,0.6376704754883893,0.6134751773049646,0.6638526477359938,0.6376704754883893,1303.0,0.3595641646489104,0.23478260869565218,0.28407460545193686,1265.0,0.5684624017957352,0.6303671437461108,0.5978164650339333,1607.0,0.2920268972142171,0.3438914027149321,0.31584415584415587,884.0,0.49001779007709034,0.0,0.5704684720300455,SV,worst
0.5704684720300455,3,0.9581260714373793,balanced,,,0.04333791196133095,rbf,0.4912037952164459,0.638203901361796,0.6131541725601132,0.6653875671527245,0.638203901361796,1303.0,0.3647342995169082,0.23873517786561266,0.28858098423315814,1265.0,0.5685393258426966,0.6297448662103298,0.5975789784470033,1607.0,0.29315332690453233,0.3438914027149321,0.31650182196772514,884.0,0.4912037952164459,0.0,0.5704684720300455,SV,worst
0.5700731369835936,3,0.893347298636541,balanced,,,0.039310296074008065,rbf,0.49001779007709034,0.6367647058823529,0.611150317572336,0.6646201074443592,0.6367647058823529,1303.0,0.35945273631840796,0.22845849802371543,0.27936201063315613,1265.0,0.5685506435366536,0.6322339763534537,0.5987035945786683,1607.0,0.29305423406279735,0.34841628959276016,0.3183462532299742,884.0,0.49001779007709034,0.0,0.5700731369835936,SV,worst
0.5696778019371417,11,8.95852119004522,balanced,,,0.07981219708111857,rbf,0.4829017592409567,0.6145124716553289,0.6053611317944899,0.6239447429009977,0.6145124716553289,1303.0,0.37561455260570303,0.3019762845849802,0.3347940403155127,1265.0,0.5737704918032787,0.5880522713130056,0.5808236017209588,1607.0,0.2880228136882129,0.3427601809954751,0.3130165289256198,884.0,0.4829017592409567,0.0,0.5696778019371417,SV,worst
0.5686894643210121,7,3.9879334724442512,balanced,,,0.14179155454126102,rbf,0.4886341174145088,0.6136449302676216,0.6029629629629629,0.624712202609363,0.6136449302676216,1303.0,0.39122137404580154,0.3241106719367589,0.3545179420665802,1265.0,0.5751833740831296,0.5855631611698817,0.5803268578476719,1607.0,0.2995121951219512,0.34728506787330315,0.321634363541121,884.0,0.4886341174145088,0.0,0.5686894643210121,SV,worst
0.5682941292745602,4,5.77171731750896,balanced,,,0.015363160719084215,rbf,0.4862621071357976,0.6376811594202898,0.6181556195965417,0.6584804297774367,0.6376811594202898,1303.0,0.3663101604278075,0.216600790513834,0.27223050173869845,1265.0,0.562992125984252,0.6228998133167393,0.5914327917282127,1607.0,0.28558951965065504,0.36990950226244346,0.3223262690980779,884.0,0.4862621071357976,0.0,0.5682941292745602,SV,worst
0.5682941292745602,4,3.2354841073741625,balanced,,,0.018664562065684134,rbf,0.4868551097054754,0.6372075751949499,0.6172661870503597,0.6584804297774367,0.6372075751949499,1303.0,0.3612217795484728,0.2150197628458498,0.26957383548067393,1265.0,0.5640449438202247,0.6247666459240822,0.592855033953351,1607.0,0.289612676056338,0.3721719457013575,0.32574257425742575,884.0,0.4868551097054754,0.0,0.5682941292745602,SV,worst
0.5678987942281083,8,4.698408260269686,balanced,,,0.12375337758581337,rbf,0.48725044475192725,0.6124293785310735,0.6013313609467456,0.6239447429009977,0.6124293785310735,1303.0,0.39481268011527376,0.324901185770751,0.3564614050303556,1265.0,0.5737003058103975,0.583696328562539,0.5786551511412709,1607.0,0.2938894277400582,0.3427601809954751,0.3164490861618799,884.0,0.48725044475192725,0.0,0.5678987942281083,SV,worst
0.5677011267048824,6,0.8173996482840613,balanced,,,0.036865034444543775,rbf,0.488041114844831,0.6345588235294117,0.6090331686661962,0.6623177283192633,0.6345588235294117,1303.0,0.3561470215462611,0.22213438735177865,0.2736124634858812,1265.0,0.5656284760845384,0.6328562538892346,0.5973568281938326,1607.0,0.2919431279620853,0.34841628959276016,0.3176895306859206,884.0,0.488041114844831,0.0,0.5677011267048824,SV,worst
0.5675034591816565,3,0.43380651585639907,balanced,,,0.060243397433903674,rbf,0.4882387823680569,0.6340224882118245,0.6011004126547456,0.6707597851112816,0.6340224882118245,1303.0,0.35406091370558374,0.22055335968379447,0.2717973697028738,1265.0,0.5671309192200558,0.6334785314250155,0.5984714873603763,1607.0,0.2925636007827789,0.3382352941176471,0.31374606505771246,884.0,0.4882387823680569,0.0,0.5675034591816565,SV,worst
0.5671081241352046,3,1.278244751636239,balanced,,,0.024296690825855224,rbf,0.4860644396125717,0.6387357589121646,0.6128349788434415,0.6669224865694551,0.6387357589121646,1303.0,0.35838926174496644,0.21106719367588933,0.2656716417910448,1265.0,0.5611390284757118,0.6253889234598631,0.5915244261330195,1607.0,0.28778280542986423,0.3597285067873303,0.31975867269984914,884.0,0.4860644396125717,0.0,0.5671081241352046,SV,worst
0.5665151215655267,8,5.906467878952473,balanced,,,0.09091282888366257,rbf,0.4793437438228899,0.6137566137566137,0.6046165301563663,0.6231772831926324,0.6137566137566137,1303.0,0.3743743743743744,0.2956521739130435,0.3303886925795053,1265.0,0.5694444444444444,0.5868077162414437,0.577995709469813,1607.0,0.27898209236569277,0.334841628959276,0.3043701799485861,884.0,0.4793437438228899,0.0,0.5665151215655267,SV,worst
0.5661197865190749,5,1.9009701465595554,balanced,,,0.23269992915581308,rbf,0.48942478750741253,0.612807148175726,0.5950831525668836,0.6316193399846508,0.612807148175726,1303.0,0.38693957115009747,0.3138339920948617,0.3465735486687036,1265.0,0.5701598579040853,0.5992532669570628,0.5843446601941747,1607.0,0.3048907388137357,0.33144796380090497,0.3176151761517615,884.0,0.48942478750741253,0.0,0.5661197865190749,SV,worst
0.5653291164261712,8,4.473522630696913,balanced,,,0.14445471461417175,rbf,0.48547143704289386,0.611906556141673,0.6010362694300518,0.6231772831926324,0.611906556141673,1303.0,0.384180790960452,0.32252964426877473,0.35066609368285345,1265.0,0.5709914320685434,0.5805849408836341,0.5757482258562172,1607.0,0.2994071146245059,0.3427601809954751,0.31962025316455694,884.0,0.48547143704289386,0.0,0.5653291164261712,SV,worst
0.5649337813797193,8,4.882320404868494,,,,0.05398472053299864,rbf,0.5145285629571061,0.6359380626575442,0.5990502035278155,0.6776669224865695,0.6359380626575442,1303.0,0.367983367983368,0.2798418972332016,0.3179164795689268,1265.0,0.5307692307692308,0.7728686994399502,0.6293387382822396,1607.0,0.4381625441696113,0.14027149321266968,0.2125107112253642,884.0,0.5145285629571061,0.0,0.5649337813797193,SV,worst
0.5645384463332674,4,7.328116830043354,balanced,,,0.0099190019318093,rbf,0.4829017592409567,0.633692822610636,0.6147186147186147,0.6538756715272448,0.633692822610636,1303.0,0.3624823695345557,0.20316205533596837,0.26038500506585616,1265.0,0.5606741573033708,0.6210329807093964,0.5893120755831119,1607.0,0.28378378378378377,0.38009049773755654,0.32495164410058025,884.0,0.4829017592409567,0.0,0.5645384463332674,SV,worst
0.5645384463332674,6,3.506051628604664,,,,0.08785074894019704,rbf,0.5123542202016209,0.6298302636330806,0.5948158253751705,0.6692248656945511,0.6298302636330806,1303.0,0.38729508196721313,0.29881422924901185,0.3373493975903614,1265.0,0.5326566637246248,0.7510889856876167,0.6232894397108185,1607.0,0.38461538461538464,0.15271493212669685,0.21862348178137653,884.0,0.5123542202016209,0.0,0.5645384463332674,SV,worst
0.5645384463332674,11,7.437378784361143,balanced,,,0.10456300666929398,rbf,0.4832970942874086,0.6094161958568738,0.5983727810650887,0.6208749040675364,0.6094161958568738,1303.0,0.3943524829600779,0.3201581027667984,0.35340314136125656,1265.0,0.5703703703703704,0.5749844430616055,0.5726681127982647,1607.0,0.28962264150943395,0.34728506787330315,0.31584362139917693,884.0,0.4832970942874086,0.0,0.5645384463332674,SV,worst
0.5643407788100415,6,2.510598617614489,balanced,,,0.35788270962839575,rbf,0.4890294524609607,0.5974889217134417,0.5758007117437722,0.6208749040675364,0.5974889217134417,1303.0,0.3805147058823529,0.32727272727272727,0.351891202719932,1265.0,0.5721830985915493,0.6067205973864344,0.5889459377831471,1607.0,0.32018561484918795,0.31221719457013575,0.3161512027491409,884.0,0.4890294524609607,0.0,0.5643407788100415,SV,worst
0.5633524411939118,14,3.3295676436830606,balanced,0.34664382857702053,2.0,0.09397943398008554,poly,0.47796007116030836,0.6333460511255246,0.629742033383915,0.6369915579432079,0.6333460511255246,1303.0,0.3835616438356164,0.24347826086956523,0.2978723404255319,1265.0,0.56047197640118,0.5911636589919104,0.5754088431253785,1607.0,0.26548672566371684,0.3733031674208145,0.31029619181946405,884.0,0.47796007116030836,0.0,0.5633524411939118,SV,worst
0.5631547736706859,12,3.609696739570422,balanced,0.30296848590473024,2.0,0.08180815363915597,poly,0.479146076299664,0.6336633663366337,0.6288737717309146,0.6385264773599386,0.6336633663366337,1303.0,0.3857677902621723,0.24426877470355732,0.29912875121006777,1265.0,0.5598591549295775,0.5936527691350342,0.5762609483539716,1607.0,0.26726238830219334,0.3721719457013575,0.3111111111111111,884.0,0.479146076299664,0.0,0.5631547736706859,SV,worst
0.5611780984384266,7,3.8073676469753286,balanced,,,0.20421369411321783,rbf,0.48033208143901956,0.6017299736743137,0.5899705014749262,0.6139677666922486,0.6017299736743137,1303.0,0.37399821905609976,0.33201581027667987,0.35175879396984927,1265.0,0.5667490729295427,0.5706285003111388,0.5686821705426357,1607.0,0.30457380457380456,0.33144796380090497,0.3174431202600217,884.0,0.48033208143901956,0.0,0.5611780984384266,SV,worst
0.5611780984384266,8,0.7021908464191357,balanced,0.08606143771824709,2.0,0.06481161634711101,poly,0.47756473611385647,0.6351451973194341,0.6167751265365148,0.6546431312356101,0.6351451973194341,1303.0,0.350597609561753,0.20869565217391303,0.2616451932606541,1265.0,0.5602755453501722,0.6073428749222153,0.5828605553896685,1607.0,0.2734970364098222,0.36538461538461536,0.3128329297820823,884.0,0.47756473611385647,0.0,0.5611780984384266,SV,worst
0.5611780984384266,3,0.33555832256399015,balanced,,,0.04296769184520555,rbf,0.48250642419450485,0.6320346320346321,0.5963240299523486,0.6722947045280123,0.6320346320346321,1303.0,0.34965986394557824,0.20316205533596837,0.257,1265.0,0.5580110497237569,0.6285003111387679,0.5911618378694762,1607.0,0.2851674641148325,0.33710407239819007,0.30896837739761535,884.0,0.48250642419450485,0.0,0.5611780984384266,SV,worst
0.5603874283455228,6,9.67832046945223,,,,0.033331128816848264,rbf,0.5113658825854912,0.6357091432685386,0.5986440677966102,0.6776669224865695,0.6357091432685386,1303.0,0.3618352450469239,0.27430830039525694,0.3120503597122302,1265.0,0.5248107653490328,0.776602364654636,0.626348808030113,1607.0,0.44129554655870445,0.12330316742081449,0.1927497789566755,884.0,0.5113658825854912,0.0,0.5603874283455228,SV,worst
0.5586084206364894,13,9.804004109693723,balanced,,,0.13398388327928776,rbf,0.47499505831191935,0.5958412098298677,0.587183308494784,0.6047582501918649,0.5958412098298677,1303.0,0.367595818815331,0.33359683794466405,0.34977206796518856,1265.0,0.5697823303457106,0.5538270068450529,0.5616913852950458,1607.0,0.30089374379344586,0.3427601809954751,0.3204653622421999,884.0,0.47499505831191935,0.0,0.5586084206364894,SV,worst
0.5586084206364894,47,5.429158740139469,balanced,,,,linear,0.4809250840086974,0.6485165794066318,0.5947503201024328,0.7129700690713737,0.6485165794066318,1303.0,0.3563636363636364,0.23241106719367588,0.2813397129186603,1265.0,0.5602836879432624,0.5899191039203485,0.5747196120036374,1607.0,0.2673469387755102,0.29638009049773756,0.2811158798283262,884.0,0.4809250840086974,0.0,0.5586084206364894,SV,worst
0.5580154180668117,19,2.074172768375787,balanced,,,,linear,0.48211108914805295,0.6458550121401319,0.589240506329114,0.7145049884881044,0.6458550121401319,1303.0,0.3577430972388956,0.23557312252964427,0.2840800762631077,1265.0,0.5616921269095182,0.5948973242065961,0.5778180719250529,1607.0,0.2690677966101695,0.2873303167420814,0.2778993435448578,884.0,0.48211108914805295,0.0,0.5580154180668117,SV,worst
0.5580154180668117,25,2.4849789421862476,balanced,,,,linear,0.4823087566712789,0.6456310679611651,0.5888678051865908,0.7145049884881044,0.6456310679611651,1303.0,0.35808383233532937,0.23636363636363636,0.28476190476190477,1265.0,0.5616197183098591,0.5955196017423771,0.5780730897009967,1607.0,0.26943556975505856,0.2861990950226244,0.2775644541963796,884.0,0.4823087566712789,0.0,0.5580154180668117,SV,worst
0.5578177505435857,73,9.91006832947191,balanced,,,,linear,0.47973907886934175,0.6473463687150838,0.5938500960922486,0.7114351496546432,0.6473463687150838,1303.0,0.34720570749108204,0.2308300395256917,0.27730294396961064,1265.0,0.5597633136094674,0.5886745488487866,0.5738550197148923,1607.0,0.27094105480868663,0.29638009049773756,0.2830902215018909,884.0,0.47973907886934175,0.0,0.5578177505435857,SV,worst
0.5574224154971338,6,8.760452873189173,balanced,,,0.0026291219251657885,rbf,0.4813204190551492,0.6390950866030399,0.5923984272608126,0.693783576362241,0.6390950866030399,1303.0,0.35356200527704484,0.21185770750988142,0.26495304003954523,1265.0,0.5576166385609893,0.6172993154947106,0.5859421145894861,1607.0,0.2720883534136546,0.3065610859728507,0.28829787234042553,884.0,0.4813204190551492,0.0,0.5574224154971338,SV,worst
0.5572247479739079,471,4.0610995554452325,balanced,0.07552469056976341,3.0,0.27036942906600114,poly,0.4643210120577189,0.6023637056805184,0.5984848484848485,0.6062931696085956,0.6023637056805184,1303.0,0.3572159672466735,0.2758893280632411,0.3113291703835861,1265.0,0.5673803526448362,0.5606720597386434,0.5640062597809077,1607.0,0.2632027257240204,0.3495475113122172,0.30029154518950435,884.0,0.4643210120577189,0.0,0.5572247479739079,SV,worst
0.5572247479739079,63,7.227068807787555,balanced,,,,linear,0.4793437438228899,0.6473463687150838,0.5938500960922486,0.7114351496546432,0.6473463687150838,1303.0,0.3520958083832335,0.23241106719367588,0.28,1265.0,0.5590504451038576,0.5861854387056628,0.5722964763061968,1607.0,0.26789366053169733,0.29638009049773756,0.2814178302900107,884.0,0.4793437438228899,0.0,0.5572247479739079,SV,worst
0.5562364103577783,3,7.521614506325454,balanced,,,0.002671277050009465,rbf,0.48191342162482703,0.6392405063291139,0.5898767034393251,0.6976208749040675,0.6392405063291139,1303.0,0.3559322033898305,0.2158102766798419,0.2687007874015748,1265.0,0.5568053993250843,0.6160547604231488,0.5849335302806499,1607.0,0.2733812949640288,0.3009049773755656,0.28648357565966615,884.0,0.48191342162482703,0.0,0.5562364103577783,SV,worst
0.5556434077881004,8,5.379038901080707,balanced,,,0.2621485347925229,rbf,0.479146076299664,0.5867861142217246,0.5712209302325582,0.6032233307751343,0.5867861142217246,1303.0,0.3735581188997338,0.33280632411067196,0.3520066889632107,1265.0,0.5632949727437916,0.5787181082762912,0.570902394106814,1607.0,0.31712707182320443,0.3246606334841629,0.3208496366685299,884.0,0.479146076299664,0.0,0.5556434077881004,SV,worst
0.5550504052184226,6,1.105196902211661,,,,0.05701502075691485,rbf,0.5115635501087171,0.6353356890459364,0.5887360838244925,0.6899462778204144,0.6353356890459364,1303.0,0.35900216919739697,0.2616600790513834,0.30269775948788297,1265.0,0.5247116968698518,0.7927815805849409,0.6314745972738538,1607.0,0.46153846153846156,0.09502262443438914,0.1575984990619137,884.0,0.5115635501087171,0.0,0.5550504052184226,SV,worst
0.5546550701719708,3,1.799362719048285,balanced,,,0.0055120992804695915,rbf,0.4787507412532121,0.6379853095487933,0.5861182519280206,0.6999232540291634,0.6379853095487933,1303.0,0.3405114401076716,0.2,0.25199203187250996,1265.0,0.5557422969187675,0.6172993154947106,0.5849056603773585,1607.0,0.2717948717948718,0.2997737556561086,0.28509951586874666,884.0,0.4787507412532121,0.0,0.5546550701719708,SV,worst
0.553864400079067,11,7.518667349137368,balanced,,,0.16177817458751836,rbf,0.47321605060288596,0.5871698113207547,0.5775798069784707,0.5970836531082118,0.5871698113207547,1303.0,0.3652326602282704,0.32885375494071145,0.34608985024958405,1265.0,0.5678549093183239,0.5650280024891101,0.5664379288833438,1607.0,0.2997946611909651,0.33031674208144796,0.3143164693218515,884.0,0.47321605060288596,0.0,0.553864400079067,SV,worst
0.5536667325558411,10,6.829803992668729,balanced,,,0.16587227342734626,rbf,0.47301838307966,0.5879245283018868,0.5783221974758723,0.5978511128165771,0.5879245283018868,1303.0,0.3654867256637168,0.3264822134387352,0.34488517745302716,1265.0,0.5665209244222361,0.5644057249533292,0.5654613466334164,1607.0,0.2996941896024465,0.332579185520362,0.31528150134048255,884.0,0.47301838307966,0.0,0.5536667325558411,SV,worst
0.5536667325558411,243,5.237571928107735,,-0.14433329547653329,3.0,0.19864144699540293,poly,0.4886341174145088,0.6149851632047477,0.5951184493898062,0.6362240982348427,0.6149851632047477,1303.0,0.3536231884057971,0.2893280632411067,0.3182608695652174,1265.0,0.5282578234469874,0.7037958929682638,0.6035218783351121,1607.0,0.2979591836734694,0.16515837104072398,0.21251819505094613,884.0,0.4886341174145088,0.0,0.5536667325558411,SV,worst
0.5530737299861632,38,0.22267886530493503,balanced,0.47281053251014116,4.0,0.17316421823615277,poly,0.4615536667325558,0.5857642940490082,0.5938485804416404,0.577897160399079,0.5857642940490082,1303.0,0.35732647814910024,0.32964426877470354,0.34292763157894735,1265.0,0.5585241730279898,0.5463596764156814,0.5523749606794589,1607.0,0.27281368821292773,0.3246606334841629,0.2964876033057851,884.0,0.4615536667325558,0.0,0.5530737299861632,SV,worst
0.5528760624629373,3,0.10113285800271361,balanced,,,0.047258959156966304,rbf,0.47499505831191935,0.628948281846581,0.5741444866920152,0.6953184957789716,0.628948281846581,1303.0,0.3338391502276176,0.17391304347826086,0.2286902286902287,1265.0,0.5560513106525377,0.6204107031736155,0.5864705882352941,1607.0,0.272108843537415,0.3167420814479638,0.29273392577104024,884.0,0.47499505831191935,0.0,0.5528760624629373,SV,worst
0.5522830598932595,3,0.08566567542800188,balanced,,,0.06203081977715655,rbf,0.4763787309745009,0.6282361063168795,0.5708908406524467,0.6983883346124329,0.6282361063168795,1303.0,0.3343558282208589,0.17233201581027668,0.22743870631194574,1265.0,0.5556786703601108,0.6241443683883012,0.5879249706916765,1607.0,0.2767857142857143,0.3156108597285068,0.2949260042283298,884.0,0.4763787309745009,0.0,0.5522830598932595,SV,worst
0.5497133820913224,9,6.072431276060546,balanced,,,0.2965101920127003,rbf,0.47677406602095274,0.576107182731671,0.5592485549132948,0.5940138142747505,0.576107182731671,1303.0,0.3764093668690373,0.3430830039525692,0.358974358974359,1265.0,0.5599284436493739,0.5843186060983199,0.571863580998782,1607.0,0.3136094674556213,0.2997737556561086,0.3065355696934644,884.0,0.47677406602095274,0.0,0.5497133820913224,SV,worst
0.5485273769519667,3,0.6896713982111474,balanced,,,0.005510019444554099,rbf,0.47736706859063055,0.6366711772665764,0.5692679975801573,0.7221795855717574,0.6366711772665764,1303.0,0.32125,0.20316205533596837,0.24891041162227603,1265.0,0.553274139844617,0.6204107031736155,0.5849222645937225,1607.0,0.2736318407960199,0.248868778280543,0.26066350710900477,884.0,0.47736706859063055,0.0,0.5485273769519667,SV,worst
0.5459576991500297,3,8.976912989085413,balanced,,,0.0010342407962798457,rbf,0.4799367463925677,0.6359043448972718,0.5666266506602641,0.7244819646968534,0.6359043448972718,1303.0,0.328719723183391,0.22529644268774704,0.2673545966228893,1265.0,0.5495049504950495,0.6216552582451773,0.5833576642335766,1607.0,0.2824858757062147,0.22624434389140272,0.25125628140703515,884.0,0.4799367463925677,0.0,0.5459576991500297,SV,worst
0.544771694010674,3,0.006041460271866409,balanced,,,,linear,0.478948408776438,0.6339847631666115,0.5576923076923077,0.7344589409056025,0.6339847631666115,1303.0,0.31101511879049676,0.2276679841897233,0.2628936558649019,1265.0,0.5513454146073586,0.6247666459240822,0.5857642940490082,1607.0,0.29194630872483224,0.19683257918552036,0.23513513513513515,884.0,0.478948408776438,0.0,0.544771694010674,SV,worst
0.5445740264874481,3,0.15366255261596817,balanced,,,0.012858431766137093,rbf,0.47301838307966,0.6290484140233723,0.5567375886524822,0.7229470452801228,0.6290484140233723,1303.0,0.314404432132964,0.17944664031620552,0.22848515349773527,1265.0,0.5531441291040623,0.6185438705662726,0.5840188014101058,1607.0,0.27122641509433965,0.26018099547511314,0.26558891454965355,884.0,0.47301838307966,0.0,0.5445740264874481,SV,worst
0.5441786914409963,6,2.54194301596222,balanced,,,0.7834308538374221,rbf,0.49061079264676816,0.5821631878557875,0.5758258258258259,0.5886415963161934,0.5821631878557875,1303.0,0.39503619441571874,0.3019762845849802,0.34229390681003585,1265.0,0.5061511423550088,0.716863721219664,0.5933556528457379,1607.0,0.3739669421487603,0.20475113122171945,0.2646198830409357,884.0,0.49061079264676816,0.0,0.5441786914409963,SV,worst
0.5441786914409963,26,2.1303852160794254,,,,,linear,0.4991104961454833,0.642554578038449,0.5583238958097395,0.7567152724481965,0.642554578038449,1303.0,0.3342995169082126,0.2735177865612648,0.3008695652173913,1265.0,0.5283436669619131,0.7423771001866832,0.6173350582147478,1607.0,0.0,0.0,0.0,884.0,0.4991104961454833,1.0,0.5441786914409963,SV,worst
0.5425973512551888,3,0.0048397262311987484,balanced,,,,linear,0.47796007116030836,0.6309210526315789,0.5521013241220495,0.735993860322333,0.6309210526315789,1303.0,0.31042128603104213,0.22134387351778656,0.25842178126442084,1265.0,0.5500273373428103,0.6260112009956441,0.5855646100116414,1607.0,0.2927241962774958,0.19570135746606335,0.23457627118644067,884.0,0.47796007116030836,0.0,0.5425973512551888,SV,worst
0.542004348685511,20,1.4885609318046618,,,,,linear,0.4979244910061277,0.6409341550437885,0.5550561797752809,0.758250191864927,0.6409341550437885,1303.0,0.33137254901960783,0.2671936758893281,0.29584245076586435,1265.0,0.5281097830898628,0.7423771001866832,0.6171753750646664,1607.0,0.0,0.0,0.0,884.0,0.4979244910061277,1.0,0.542004348685511,SV,worst
0.5390393358371219,5,0.2617809161676162,,,,,linear,0.4957501482506424,0.63659961064244,0.551433389544688,0.7528779739063699,0.63659961064244,1303.0,0.3290513833992095,0.26324110671936757,0.2924901185770751,1265.0,0.5264550264550265,0.7429993777224643,0.6162580645161291,1607.0,0.0,0.0,0.0,884.0,0.4957501482506424,1.0,0.5390393358371219,SV,worst
0.5378533306977663,4,0.17725073171601288,balanced,,,0.6144959401939465,rbf,0.4239968373196284,0.5627254509018036,0.5889261744966443,0.5387567152724482,0.5627254509018036,1303.0,0.43521594684385384,0.10355731225296443,0.1673052362707535,1265.0,0.5740181268882175,0.4729309271935283,0.5185943364039577,1607.0,0.24620874219446923,0.6244343891402715,0.3531669865642994,884.0,0.4239968373196284,0.0,0.5378533306977663,SV,worst
0.5366673255584108,4,0.14543072942900026,,,,,linear,0.4933781379719312,0.6336569579288026,0.5478455512031337,0.7513430544896393,0.6336569579288026,1303.0,0.3240279162512463,0.25691699604743085,0.2865961199294533,1265.0,0.5253415601586602,0.7417548226509023,0.6150670794633643,1607.0,0.0,0.0,0.0,884.0,0.4933781379719312,1.0,0.5366673255584108,SV,worst
0.5321209725242143,3,0.017611477636300256,balanced,,,0.04087122001054978,rbf,0.46965803518481913,0.6152893840916125,0.5155601659751037,0.762854950115119,0.6152893840916125,1303.0,0.3142857142857143,0.13043478260869565,0.18435754189944134,1265.0,0.5529672767609539,0.6204107031736155,0.5847507331378299,1607.0,0.273972602739726,0.248868778280543,0.26081802015411976,884.0,0.46965803518481913,0.0,0.5321209725242143,SV,worst
0.5317256374777624,6,0.0011095879054557477,balanced,-0.2684311116003353,3.0,0.13219545810152566,poly,0.38189365487250443,0.6000723850886718,0.5678082191780822,0.6362240982348427,0.6000723850886718,1303.0,0.1724137931034483,0.003952569169960474,0.0077279752704791345,1265.0,0.6129837702871411,0.3055382700684505,0.40780730897009965,1607.0,0.21921271217045865,0.6866515837104072,0.332329592116069,884.0,0.38189365487250443,0.0,0.5317256374777624,SV,worst
0.5315279699545364,3,0.4120771572156811,balanced,,,0.0014020641864696,rbf,0.4712393753706266,0.6203703703703703,0.5188435725348477,0.7712970069071374,0.6203703703703703,1303.0,0.29712041884816753,0.17944664031620552,0.22375554460325284,1265.0,0.5496724890829694,0.626633478531425,0.585635359116022,1607.0,0.27566539923954375,0.16402714932126697,0.20567375886524822,884.0,0.4712393753706266,0.0,0.5315279699545364,SV,worst
0.529946629768729,270,0.07310109806915088,balanced,0.206735790989156,4.0,0.45520777315525274,poly,0.4439612571654477,0.555815768930523,0.5655281969817315,0.5464313123561013,0.555815768930523,1303.0,0.3436055469953775,0.3525691699604743,0.3480296527506828,1265.0,0.5431093007467753,0.49782202862476665,0.5194805194805194,1607.0,0.27988338192419826,0.3257918552036199,0.3010977522216414,884.0,0.4439612571654477,0.0,0.529946629768729,SV,worst
0.5230282664558213,2,0.0024425679168780697,,,,,linear,0.4858667720893457,0.6196751455715599,0.5158163265306123,0.7759017651573292,0.6196751455715599,1303.0,0.30719794344473006,0.18893280632411066,0.2339696524718551,1265.0,0.5204653166738474,0.7517112632233977,0.615071283095723,1607.0,0.0,0.0,0.0,884.0,0.4858667720893457,1.0,0.5230282664558213,SV,worst
0.5174935758054952,3,0.01034641636501405,balanced,,,0.029261734347690496,rbf,0.46016999406997433,0.6021188934667452,0.4883054892601432,0.7851112816577129,0.6021188934667452,1303.0,0.30625,0.03873517786561265,0.0687719298245614,1265.0,0.5505740841990159,0.626633478531425,0.5861466821885913,1607.0,0.2553846153846154,0.2816742081447964,0.2678859601936525,884.0,0.46016999406997433,0.0,0.5174935758054952,SV,worst
0.5155169005732358,3,0.04273257745460035,balanced,,,0.006045750402511237,rbf,0.46491401462739673,0.6007109004739336,0.48914616497829233,0.7782041442824251,0.6007109004739336,1303.0,0.28665568369028005,0.13754940711462452,0.1858974358974359,1265.0,0.5471190091545504,0.6322339763534537,0.5866050808314087,1607.0,0.2835249042145594,0.167420814479638,0.21052631578947367,884.0,0.46491401462739673,0.0,0.5155169005732358,SV,worst
0.5153192330500099,5,0.4481135154507038,balanced,0.4153622366405596,2.0,0.0010683095863620359,poly,0.46511168215062265,0.6026354319180088,0.4872159090909091,0.7897160399079048,0.6026354319180088,1303.0,0.29250457038391225,0.12648221343873517,0.17660044150110377,1265.0,0.5460385438972163,0.6347230864965775,0.5870503597122302,1607.0,0.2706766917293233,0.16289592760180996,0.2033898305084746,884.0,0.46511168215062265,0.0,0.5153192330500099,SV,worst
0.5002965012848389,3,0.016603844450009012,,,,0.019910616801041787,rbf,0.4781577386835343,0.6015693112467306,0.48409728718428435,0.7943207981580968,0.6015693112467306,1303.0,0.3036876355748373,0.11067193675889328,0.16222479721900349,1265.0,0.5056910569105691,0.7741132545115121,0.6117531349889354,1607.0,0.0,0.0,0.0,884.0,0.4781577386835343,1.0,0.5002965012848389,SV,worst
0.45760031626803715,3,3.3761880044339185,balanced,-0.4859261276467951,3.0,0.09530239476927069,poly,0.2996639652105159,0.35865384615384616,0.4800514800514801,0.28626247122026094,0.35865384615384616,1303.0,0.22746781115879827,0.2932806324110672,0.2562154696132597,1265.0,0.4944500504540868,0.30491599253266954,0.3772132409545804,1607.0,0.16987951807228915,0.3190045248868778,0.22169811320754718,884.0,0.2996639652105159,0.0,0.45760031626803715,SV,worst
0.31784937734730184,8,0.03556360070181531,,-0.12488668406409043,4.0,0.01316066932847919,poly,0.31784937734730184,0.0015337423312883436,1.0,0.0007674597083653108,0.0015337423312883436,1303.0,0.0,0.0,0.0,1265.0,0.3177145116646896,1.0,0.4822205551387847,1607.0,0.0,0.0,0.0,884.0,0.31784937734730184,2.0,0.31784937734730184,SV,worst
0.3176517098240759,3,0.0012967942961950125,,,,0.11032389187592018,rbf,0.3176517098240759,0.0,0.0,0.0,0.0,1303.0,0.0,0.0,0.0,1265.0,0.3176517098240759,1.0,0.4821482148214821,1607.0,0.0,0.0,0.0,884.0,0.3176517098240759,3.0,0.3176517098240759,SV,worst
0.27297884957501484,5,0.003142755036904297,,-0.3597395015511978,4.0,0.22210743101450103,poly,0.2577584502866179,0.2470664928292047,0.21473087818696884,0.2908672294704528,0.2470664928292047,1303.0,0.28346456692913385,0.05691699604743083,0.09479921000658328,1265.0,0.2777777777777778,0.5164903546981954,0.36126224156692055,1607.0,0.4423076923076923,0.026018099547511313,0.049145299145299144,884.0,0.2577584502866179,0.0,0.27297884957501484,SV,worst
