value,duration,params_colsample_bytree,params_gamma,params_learning_rate,params_max_depth,params_n_estimators,params_reg_lambda,user_attrs_ACC,user_attrs_WF1,Work_precision,Work_recall,Work_f1-score,Work_support,Others_precision,Others_recall,Others_f1-score,Others_support,Home_precision,Home_recall,Home_f1-score,Home_support,Shop_precision,Shop_recall,Shop_f1-score,Shop_support,accuracy,zeroPreds,adj_accuracy,model,option
0.6388614350662186,14,0.8716719198432046,0.14110865865440925,0.04428369151717844,10,250,0.02741305783056068,0.5785728404823087,0.653575398295665,0.6318051575931232,0.6768994627782041,0.653575398295665,1303.0,0.47099311701081614,0.3786561264822134,0.4198071866783523,1265.0,0.6316326530612245,0.7703795892968264,0.6941407345107934,1607.0,0.478134110787172,0.37104072398190047,0.4178343949044586,884.0,0.5785728404823087,0.0,0.6388614350662186,XG,worst
0.6384661000197668,12,0.829444914551129,0.33371260988545026,0.048928962358032575,10,250,0.0028494054724513464,0.5797588456216644,0.6573116691285081,0.6334519572953736,0.6830391404451266,0.6573116691285081,1303.0,0.48349514563106794,0.39367588932806324,0.4339869281045752,1265.0,0.625,0.7622899813316739,0.6868516961031679,1607.0,0.4819277108433735,0.36199095022624433,0.4134366925064599,884.0,0.5797588456216644,0.0,0.6384661000197668,XG,worst
0.6380707649733148,11,0.8311248650497722,0.18723116718203714,0.05519194824749955,10,250,0.001900152934924027,0.5767938327732753,0.6513863216266174,0.6283880171184023,0.6761320030698388,0.6513863216266174,1303.0,0.4707547169811321,0.39446640316205533,0.429247311827957,1265.0,0.6326424870466322,0.7598008711885501,0.6904156064461408,1607.0,0.4752623688155922,0.3585972850678733,0.4087685364281109,884.0,0.5767938327732753,0.0,0.6380707649733148,XG,worst
0.6358964222178296,12,0.8327780944877562,0.12990888722375693,0.04753010666988806,10,250,0.002318177437030074,0.574817157541016,0.6513182324545117,0.6309352517985611,0.6730621642363775,0.6513182324545117,1303.0,0.46577946768060835,0.38735177865612647,0.4229607250755287,1265.0,0.6318795430944963,0.7573117610454263,0.6889329181998302,1607.0,0.46888567293777134,0.3665158371040724,0.4114285714285714,884.0,0.574817157541016,0.0,0.6358964222178296,XG,worst
0.6355010871713778,12,0.738246510747413,0.010453787379359003,0.04630886058304145,10,250,0.015213272791580475,0.5769915002965013,0.6509050609530846,0.6274928774928775,0.6761320030698388,0.6509050609530846,1303.0,0.4691478942213516,0.3786561264822134,0.41907261592300965,1265.0,0.6306027820710973,0.761667703795893,0.6899661781285231,1607.0,0.4834054834054834,0.37895927601809953,0.424857324032974,884.0,0.5769915002965013,0.0,0.6355010871713778,XG,worst
0.6351057521249259,8,0.8317831753412359,0.35922164215000757,0.05534605519759166,10,300,0.05666629133695045,0.577979837912631,0.6478664192949907,0.6271551724137931,0.6699923254029163,0.6478664192949907,1303.0,0.4723809523809524,0.39209486166007906,0.4285097192224622,1265.0,0.6281790437436419,0.7685127566894835,0.6912958298348727,1607.0,0.4915514592933948,0.36199095022624433,0.4169381107491857,884.0,0.577979837912631,0.0,0.6351057521249259,XG,worst
0.6349080846016999,9,0.7706610214670219,0.4042696545699048,0.04787444757241906,10,250,0.000528691227310329,0.5793635105752125,0.6539168812063259,0.6278248587570622,0.6822716807367614,0.6539168812063259,1303.0,0.4812623274161736,0.3857707509881423,0.42825800789820095,1265.0,0.6262061960385983,0.7672682016179216,0.6895973154362416,1607.0,0.4863636363636364,0.36312217194570134,0.41580310880829013,884.0,0.5793635105752125,0.0,0.6349080846016999,XG,worst
0.6349080846016999,12,0.7472353913947625,0.14485406063257147,0.05826117053822205,10,350,0.0009604239254100101,0.5744218224945642,0.6490509862299962,0.630057803468208,0.6692248656945511,0.6490509862299962,1303.0,0.46088595664467485,0.3865612648221344,0.4204643164230438,1265.0,0.632183908045977,0.7529558182949595,0.687304742970747,1607.0,0.4785714285714286,0.37895927601809953,0.42297979797979796,884.0,0.5744218224945642,0.0,0.6349080846016999,XG,worst
0.6345127495552481,20,0.8300128661151678,0.06737772461132757,0.0381206752416391,10,300,0.004427819451368208,0.5760031626803717,0.6509919177075679,0.6243833685694151,0.6799693016116654,0.6509919177075679,1303.0,0.4673913043478261,0.3739130434782609,0.41545893719806765,1265.0,0.630524152106886,0.7635345364032359,0.690683929074022,1607.0,0.4809384164222874,0.37104072398190047,0.41890166028097064,884.0,0.5760031626803717,0.0,0.6345127495552481,XG,worst
0.6341174145087962,16,0.8988019050770002,0.14637350059991952,0.04471834357814041,10,250,0.02535822032914207,0.5744218224945642,0.649264705882353,0.6231474947071277,0.6776669224865695,0.649264705882353,1303.0,0.46791707798617965,0.37470355731225297,0.4161545215100966,1265.0,0.629706034038164,0.7598008711885501,0.688663282571912,1607.0,0.4753623188405797,0.37104072398190047,0.4167725540025413,884.0,0.5744218224945642,0.0,0.6341174145087962,XG,worst
0.6341174145087962,12,0.8339003286422934,0.12318713669982177,0.051389184703921786,10,250,0.0012836482626368577,0.574817157541016,0.6515769944341373,0.6307471264367817,0.6738296239447429,0.6515769944341373,1303.0,0.4645222327341533,0.38814229249011856,0.42291128337639966,1265.0,0.6264189886480909,0.7554449284380834,0.6849083215796897,1607.0,0.4836309523809524,0.36764705882352944,0.41773778920308485,884.0,0.574817157541016,0.0,0.6341174145087962,XG,worst
0.6341174145087962,14,0.843089586390222,0.14810385824379907,0.05572336815633307,10,250,0.01779247665373777,0.5754101601106938,0.6494845360824743,0.6242038216560509,0.6768994627782041,0.6494845360824743,1303.0,0.4684772065955383,0.38181818181818183,0.42073170731707316,1265.0,0.630524152106886,0.7635345364032359,0.690683929074022,1607.0,0.476831091180867,0.3608597285067873,0.41081777205408887,884.0,0.5754101601106938,0.0,0.6341174145087962,XG,worst
0.6339197469855703,15,0.7997235536311892,0.17791586244733404,0.054529770953110075,10,250,1.1616367614719239,0.5734334848784345,0.6484490398818316,0.6249110320284698,0.6738296239447429,0.6484490398818316,1303.0,0.4701857282502444,0.38023715415019765,0.42045454545454547,1265.0,0.628158844765343,0.7579340385812072,0.6869712351945855,1607.0,0.4682080924855491,0.3665158371040724,0.41116751269035534,884.0,0.5734334848784345,0.0,0.6339197469855703,XG,worst
0.6339197469855703,13,0.7022151753743483,0.02393288157280935,0.06176579172448681,10,200,0.1261772080628334,0.5734334848784345,0.6506113375324194,0.6289398280802292,0.6738296239447429,0.6506113375324194,1303.0,0.4605647517039922,0.3739130434782609,0.41273996509598604,1265.0,0.6288659793814433,0.7591785936527692,0.6879052720608966,1607.0,0.47413793103448276,0.3733031674208145,0.4177215189873418,884.0,0.5734334848784345,0.0,0.6339197469855703,XG,worst
0.6339197469855703,10,0.8513172430683308,0.5001599219193728,0.05016412139019837,10,250,0.05387371664634447,0.5775845028661791,0.6516438862209087,0.6282051282051282,0.6768994627782041,0.6516438862209087,1303.0,0.480276134122288,0.3849802371541502,0.42738043001316367,1265.0,0.6219758064516129,0.7678904791537026,0.6872737399053188,1607.0,0.4855403348554033,0.3608597285067873,0.41401687216093447,884.0,0.5775845028661791,0.0,0.6339197469855703,XG,worst
0.6337220794623444,9,0.8279046325709924,0.3147808040845587,0.048437215754625076,10,250,0.0029378767858728515,0.5760031626803717,0.6492262343404569,0.6243798724309001,0.6761320030698388,0.6492262343404569,1303.0,0.47041707080504364,0.383399209486166,0.42247386759581884,1265.0,0.6269113149847095,0.7654013690105788,0.6892687027178481,1607.0,0.4854961832061069,0.3597285067873303,0.41325536062378165,884.0,0.5760031626803717,0.0,0.6337220794623444,XG,worst
0.6335244119391183,15,0.9294876850380959,0.09454782138109614,0.04877222257705331,10,300,0.03577361757852823,0.5756078276339197,0.6486085343228201,0.6278735632183908,0.6707597851112816,0.6486085343228201,1303.0,0.45857418111753373,0.37628458498023715,0.4133738601823708,1265.0,0.6298200514138818,0.7622899813316739,0.6897522522522522,1607.0,0.4926900584795322,0.38122171945701355,0.4298469387755102,884.0,0.5756078276339197,0.0,0.6335244119391183,XG,worst
0.6335244119391183,9,0.8220722264909669,0.3679530252683225,0.047342298513149535,10,300,0.08963937971104738,0.5752124925874679,0.6467110125646711,0.6236635780470421,0.671527244819647,0.6467110125646711,1303.0,0.47394296951819076,0.38102766798418974,0.4224364592462752,1265.0,0.6278118609406953,0.7641568139390168,0.6893067639629525,1607.0,0.47584187408491946,0.36764705882352944,0.4148053605615826,884.0,0.5752124925874679,0.0,0.6335244119391183,XG,worst
0.6335244119391183,16,0.8180398798851916,0.13194743555275265,0.04664488418241851,10,250,0.00047016167076515195,0.5736311524016604,0.6528650646950093,0.6298145506419401,0.6776669224865695,0.6528650646950093,1303.0,0.4658203125,0.37707509881422924,0.4167758846657929,1265.0,0.625,0.7560672059738643,0.6843142776682625,1607.0,0.4746008708272859,0.36990950226244346,0.4157660521296885,884.0,0.5736311524016604,0.0,0.6335244119391183,XG,worst
0.6335244119391183,10,0.8048736380892654,0.22617653276904648,0.04727071645690041,10,200,0.009817463242473132,0.5740264874481122,0.6472539624032436,0.6226950354609929,0.6738296239447429,0.6472539624032436,1303.0,0.47116324535679377,0.38102766798418974,0.42132867132867136,1265.0,0.626401630988787,0.7647790914747977,0.688708321658728,1607.0,0.4743975903614458,0.3563348416289593,0.4069767441860465,884.0,0.5740264874481122,0.0,0.6335244119391183,XG,worst
0.6333267444158924,13,0.8408544653873804,0.11745419968208828,0.0478244097354055,10,250,0.0005870904663569234,0.5760031626803717,0.6474926253687315,0.6231369765791341,0.6738296239447429,0.6474926253687315,1303.0,0.46923076923076923,0.3857707509881423,0.4234273318872017,1265.0,0.6290739782721159,0.7566894835096453,0.6870056497175141,1607.0,0.49039881831610044,0.3755656108597285,0.42536835361947467,884.0,0.5760031626803717,0.0,0.6333267444158924,XG,worst
0.6333267444158924,13,0.7874778788588831,0.012081256269220799,0.04537831811206832,10,250,0.15003437626928945,0.5736311524016604,0.6441920117259069,0.6164095371669004,0.6745970836531082,0.6441920117259069,1303.0,0.46993987975951906,0.3707509881422925,0.414494034467521,1265.0,0.6317135549872123,0.7685127566894835,0.6934306569343066,1607.0,0.46911764705882353,0.3608597285067873,0.4079283887468031,884.0,0.5736311524016604,0.0,0.6333267444158924,XG,worst
0.6331290768926665,12,0.8422907490043215,0.08762541961105315,0.033232315407867696,9,300,0.006882167407855637,0.5760031626803717,0.6507352941176471,0.6245589273112209,0.6792018419033001,0.6507352941176471,1303.0,0.4652777777777778,0.3707509881422925,0.4126704795424549,1265.0,0.6261352169525731,0.7722464219041693,0.6915575369183616,1607.0,0.4892638036809816,0.3608597285067873,0.4153645833333333,884.0,0.5760031626803717,0.0,0.6331290768926665,XG,worst
0.6331290768926665,16,0.7877143057895639,0.06363486637965791,0.044829072810328253,8,450,0.001541103142147398,0.5730381498319826,0.6554128440366972,0.6279887482419128,0.6853415195702226,0.6554128440366972,1303.0,0.458984375,0.3715415019762846,0.4106596767147226,1265.0,0.6247433264887063,0.7573117610454263,0.6846694796061885,1607.0,0.47969924812030074,0.3608597285067873,0.4118786313750807,884.0,0.5730381498319826,0.0,0.6331290768926665,XG,worst
0.6325360743229888,16,0.8688255219296406,0.13423578583824375,0.03436385224883659,10,250,0.012115141309494835,0.574817157541016,0.6450662739322534,0.6199575371549894,0.6722947045280123,0.6450662739322534,1303.0,0.4747983870967742,0.3723320158102767,0.41736818785999114,1265.0,0.6267748478701826,0.7691350342252644,0.6906957250628667,1607.0,0.47653958944281527,0.36764705882352944,0.41507024265644954,884.0,0.574817157541016,0.0,0.6325360743229888,XG,worst
0.6323384067997628,13,0.7482990736353486,0.05543980077690969,0.04066439785976695,10,250,0.026870538040994017,0.5762008302035976,0.6472539624032436,0.6226950354609929,0.6738296239447429,0.6472539624032436,1303.0,0.47134387351778656,0.37707509881422924,0.4189723320158103,1265.0,0.628498727735369,0.7685127566894835,0.6914893617021277,1607.0,0.4836309523809524,0.36764705882352944,0.41773778920308485,884.0,0.5762008302035976,0.0,0.6323384067997628,XG,worst
0.6323384067997628,6,0.8134467356449014,0.6618344588378106,0.05977576207287898,10,300,0.03141468503718297,0.5752124925874679,0.6507000736919676,0.625797306874557,0.6776669224865695,0.6507000736919676,1303.0,0.47087857847976305,0.37707509881422924,0.41878841088674273,1265.0,0.6224233283056813,0.7703795892968264,0.6885428253615128,1607.0,0.48297213622291024,0.35294117647058826,0.40784313725490196,884.0,0.5752124925874679,0.0,0.6323384067997628,XG,worst
0.6323384067997628,15,0.7570791791009279,0.01046460420478398,0.04574954228870564,10,250,0.018114210187770582,0.5758054951571456,0.6470804260007345,0.6204225352112676,0.6761320030698388,0.6470804260007345,1303.0,0.46168958742632615,0.3715415019762846,0.4117389399912396,1265.0,0.6306027820710973,0.761667703795893,0.6899661781285231,1607.0,0.4970588235294118,0.38235294117647056,0.4322250639386189,884.0,0.5758054951571456,0.0,0.6323384067997628,XG,worst
0.6323384067997628,15,0.7172541576657018,0.17249168081989316,0.0388271248913316,10,350,0.0035023264418981652,0.5724451472623048,0.6456114579507896,0.6190140845070422,0.6745970836531082,0.6456114579507896,1303.0,0.4616132167152575,0.37549407114624506,0.4141238012205754,1265.0,0.6304347826086957,0.7579340385812072,0.6883300367335405,1607.0,0.4778761061946903,0.3665158371040724,0.4148527528809219,884.0,0.5724451472623048,0.0,0.6323384067997628,XG,worst
0.6323384067997628,15,0.8399427834216475,0.07447903070112126,0.0453965623908843,10,250,0.015468194190922789,0.5769915002965013,0.6460405156537753,0.6211048158640227,0.6730621642363775,0.6460405156537753,1303.0,0.4740518962075848,0.37549407114624506,0.4190560211733569,1265.0,0.6278004073319755,0.7672682016179216,0.6905628675441053,1607.0,0.49045521292217326,0.3778280542986425,0.4268370607028754,884.0,0.5769915002965013,0.0,0.6323384067997628,XG,worst
0.6323384067997628,10,0.8292947713759804,0.3119036537324767,0.04941372286425123,10,250,0.002774036637308037,0.5752124925874679,0.6507000736919676,0.625797306874557,0.6776669224865695,0.6507000736919676,1303.0,0.4722222222222222,0.3897233201581028,0.4270246860112603,1265.0,0.6246138002059732,0.7548226509023024,0.6835728374189912,1607.0,0.48489425981873113,0.36312217194570134,0.4152652005174644,884.0,0.5752124925874679,0.0,0.6323384067997628,XG,worst
0.6323384067997628,13,0.6752333579370426,0.012377749757346384,0.08235692541776583,10,200,1.8392276874025537,0.5692824668906898,0.645825671202648,0.6200564971751412,0.6738296239447429,0.645825671202648,1303.0,0.44664031620553357,0.35731225296442687,0.3970136144049188,1265.0,0.6301867219917012,0.7560672059738643,0.6874115983026874,1607.0,0.47652916073968704,0.37895927601809953,0.42218021424070573,884.0,0.5692824668906898,0.0,0.6323384067997628,XG,worst
0.6323384067997628,14,0.9019065618950918,0.04020747002311233,0.03914956869502737,10,250,0.0020625751985170345,0.5760031626803717,0.6432532347504621,0.6205420827389444,0.6676899462778204,0.6432532347504621,1303.0,0.47368421052631576,0.37707509881422924,0.4198943661971831,1265.0,0.628061224489796,0.7660236465463597,0.6902158676759181,1607.0,0.48695652173913045,0.38009049773755654,0.4269377382465057,884.0,0.5760031626803717,0.0,0.6323384067997628,XG,worst
0.6321407392765369,8,0.8613646071679256,0.38663679678883983,0.053451170093941625,10,200,0.0020232810289081546,0.5758054951571456,0.6491682070240296,0.6262482168330956,0.6738296239447429,0.6491682070240296,1303.0,0.4714975845410628,0.3857707509881423,0.42434782608695654,1265.0,0.6229757085020243,0.7660236465463597,0.6871336868545911,1607.0,0.4891640866873065,0.3574660633484163,0.4130718954248366,884.0,0.5758054951571456,0.0,0.6321407392765369,XG,worst
0.6321407392765369,11,0.7042371367973874,0.4418908219659677,0.04018867949522583,10,300,0.4032066924823522,0.5765961652500494,0.6480733944954128,0.6209563994374121,0.6776669224865695,0.6480733944954128,1303.0,0.4789156626506024,0.37707509881422924,0.421937195931004,1265.0,0.6222444889779559,0.7728686994399502,0.6894254787676936,1607.0,0.4883720930232558,0.3563348416289593,0.41203400915631133,884.0,0.5765961652500494,0.0,0.6321407392765369,XG,worst
0.6321407392765369,12,0.7782427973026964,0.04464501736074868,0.042224679298678444,10,250,0.2787243125982952,0.5754101601106938,0.6492838780756518,0.6225352112676056,0.6784343821949348,0.6492838780756518,1303.0,0.4750499001996008,0.37628458498023715,0.4199382443758271,1265.0,0.6248730964467005,0.7660236465463597,0.6882862734134749,1607.0,0.47976011994003,0.36199095022624433,0.4126370083816892,884.0,0.5754101601106938,0.0,0.6321407392765369,XG,worst
0.6319430717533109,13,0.6922846829087875,0.08637646667886269,0.06692462662755526,10,300,0.015329670753997082,0.5690847993674639,0.647450110864745,0.624376336421953,0.6722947045280123,0.647450110864745,1303.0,0.4470924690181125,0.3707509881422925,0.40535868625756266,1265.0,0.6317991631799164,0.7517112632233977,0.6865586814435919,1607.0,0.46906474820143884,0.36877828054298645,0.4129195693476884,884.0,0.5690847993674639,0.0,0.6319430717533109,XG,worst
0.6319430717533109,15,0.6355292422592367,0.016104448851548,0.02722637205372477,8,400,0.13940397884470374,0.577979837912631,0.653211009174312,0.6258790436005626,0.6830391404451266,0.653211009174312,1303.0,0.47132429614181437,0.35731225296442687,0.4064748201438849,1265.0,0.6185567010309279,0.7840696950840075,0.6915477497255763,1607.0,0.5023400936037441,0.36425339366515835,0.4222950819672131,884.0,0.577979837912631,0.0,0.6319430717533109,XG,worst
0.6319430717533109,11,0.7745812538199282,0.35224661445585065,0.03775381010874904,10,250,0.07138140036402568,0.575014825064242,0.6497237569060773,0.6246458923512748,0.6768994627782041,0.6497237569060773,1303.0,0.47104247104247104,0.3857707509881423,0.42416340721425466,1265.0,0.6250636780438105,0.7635345364032359,0.6873949579831933,1607.0,0.48148148148148145,0.35294117647058826,0.4073107049608355,884.0,0.575014825064242,0.0,0.6319430717533109,XG,worst
0.6319430717533109,14,0.8575313221703155,0.19655275973487257,0.053717118397507015,10,350,0.0024634699241748576,0.5742241549713382,0.6434653831914106,0.6216022889842633,0.6669224865694551,0.6434653831914106,1303.0,0.4642507345739471,0.37470355731225297,0.4146981627296588,1265.0,0.6326424870466322,0.7598008711885501,0.6904156064461408,1607.0,0.4802816901408451,0.38574660633484165,0.42785445420326224,884.0,0.5742241549713382,0.0,0.6319430717533109,XG,worst
0.631745404230085,14,0.8371253953968536,0.050270716481380824,0.041125978911904296,10,250,0.0012571128522019823,0.5756078276339197,0.6478770131771596,0.6193142057382786,0.6792018419033001,0.6478770131771596,1303.0,0.47731755424063116,0.3826086956521739,0.42474769635805176,1265.0,0.6271975180972078,0.7548226509023024,0.6851171985314882,1607.0,0.4838709677419355,0.3733031674208145,0.421455938697318,884.0,0.5756078276339197,0.0,0.631745404230085,XG,worst
0.631547736706859,13,0.8972200229428211,0.1537455123502759,0.04263185399264015,10,250,0.024701346638954003,0.5710614745997232,0.6476894639556378,0.6248216833095578,0.6722947045280123,0.6476894639556378,1303.0,0.4631578947368421,0.3826086956521739,0.41904761904761906,1265.0,0.6264248704663212,0.7523335407591786,0.6836301950805768,1607.0,0.46920821114369504,0.36199095022624433,0.4086845466155811,884.0,0.5710614745997232,0.0,0.631547736706859,XG,worst
0.631547736706859,31,0.7420403256560395,0.024185556929172077,0.014403512753869202,10,500,0.034147443216183425,0.5760031626803717,0.6498722161372764,0.6197771587743732,0.6830391404451266,0.6498722161372764,1303.0,0.47459349593495936,0.3691699604743083,0.41529568697198754,1265.0,0.622,0.7741132545115121,0.689769891876906,1607.0,0.48982785602503914,0.35407239819004527,0.4110308601444517,884.0,0.5760031626803717,0.0,0.631547736706859,XG,worst
0.6313500691836331,17,0.783437323980159,0.010290131839838268,0.052324555031000745,10,300,0.10654128322014422,0.5677011267048824,0.6477523949889462,0.622962437987243,0.6745970836531082,0.6477523949889462,1303.0,0.4502923976608187,0.3652173913043478,0.4033173286774334,1265.0,0.6266804550155118,0.7542003733665215,0.6845523863315448,1607.0,0.4636627906976744,0.3608597285067873,0.405852417302799,884.0,0.5677011267048824,0.0,0.6313500691836331,XG,worst
0.6313500691836331,13,0.9127693935715854,0.1888464965185792,0.0445019705346084,10,250,0.028632095413549156,0.5722474797390789,0.6468842729970327,0.6259870782483847,0.6692248656945511,0.6468842729970327,1303.0,0.4675701839303001,0.38181818181818183,0.42036553524804177,1265.0,0.6236559139784946,0.7579340385812072,0.6842696629213483,1607.0,0.47352941176470587,0.36425339366515835,0.4117647058823529,884.0,0.5722474797390789,0.0,0.6313500691836331,XG,worst
0.6311524016604072,17,0.8262071641929826,0.20241151042358868,0.03147779191701227,10,250,0.0027950999337136542,0.575014825064242,0.6483882919599852,0.6267908309455588,0.671527244819647,0.6483882919599852,1303.0,0.4677734375,0.3786561264822134,0.418523372651813,1265.0,0.62134944612286,0.7678904791537026,0.6868911772891734,1607.0,0.49157733537519144,0.36312217194570134,0.4176968119713728,884.0,0.575014825064242,0.0,0.6311524016604072,XG,worst
0.6311524016604072,17,0.8452617323378243,0.010979415108890405,0.03687518782688557,10,200,0.04204758329481644,0.5773868353429531,0.6504961411245865,0.6241184767277856,0.6792018419033001,0.6504961411245865,1303.0,0.4785276073619632,0.36996047430830037,0.4172982612572448,1265.0,0.6202594810379242,0.7734909769757312,0.6884519523677651,1607.0,0.4931714719271624,0.36764705882352944,0.42125729099157483,884.0,0.5773868353429531,0.0,0.6311524016604072,XG,worst
0.6311524016604072,13,0.8384654302614862,0.09407489997569908,0.03568693046426407,9,300,0.007046934371760363,0.5744218224945642,0.647970479704797,0.6240227434257285,0.6738296239447429,0.647970479704797,1303.0,0.47310756972111556,0.37549407114624506,0.4186866460996034,1265.0,0.6215119228817859,0.7622899813316739,0.6847400782560089,1607.0,0.4844903988183161,0.37104072398190047,0.4202434336963485,884.0,0.5744218224945642,0.0,0.6311524016604072,XG,worst
0.6311524016604072,12,0.7407763120379448,0.1049671821884074,0.06068969060490879,10,300,0.001845696609838445,0.5684917967977862,0.6441307578008916,0.6241900647948164,0.6653875671527245,0.6441307578008916,1303.0,0.4375,0.37628458498023715,0.40458988525286865,1265.0,0.6329647182727751,0.7479775980087119,0.6856816885339418,1607.0,0.48462664714494874,0.3744343891402715,0.42246330567964263,884.0,0.5684917967977862,0.0,0.6311524016604072,XG,worst
0.6311524016604072,14,0.8835852401221715,0.1681822835025971,0.03686803796511609,10,250,0.0012646858382907864,0.5758054951571456,0.6455182589450388,0.6214488636363636,0.671527244819647,0.6455182589450388,1303.0,0.4792490118577075,0.383399209486166,0.42599912165129555,1265.0,0.6243628950050968,0.7622899813316739,0.6864667974222471,1607.0,0.4844903988183161,0.37104072398190047,0.4202434336963485,884.0,0.5758054951571456,0.0,0.6311524016604072,XG,worst
0.6309547341371813,11,0.8128006010759846,0.7288758566399358,0.04208351389104678,10,300,0.00542068812035591,0.577979837912631,0.6492838780756518,0.6225352112676056,0.6784343821949348,0.6492838780756518,1303.0,0.48580121703853957,0.3786561264822134,0.4255886272767659,1265.0,0.618976651763537,0.7753578095830741,0.6883977900552486,1607.0,0.4921875,0.3563348416289593,0.41338582677165353,884.0,0.577979837912631,0.0,0.6309547341371813,XG,worst
0.6307570666139554,15,0.7428097437903677,0.15167375376873912,0.05742565419924283,10,350,0.0002754182614734288,0.5700731369835936,0.6496106785317018,0.6284074605451937,0.6722947045280123,0.6496106785317018,1303.0,0.4547169811320755,0.38102766798418974,0.4146236559139785,1265.0,0.625065002600104,0.7479775980087119,0.6810198300283287,1607.0,0.4750733137829912,0.3665158371040724,0.41379310344827586,884.0,0.5700731369835936,0.0,0.6307570666139554,XG,worst
0.6305593990907294,7,0.6933953089087306,0.14427345480353276,0.09750816741623584,10,200,0.07665727197790402,0.5669104566119787,0.6441808747220164,0.6229390681003584,0.6669224865694551,0.6441808747220164,1303.0,0.45332050048123196,0.3723320158102767,0.4088541666666667,1265.0,0.6289144050104384,0.7498444306160548,0.6840760715299461,1607.0,0.45557122708039494,0.36538461538461536,0.40552416823603266,884.0,0.5669104566119787,0.0,0.6305593990907294,XG,worst
0.6299663965210516,15,0.9156291487049353,0.10180814511649788,0.04052803729077218,10,300,0.008239769119036646,0.5734334848784345,0.6442804428044281,0.6204690831556503,0.6699923254029163,0.6442804428044281,1303.0,0.46392785571142287,0.3660079051383399,0.4091913389306231,1265.0,0.6267281105990783,0.761667703795893,0.6876404494382022,1607.0,0.4864479315263909,0.38574660633484165,0.4302839116719243,884.0,0.5734334848784345,0.0,0.6299663965210516,XG,worst
0.6297687289978257,8,0.8250220142891849,0.5555924670803323,0.06918499764674846,10,250,0.0016745154358013398,0.5716544771694011,0.6509399189089569,0.626241134751773,0.6776669224865695,0.6509399189089569,1303.0,0.45998071359691417,0.37707509881422924,0.4144222415291051,1265.0,0.6191683569979716,0.7598008711885501,0.6823134953897737,1607.0,0.4859375,0.35180995475113125,0.40813648293963256,884.0,0.5716544771694011,0.0,0.6297687289978257,XG,worst
0.6293733939513738,5,0.6589716977738604,0.03246602466441799,0.07125440836848243,5,400,0.0010913738990011015,0.5720498122158529,0.6486885851496121,0.6253561253561254,0.6738296239447429,0.6486885851496121,1303.0,0.45267489711934156,0.34782608695652173,0.39338399642378186,1265.0,0.6169055857637172,0.776602364654636,0.687603305785124,1607.0,0.49696969696969695,0.37104072398190047,0.42487046632124353,884.0,0.5720498122158529,0.0,0.6293733939513738,XG,worst
0.6293733939513738,10,0.7504064102976319,0.29759600936585884,0.07621151032509173,9,400,0.0006341830985088404,0.574817157541016,0.6437546193643755,0.6208125445473984,0.6684574059861857,0.6437546193643755,1303.0,0.46608527131782945,0.38023715415019765,0.4188071397474967,1265.0,0.6254452926208651,0.7647790914747977,0.6881298992161254,1607.0,0.496206373292868,0.36990950226244346,0.423849643551523,884.0,0.574817157541016,0.0,0.6293733939513738,XG,worst
0.6291757264281479,7,0.8725268313518174,0.06027594036899833,0.05740486631407923,6,300,0.00031541382002354604,0.5708638070764973,0.6487283450055289,0.624113475177305,0.6753645433614736,0.6487283450055289,1303.0,0.4502564102564103,0.34703557312252964,0.3919642857142857,1265.0,0.6181549087321164,0.7797137523335408,0.689598238855256,1607.0,0.4884080370942813,0.3574660633484163,0.41280209013716523,884.0,0.5708638070764973,0.0,0.6291757264281479,XG,worst
0.6291757264281479,16,0.7666636917548775,0.07884429309579968,0.03550576021457426,10,300,0.002459765764815824,0.5730381498319826,0.6446159500183756,0.6184767277856136,0.6730621642363775,0.6446159500183756,1303.0,0.47029702970297027,0.37549407114624506,0.4175824175824176,1265.0,0.6251276813074566,0.761667703795893,0.6866760168302946,1607.0,0.4799405646359584,0.36538461538461536,0.41490044958253053,884.0,0.5730381498319826,0.0,0.6291757264281479,XG,worst
0.6291757264281479,8,0.7194081292640261,0.21771649009947894,0.056608206532752725,9,200,0.0007836022772795378,0.5708638070764973,0.6416206261510129,0.6168555240793201,0.6684574059861857,0.6416206261510129,1303.0,0.46215139442231074,0.366798418972332,0.40899074482150727,1265.0,0.6265984654731458,0.7622899813316739,0.6878158338012352,1607.0,0.47674418604651164,0.37104072398190047,0.4173027989821883,884.0,0.5708638070764973,0.0,0.6291757264281479,XG,worst
0.6291757264281479,6,0.6921113457851465,0.019524869218023242,0.07130765819433664,9,150,0.013113279180741932,0.5712591421229491,0.645350973906652,0.6191819464033851,0.6738296239447429,0.645350973906652,1303.0,0.4644268774703557,0.3715415019762846,0.41282389108476064,1265.0,0.6232911392405063,0.7660236465463597,0.6873255164712451,1607.0,0.47553516819571867,0.35180995475113125,0.4044213263979194,884.0,0.5712591421229491,0.0,0.6291757264281479,XG,worst
0.6291757264281479,16,0.795025223186789,0.14383218738156195,0.04258708067968117,10,250,0.00041326562937295643,0.5694801344139158,0.6492838780756518,0.6225352112676056,0.6784343821949348,0.6492838780756518,1303.0,0.464816650148662,0.3707509881422925,0.4124890061565523,1265.0,0.6214285714285714,0.7579340385812072,0.6829268292682927,1607.0,0.4626865671641791,0.3506787330316742,0.398970398970399,884.0,0.5694801344139158,0.0,0.6291757264281479,XG,worst
0.6289780589049219,11,0.6831434559815636,0.12034671290150152,0.048704012539699755,10,200,0.004013315444644662,0.5730381498319826,0.6440927493559072,0.6188118811881188,0.671527244819647,0.6440927493559072,1303.0,0.4678536102868447,0.3739130434782609,0.4156414762741652,1265.0,0.6230847803881512,0.7591785936527692,0.6844319775596073,1607.0,0.4896449704142012,0.3744343891402715,0.42435897435897435,884.0,0.5730381498319826,0.0,0.6289780589049219,XG,worst
0.6289780589049219,10,0.730856775624343,0.01673020268812251,0.06599770401938695,9,250,0.06333067502496569,0.5694801344139158,0.6398226819357222,0.6168091168091168,0.6646201074443592,0.6398226819357222,1303.0,0.4631268436578171,0.3723320158102767,0.4127957931638913,1265.0,0.62867457452295,0.7585563161169881,0.6875352509870276,1607.0,0.46494992846924177,0.36764705882352944,0.41061276058117496,884.0,0.5694801344139158,0.0,0.6289780589049219,XG,worst
0.6289780589049219,21,0.7548136105776206,0.023108125315838092,0.06311470110345994,10,450,0.0002146849630718137,0.5633524411939118,0.642433234421365,0.6216798277099784,0.6646201074443592,0.642433234421365,1303.0,0.4422348484848485,0.3691699604743083,0.4024127531236536,1265.0,0.6266318537859008,0.7467330429371499,0.6814310051107325,1607.0,0.45611510791366905,0.3585972850678733,0.40151994933502216,884.0,0.5633524411939118,0.0,0.6289780589049219,XG,worst
0.6289780589049219,11,0.7784881278317447,0.01852974185908525,0.0606870264030817,8,300,0.09689894614721023,0.5724451472623048,0.646301067353699,0.620933521923621,0.6738296239447429,0.646301067353699,1303.0,0.4704112337011033,0.3707509881422925,0.4146772767462423,1265.0,0.6230339928970066,0.7641568139390168,0.6864169927333706,1607.0,0.4741506646971935,0.36312217194570134,0.41127482383087766,884.0,0.5724451472623048,0.0,0.6289780589049219,XG,worst
0.628780391381696,10,0.7916701382301897,0.06485405175778292,0.06464019662747841,9,250,0.002079517201866864,0.5708638070764973,0.646539027982327,0.6213729653220099,0.6738296239447429,0.646539027982327,1303.0,0.4594594594594595,0.37628458498023715,0.41373315949587136,1265.0,0.6281851274050962,0.7517112632233977,0.6844192634560906,1607.0,0.4745269286754003,0.36877828054298645,0.41502227880331,884.0,0.5708638070764973,0.0,0.628780391381696,XG,worst
0.628780391381696,16,0.8752541357864699,0.23631914709318755,0.03718562322476803,10,250,0.020985566734394487,0.5734334848784345,0.6411201179071481,0.6165839829907866,0.6676899462778204,0.6411201179071481,1303.0,0.46466602129719264,0.3794466403162055,0.4177545691906005,1265.0,0.6265854895991883,0.7685127566894835,0.6903297931805478,1607.0,0.4906832298136646,0.3574660633484163,0.41361256544502617,884.0,0.5734334848784345,0.0,0.628780391381696,XG,worst
0.628780391381696,11,0.798239382736412,0.03156875450537941,0.07742965531634648,10,200,0.9551181707967007,0.5657244514726231,0.6414814814814814,0.6198997852541159,0.6646201074443592,0.6414814814814814,1303.0,0.4411483253588517,0.36442687747035574,0.3991341991341991,1265.0,0.6292251690067603,0.7529558182949595,0.6855524079320113,1607.0,0.46829971181556196,0.36764705882352944,0.41191381495564006,884.0,0.5657244514726231,0.0,0.628780391381696,XG,worst
0.628780391381696,13,0.8222897063957204,0.0685389572879452,0.03253622216217136,9,250,0.14251955555186285,0.5769915002965013,0.6462436177972283,0.6157053509381515,0.6799693016116654,0.6462436177972283,1303.0,0.47794871794871796,0.3683794466403162,0.4160714285714286,1265.0,0.6216350947158524,0.775980087118855,0.6902850816495987,1607.0,0.5007824726134585,0.36199095022624433,0.42022324359816154,884.0,0.5769915002965013,0.0,0.628780391381696,XG,worst
0.62858272385847,7,0.7744345971645061,0.4083535640887016,0.053249121054176535,10,150,0.0015590504541038246,0.5744218224945642,0.6491035492133187,0.6202797202797202,0.6807367613200307,0.6491035492133187,1303.0,0.4754754754754755,0.37549407114624506,0.4196113074204947,1265.0,0.6199095022624435,0.7672682016179216,0.685761957730812,1607.0,0.48517940717628705,0.35180995475113125,0.4078688524590164,884.0,0.5744218224945642,0.0,0.62858272385847,XG,worst
0.62858272385847,17,0.7199067500548575,0.10419326199816147,0.02712890424778092,10,300,0.010269773463945725,0.5726428147855307,0.6468646864686468,0.6193820224719101,0.6768994627782041,0.6468646864686468,1303.0,0.47017189079878663,0.3675889328063241,0.4125998225377107,1265.0,0.621280887544125,0.7666459240821406,0.6863509749303621,1607.0,0.4796380090497738,0.3597285067873303,0.41111829347123463,884.0,0.5726428147855307,0.0,0.62858272385847,XG,worst
0.62858272385847,16,0.8802823361079392,0.12719173915569384,0.040291264253785194,10,250,0.005925268830651374,0.5708638070764973,0.6422222222222222,0.6206156048675734,0.6653875671527245,0.6422222222222222,1303.0,0.46296296296296297,0.37549407114624506,0.4146660846791794,1265.0,0.6249361267245784,0.761045426260112,0.686307519640853,1607.0,0.47569955817378495,0.36538461538461536,0.4133077415227127,884.0,0.5708638070764973,0.0,0.62858272385847,XG,worst
0.62858272385847,21,0.905154872458281,0.05002217920753511,0.04636636662880771,10,350,0.01774335955216057,0.5714568096461752,0.6474713916574382,0.6237553342816501,0.6730621642363775,0.6474713916574382,1303.0,0.46116504854368934,0.37549407114624506,0.4139433551198257,1265.0,0.6240330067044868,0.7529558182949595,0.6824591088550479,1607.0,0.48099415204678364,0.3721719457013575,0.41964285714285715,884.0,0.5714568096461752,0.0,0.62858272385847,XG,worst
0.6283850563352441,11,0.7600249234278154,0.2760755228336928,0.043535176814621705,10,250,0.0006887230392693765,0.5704684720300455,0.6415373244641537,0.6186742694226657,0.6661550268610897,0.6415373244641537,1303.0,0.4616122840690979,0.38023715415019765,0.41699176419592543,1265.0,0.6248085758039816,0.761667703795893,0.6864834548513741,1607.0,0.4778625954198473,0.35407239819004527,0.40675763482781024,884.0,0.5704684720300455,0.0,0.6283850563352441,XG,worst
0.6279897212887923,13,0.8045613495048326,0.07938754311907181,0.023986278900078536,9,300,0.011513428822676546,0.5738288199248863,0.6503470953598831,0.6206415620641562,0.6830391404451266,0.6503470953598831,1303.0,0.46790890269151136,0.35731225296442687,0.4051994621246078,1265.0,0.6177052423343224,0.777224642190417,0.6883438963901901,1607.0,0.4897959183673469,0.35294117647058826,0.41025641025641024,884.0,0.5738288199248863,0.0,0.6279897212887923,XG,worst
0.6279897212887923,8,0.8516064431979884,0.3723683545280826,0.0450225929859231,10,150,0.005575411971183101,0.5720498122158529,0.6499815973500184,0.6244695898161244,0.6776669224865695,0.6499815973500184,1303.0,0.4757085020242915,0.3715415019762846,0.4172214824678207,1265.0,0.6141575274177468,0.7666459240821406,0.6819817326321617,1607.0,0.47465437788018433,0.3495475113122172,0.4026058631921824,884.0,0.5720498122158529,0.0,0.6279897212887923,XG,worst
0.6277920537655663,12,0.8600775984390623,0.10359166090511891,0.03410215788977398,9,300,0.0046890066538784764,0.5738288199248863,0.6500366837857667,0.6226282501756851,0.6799693016116654,0.6500366837857667,1303.0,0.4674674674674675,0.3691699604743083,0.4125441696113074,1265.0,0.6188318227593153,0.7647790914747977,0.6841079877539661,1607.0,0.4930875576036866,0.36312217194570134,0.41824104234527687,884.0,0.5738288199248863,0.0,0.6277920537655663,XG,worst
0.6277920537655663,8,0.9968583426335019,0.25154073107701147,0.060080524252197565,6,300,0.003179606058082109,0.5708638070764973,0.6470154753131908,0.6222537207654146,0.6738296239447429,0.6470154753131908,1303.0,0.45764462809917356,0.350197628458498,0.3967756381549485,1265.0,0.6153846153846154,0.7815805849408837,0.6885964912280702,1607.0,0.486697965571205,0.35180995475113125,0.40840446487196325,884.0,0.5708638070764973,0.0,0.6277920537655663,XG,worst
0.6273967187191144,14,0.8742762036307303,0.01399850019406202,0.0573635891953343,9,350,0.022289511296643742,0.5680964617513342,0.6456634544106745,0.6243727598566309,0.6684574059861857,0.6456634544106745,1303.0,0.45077220077220076,0.3691699604743083,0.4059104737070839,1265.0,0.6245487364620939,0.7535780958307405,0.6830231246474902,1607.0,0.4716981132075472,0.36764705882352944,0.4132231404958678,884.0,0.5680964617513342,0.0,0.6273967187191144,XG,worst
0.6271990511958885,9,0.6208339370228717,0.014819751247163808,0.06191708791509835,8,350,0.00035706232429189125,0.5690847993674639,0.6496485386607473,0.6271428571428571,0.6738296239447429,0.6496485386607473,1303.0,0.45263157894736844,0.3739130434782609,0.4095238095238095,1265.0,0.6221532091097308,0.7479775980087119,0.6792879344447584,1607.0,0.4780058651026393,0.36877828054298645,0.4163473818646232,884.0,0.5690847993674639,0.0,0.6271990511958885,XG,worst
0.6271990511958885,10,0.9537062450060296,0.16149889840427337,0.0520274935147721,10,200,0.045696682905490886,0.5710614745997232,0.6439422008151167,0.6224928366762178,0.6669224865694551,0.6439422008151167,1303.0,0.46355685131195334,0.37707509881422924,0.41586748038360943,1265.0,0.6206720977596741,0.7585563161169881,0.6827219266311958,1607.0,0.4835820895522388,0.3665158371040724,0.416988416988417,884.0,0.5710614745997232,0.0,0.6271990511958885,XG,worst
0.6270013836726626,11,0.8635428127399322,0.316021464834864,0.029776535748849052,9,250,0.06146401896713389,0.5732358173552086,0.6488465763456609,0.6204481792717087,0.6799693016116654,0.6488465763456609,1303.0,0.470954356846473,0.35889328063241105,0.4073575594436967,1265.0,0.6129666011787819,0.776602364654636,0.6851496019763931,1607.0,0.49445324881141045,0.35294117647058826,0.41188118811881186,884.0,0.5732358173552086,0.0,0.6270013836726626,XG,worst
0.6270013836726626,6,0.8103945347894425,0.7112885897353073,0.04371334445517143,9,200,0.16657602591386575,0.5722474797390789,0.6451849139509337,0.6169467787114846,0.6761320030698388,0.6451849139509337,1303.0,0.4702258726899384,0.36205533596837947,0.4091112103617687,1265.0,0.616593028964163,0.7815805849408837,0.6893523600439078,1607.0,0.4838709677419355,0.3393665158371041,0.39893617021276595,884.0,0.5722474797390789,0.0,0.6270013836726626,XG,worst
0.6270013836726626,12,0.7338941836068328,0.25385977011295446,0.07053345872721936,10,350,0.0005500350154944904,0.568887131844238,0.6428836863619473,0.6231988472622478,0.6638526477359938,0.6428836863619473,1303.0,0.45770676691729323,0.3849802371541502,0.41820523829969947,1265.0,0.6240290005178664,0.7498444306160548,0.681175805539853,1607.0,0.47485207100591714,0.36312217194570134,0.4115384615384615,884.0,0.568887131844238,0.0,0.6270013836726626,XG,worst
0.6268037161494366,6,0.8332389723225387,0.44498816474724073,0.056201243063561085,9,350,0.0010532523639858976,0.5706661395532714,0.6524614254224834,0.6257928118393234,0.681504221028396,0.6524614254224834,1303.0,0.45841584158415843,0.3660079051383399,0.40703296703296704,1265.0,0.6153460381143431,0.7635345364032359,0.6814773673979451,1607.0,0.4858490566037736,0.3495475113122172,0.40657894736842104,884.0,0.5706661395532714,0.0,0.6268037161494366,XG,worst
0.6266060486262107,8,0.8478030185584895,0.03768272663905764,0.05090228633117094,9,200,0.0008117907557449993,0.5706661395532714,0.6440427886388786,0.6200284090909091,0.6699923254029163,0.6440427886388786,1303.0,0.466,0.3683794466403162,0.41147902869757175,1265.0,0.6199596774193549,0.7654013690105788,0.6850459482038429,1607.0,0.4767616191904048,0.3597285067873303,0.41005802707930367,884.0,0.5706661395532714,0.0,0.6266060486262107,XG,worst
0.6266060486262107,6,0.7096424694898286,0.025791852129816457,0.057403226158538406,9,150,0.2721627732329245,0.5708638070764973,0.643510054844607,0.6145251396648045,0.6753645433614736,0.643510054844607,1303.0,0.4626262626262626,0.36205533596837947,0.4062084257206208,1265.0,0.6217434869739479,0.7722464219041693,0.6888703857896198,1607.0,0.48205928237129486,0.3495475113122172,0.40524590163934426,884.0,0.5708638070764973,0.0,0.6266060486262107,XG,worst
0.6262107135797589,10,0.8889916274784523,0.1174458515178784,0.05079955027287497,9,250,0.03545799766849935,0.5696778019371417,0.6452802359882006,0.6210078069552875,0.671527244819647,0.6452802359882006,1303.0,0.4550898203592814,0.36047430830039523,0.4022937803264226,1265.0,0.6211812627291242,0.7591785936527692,0.6832819938392607,1607.0,0.48391812865497075,0.3744343891402715,0.4221938775510204,884.0,0.5696778019371417,0.0,0.6262107135797589,XG,worst
0.6254200434868551,6,0.7847621605859824,0.26810358787348404,0.03138032610098594,7,300,0.004625485802746218,0.5712591421229491,0.6533139111434815,0.6216216216216216,0.6884113584036838,0.6533139111434815,1303.0,0.452431289640592,0.3383399209486166,0.38715513342379015,1265.0,0.6098981077147017,0.7822028624766646,0.6853871319520175,1607.0,0.5057471264367817,0.34841628959276016,0.4125920964501005,884.0,0.5712591421229491,0.0,0.6254200434868551,XG,worst
0.6248270409171773,6,0.6785994963215456,0.04125897883614327,0.05065167633968429,7,150,0.00011093449663384141,0.5724451472623048,0.6509090909090909,0.6185210780926054,0.6868764389869532,0.6509090909090909,1303.0,0.46789989118607184,0.33992094861660077,0.39377289377289376,1265.0,0.6075525812619503,0.790914747977598,0.687212760205461,1607.0,0.49916805324459235,0.3393665158371041,0.40404040404040403,884.0,0.5724451472623048,0.0,0.6248270409171773,XG,worst
0.6242340383474995,4,0.757878398904021,0.8515374245674397,0.0901275286335964,10,250,0.0001590737845013325,0.568887131844238,0.6475349521707138,0.6219081272084805,0.6753645433614736,0.6475349521707138,1303.0,0.4607645875251509,0.36205533596837947,0.40548915449313855,1265.0,0.6121332670313276,0.7660236465463597,0.6804864566058596,1607.0,0.4835680751173709,0.3495475113122172,0.4057780695994747,884.0,0.568887131844238,0.0,0.6242340383474995,XG,worst
0.6242340383474995,5,0.76836926867742,1.1718865363196789,0.05225988366891938,9,300,0.2729213823435837,0.5696778019371417,0.6489051094890511,0.6186499652052888,0.6822716807367614,0.6489051094890511,1303.0,0.45729166666666665,0.34703557312252964,0.3946067415730337,1265.0,0.6086956521739131,0.7840696950840075,0.6853413108512374,1607.0,0.4966216216216216,0.332579185520362,0.3983739837398374,884.0,0.5696778019371417,0.0,0.6242340383474995,XG,worst
0.6242340383474995,4,0.6102168406127942,0.5768927591330197,0.044448655854728236,6,400,0.0004286594607649031,0.5710614745997232,0.6528081692195478,0.6219596942321056,0.6868764389869532,0.6528081692195478,1303.0,0.4601092896174863,0.33280632411067196,0.38623853211009174,1265.0,0.60727969348659,0.7890479153702551,0.6863328822733423,1607.0,0.49432739059967584,0.34502262443438914,0.40639573617588276,884.0,0.5710614745997232,0.0,0.6242340383474995,XG,worst
0.6240363708242735,10,0.7645172354428788,0.5361943514235887,0.029725019888356692,10,200,0.0038489785128230708,0.571852144692627,0.6462212486308871,0.6162952646239555,0.6792018419033001,0.6462212486308871,1303.0,0.4786235662148071,0.36284584980237156,0.41276978417266186,1265.0,0.6134786917740337,0.7703795892968264,0.6830344827586207,1607.0,0.48142414860681115,0.35180995475113125,0.4065359477124183,884.0,0.571852144692627,0.0,0.6240363708242735,XG,worst
0.6232457007313699,5,0.6029421763436951,1.5192886898556117,0.05458183655567418,10,250,0.0010150539101268065,0.5736311524016604,0.6501818181818182,0.61782999308915,0.6861089792785878,0.6501818181818182,1303.0,0.4760348583877996,0.34545454545454546,0.40036646816307836,1265.0,0.6083213773314203,0.791537025513379,0.6879394267171444,1607.0,0.49585406301824214,0.3382352941176471,0.4021519838601211,884.0,0.5736311524016604,0.0,0.6232457007313699,XG,worst
0.6216643605455624,6,0.9330097409214797,0.19039762739302193,0.07908711068839765,5,500,0.045898354317059326,0.5635501087171377,0.6472539624032436,0.6226950354609929,0.6738296239447429,0.6472539624032436,1303.0,0.4452191235059761,0.3533596837944664,0.39400617011899514,1265.0,0.6137755102040816,0.7485998755444928,0.6745164003364171,1607.0,0.47153284671532847,0.36538461538461536,0.4117272147864882,884.0,0.5635501087171377,0.0,0.6216643605455624,XG,worst
0.6186993476971734,9,0.7043893044453721,0.014158920260377367,0.03852363424187021,10,100,0.007974543899672067,0.5690847993674639,0.6451144206320377,0.6124137931034482,0.681504221028396,0.6451144206320377,1303.0,0.4725274725274725,0.33992094861660077,0.3954022988505747,1265.0,0.5992402659069326,0.7853142501555694,0.6797737678427148,1607.0,0.5042158516020236,0.3382352941176471,0.4048747461069736,884.0,0.5690847993674639,0.0,0.6186993476971734,XG,worst
0.6179086776042696,4,0.9987728835389589,0.030766918260368228,0.06410086727145549,9,100,0.004695670354814111,0.565922118995849,0.6426982950333581,0.621505376344086,0.6653875671527245,0.6426982950333581,1303.0,0.4579533941236069,0.35731225296442687,0.40142095914742454,1265.0,0.6036256736893679,0.7666459240821406,0.6754385964912281,1607.0,0.49056603773584906,0.35294117647058826,0.4105263157894737,884.0,0.565922118995849,0.0,0.6179086776042696,XG,worst
0.6161296698952362,6,0.9327192038146361,1.0774039649101679,0.02150790797805335,7,300,0.0009039974340149699,0.5637477762403638,0.6449038810301052,0.6114167812929848,0.6822716807367614,0.6449038810301052,1303.0,0.45219347581552305,0.31778656126482213,0.3732590529247911,1265.0,0.5947467166979362,0.7890479153702551,0.6782562182401711,1607.0,0.5017123287671232,0.33144796380090497,0.3991825613079019,884.0,0.5637477762403638,0.0,0.6161296698952362,XG,worst
0.6157343348487844,17,0.8546950824875791,0.2087934508656026,0.016243861443984996,10,200,0.0013342245856270084,0.5667127890887527,0.642883145249363,0.6114958448753463,0.6776669224865695,0.642883145249363,1303.0,0.47345132743362833,0.3383399209486166,0.3946519133241125,1265.0,0.5973472288015159,0.7846919726197884,0.6783216783216783,1607.0,0.49166666666666664,0.333710407239819,0.3975741239892183,884.0,0.5667127890887527,0.0,0.6157343348487844,XG,worst
0.613559992093299,1,0.8090503454356345,2.363275567004493,0.08812827480436985,7,100,1.701244987746344,0.5641431112868156,0.6464427591188154,0.6105047748976807,0.6868764389869532,0.6464427591188154,1303.0,0.46206115515288787,0.32252964426877473,0.37988826815642457,1265.0,0.5902394106813996,0.7977598008711886,0.6784863720560995,1607.0,0.5,0.3042986425339366,0.37834036568213786,884.0,0.5641431112868156,0.0,0.613559992093299,XG,worst
0.6111879818145879,14,0.8830426123265573,0.48198980079473663,0.012659877980845911,8,350,0.0004414255744550056,0.5653291164261712,0.6436865021770682,0.6104611149346181,0.6807367613200307,0.6436865021770682,1303.0,0.4679633867276888,0.3233201581027668,0.38242169237961665,1265.0,0.5877757352941176,0.7958929682638457,0.6761829236056041,1607.0,0.512589928057554,0.3223981900452489,0.3958333333333333,884.0,0.5653291164261712,0.0,0.6111879818145879,XG,worst
0.607827633919747,3,0.7428108939626229,2.2105753178941665,0.08247612062062612,5,500,1.0696436653008754,0.5631547736706859,0.6471438900939985,0.6117566643882434,0.6868764389869532,0.6471438900939985,1303.0,0.46272189349112425,0.3090909090909091,0.3706161137440758,1265.0,0.5801697186243859,0.8083385189794648,0.6755070202808112,1607.0,0.515625,0.2986425339366516,0.37822349570200575,884.0,0.5631547736706859,0.0,0.607827633919747,XG,worst
0.6040719509784542,6,0.7267216279915532,0.020002806870309368,0.011886590506617402,8,200,0.5219168362355253,0.5625617711010081,0.6480886030725259,0.6062834224598931,0.6960859554873369,0.6480886030725259,1303.0,0.4726609963547995,0.3075098814229249,0.3726053639846743,1265.0,0.5756768752774079,0.8070939639079029,0.672020725388601,1607.0,0.5195071868583162,0.2861990950226244,0.3690736688548505,884.0,0.5625617711010081,0.0,0.6040719509784542,XG,worst
0.6036766159320024,6,0.6654142382125593,0.26758316295733475,0.02587527765764357,6,200,0.0007164243938002889,0.5593990907293932,0.6476534296028881,0.6114519427402862,0.6884113584036838,0.6476534296028881,1303.0,0.4669867947178872,0.3075098814229249,0.3708293612964728,1265.0,0.5733924611973392,0.8046048537647791,0.6696012428793371,1607.0,0.498015873015873,0.2839366515837104,0.361671469740634,884.0,0.5593990907293932,0.0,0.6036766159320024,XG,worst
0.5991302628978059,3,0.6555460025146603,4.535992948658325,0.019177735543528366,6,350,0.0003322800037944719,0.5540620676022929,0.6456918126564176,0.6044176706827309,0.6930161166538756,0.6456918126564176,1303.0,0.4531059683313033,0.2940711462450593,0.3566634707574305,1265.0,0.5672413793103448,0.8189172370877411,0.6702317290552585,1607.0,0.5,0.2398190045248869,0.3241590214067278,884.0,0.5540620676022929,0.0,0.5991302628978059,XG,worst
0.598537260328128,4,0.8921970142385063,3.032204137093168,0.019367484853994126,5,400,0.0013626150114960669,0.553864400079067,0.6472909939002511,0.6078167115902965,0.6922486569455104,0.6472909939002511,1303.0,0.44028103044496486,0.2972332015810277,0.3548843794242567,1265.0,0.5701098901098901,0.8070939639079029,0.6682122617207625,1607.0,0.5089686098654709,0.25678733031674206,0.34135338345864663,884.0,0.553864400079067,0.0,0.598537260328128,XG,worst
0.5935955722474797,2,0.6469217015361098,0.029558848477106707,0.02208139877632632,6,150,0.0024839941005472287,0.5534690650326152,0.6447697250981792,0.602803738317757,0.6930161166538756,0.6447697250981792,1303.0,0.462406015037594,0.291699604743083,0.3577314590402327,1265.0,0.5604959384352287,0.8158058494088364,0.6644703497212366,1607.0,0.5117924528301887,0.24547511312217193,0.3318042813455658,884.0,0.5534690650326152,0.0,0.5935955722474797,XG,worst
0.5886538841668314,2,0.8172211840699214,8.89372720569371,0.05017634774685172,10,350,0.6229584493715401,0.544771694010674,0.6414285714285715,0.5998663994655978,0.6891788181120491,0.6414285714285715,1303.0,0.4283950617283951,0.27430830039525694,0.3344578313253012,1265.0,0.5543800253914516,0.8151835718730553,0.6599496221662469,1607.0,0.5167095115681234,0.22737556561085973,0.3157894736842105,884.0,0.544771694010674,0.0,0.5886538841668314,XG,worst
