value,duration,params_auto_class_weights,params_depth,params_iterations,params_l2_leaf_reg,params_learning_rate,params_random_strength,user_attrs_ACC,user_attrs_WF1,Work_precision,Work_recall,Work_f1-score,Work_support,Others_precision,Others_recall,Others_f1-score,Others_support,Home_precision,Home_recall,Home_f1-score,Home_support,Shop_precision,Shop_recall,Shop_f1-score,Shop_support,accuracy,zeroPreds,adj_accuracy,model,option
0.6295710614745997,6,Balanced,5,700,0.38207989761635974,0.1319107801157386,4.923003585436635,0.5516900573235818,0.6388783630162941,0.6309880239520959,0.646968534151957,0.6388783630162941,1303.0,0.43270189431704886,0.3430830039525692,0.38271604938271603,1265.0,0.6509376890502118,0.6695706285003111,0.660122699386503,1607.0,0.4104967197750703,0.49547511312217196,0.4490005125576627,884.0,0.5516900573235818,0.0,0.6295710614745997,CB,worst
0.6271990511958885,5,SqrtBalanced,6,600,9.067659289783176,0.08706830670914657,2.2631406879818057,0.5633524411939118,0.651543324656006,0.6320346320346321,0.6722947045280123,0.651543324656006,1303.0,0.45285087719298245,0.3264822134387352,0.37942122186495175,1265.0,0.6202928870292888,0.7380211574362165,0.6740551292980961,1607.0,0.4416961130742049,0.4242081447963801,0.43277553375649164,884.0,0.5633524411939118,0.0,0.6271990511958885,CB,worst
0.6262107135797589,5,Balanced,5,700,0.5231976981858167,0.0764374054985288,0.4498708582802834,0.5501087171377743,0.6423135464231354,0.6369811320754717,0.6477359938603223,0.6423135464231354,1303.0,0.4349240780911063,0.31699604743083004,0.36671239140374945,1265.0,0.6431510875955321,0.6807716241443684,0.6614268440145102,1607.0,0.3996399639963996,0.502262443438914,0.44511278195488724,884.0,0.5501087171377743,0.0,0.6262107135797589,CB,worst
0.6258153785333069,4,SqrtBalanced,5,600,9.780611670107948,0.11607007606407829,1.7920072023181808,0.559992093299071,0.6388992190405355,0.6197691197691197,0.659247889485802,0.6388992190405355,1303.0,0.4406779661016949,0.32885375494071145,0.3766410140334993,1265.0,0.6309523809523809,0.7255756067205974,0.6749638205499277,1607.0,0.4449489216799092,0.4434389140271493,0.4441926345609065,884.0,0.559992093299071,0.0,0.6258153785333069,CB,worst
0.6258153785333069,7,Balanced,5,600,0.6938181412063635,0.07441692711133624,0.859046061590198,0.5518877248468077,0.6411629686304514,0.6392067124332571,0.6431312356101304,0.6411629686304514,1303.0,0.4506104328523862,0.3209486166007905,0.37488457987072943,1265.0,0.6416765053128689,0.6764156813939017,0.6585883065737655,1607.0,0.3998265394622723,0.5214932126696833,0.452626411389298,884.0,0.5518877248468077,0.0,0.6258153785333069,CB,worst
0.6258153785333069,6,Balanced,6,600,2.633890196618919,0.1260972756429768,4.660563067040441,0.5522830598932595,0.6394865987164968,0.6292719167904903,0.6500383729854182,0.6394865987164968,1303.0,0.44132397191574724,0.34782608695652173,0.3890362511052166,1265.0,0.6454491374182034,0.6751711263223398,0.6599756690997567,1607.0,0.4077294685990338,0.47737556561085975,0.43981240229286084,884.0,0.5522830598932595,0.0,0.6258153785333069,CB,worst
0.6250247084404033,5,SqrtBalanced,5,400,1.1873080795340063,0.09127794697801447,2.611427962316485,0.5633524411939118,0.6476974915761887,0.6323099415204678,0.6638526477359938,0.6476974915761887,1303.0,0.45193370165745855,0.3233201581027668,0.37695852534562213,1265.0,0.6182572614107884,0.7417548226509023,0.6743988684582743,1607.0,0.44755244755244755,0.4343891402714932,0.44087256027554533,884.0,0.5633524411939118,0.0,0.6250247084404033,CB,worst
0.6250247084404033,4,Balanced,7,400,4.298546525034838,0.11469887078410068,1.7656073966757821,0.5497133820913224,0.6415094339622641,0.6310319227913883,0.6523407521105142,0.6415094339622641,1303.0,0.44349680170575695,0.32885375494071145,0.37766681797548796,1265.0,0.6421052631578947,0.6832607342874922,0.6620440156768164,1607.0,0.3919172932330827,0.47171945701357465,0.42813141683778233,884.0,0.5497133820913224,0.0,0.6250247084404033,CB,worst
0.6246293733939514,4,SqrtBalanced,5,600,7.485256057291746,0.13596119849207822,1.1783169042264996,0.5554457402648745,0.6441694788151481,0.6297653958944281,0.659247889485802,0.6441694788151481,1303.0,0.43212435233160623,0.32964426877470354,0.3739910313901345,1265.0,0.6242587601078167,0.7205973864343497,0.6689774696707106,1607.0,0.4297142857142857,0.4253393665158371,0.427515633882888,884.0,0.5554457402648745,0.0,0.6246293733939514,CB,worst
0.6244317058707255,5,SqrtBalanced,6,500,2.273098584182052,0.051945020396141496,1.7285760985344656,0.5613757659616525,0.6458333333333334,0.6267148014440433,0.6661550268610897,0.6458333333333334,1303.0,0.44932432432432434,0.31541501976284586,0.3706456107756619,1265.0,0.6164453524004085,0.7510889856876167,0.6771388499298737,1607.0,0.4420289855072464,0.41402714932126694,0.42757009345794394,884.0,0.5613757659616525,0.0,0.6244317058707255,CB,worst
0.6242340383474995,4,Balanced,6,500,9.957236738580473,0.09440907076978589,1.4814919241668063,0.5493180470448705,0.6435114503816793,0.6400911161731208,0.646968534151957,0.6435114503816793,1303.0,0.44153005464480877,0.3193675889328063,0.3706422018348624,1265.0,0.6344586728754366,0.6782825140012445,0.6556390977443609,1607.0,0.3985572587917042,0.5,0.4435524335173106,884.0,0.5493180470448705,0.0,0.6242340383474995,CB,worst
0.6242340383474995,8,Balanced,6,600,6.154629694565253,0.07138107500658465,0.6619658136178539,0.5477367068590631,0.6403342195214584,0.6338345864661654,0.646968534151957,0.6403342195214584,1303.0,0.4326710816777042,0.3098814229249012,0.3611239060340857,1265.0,0.6418171228887595,0.685749844430616,0.6630565583634176,1607.0,0.3924050632911392,0.49095022624434387,0.43618090452261304,884.0,0.5477367068590631,0.0,0.6242340383474995,CB,worst
0.6242340383474995,2,SqrtBalanced,5,400,6.467511909706146,0.11189779013546441,1.527104640412527,0.5603874283455228,0.6440044826298095,0.6273653566229985,0.6615502686108979,0.6440044826298095,1303.0,0.4440753045404208,0.31699604743083004,0.3699261992619926,1265.0,0.6178442496132027,0.7454884878655881,0.6756909193457417,1607.0,0.44365361803084225,0.4230769230769231,0.43312101910828027,884.0,0.5603874283455228,0.0,0.6242340383474995,CB,worst
0.6240363708242735,8,Balanced,5,700,0.31333203001697985,0.1248806248988415,0.792590530403761,0.5485273769519667,0.6385859345618654,0.6261061946902655,0.6515732924021489,0.6385859345618654,1303.0,0.432661717921527,0.32252964426877473,0.3695652173913043,1265.0,0.6426461901949203,0.6770379589296827,0.6593939393939394,1607.0,0.4029990627928772,0.48642533936651583,0.4407995899538698,884.0,0.5485273769519667,0.0,0.6240363708242735,CB,worst
0.6240363708242735,5,SqrtBalanced,5,600,5.865305674287614,0.1368254705047726,1.6907723979328964,0.5576200830203597,0.6509891750653228,0.6337209302325582,0.6692248656945511,0.6509891750653228,1303.0,0.42947368421052634,0.32252964426877473,0.36839729119638825,1265.0,0.620010643959553,0.7249533291848165,0.6683878370625359,1607.0,0.44028103044496486,0.4253393665158371,0.4326812428078251,884.0,0.5576200830203597,0.0,0.6240363708242735,CB,worst
0.6240363708242735,3,SqrtBalanced,6,400,3.466305474307879,0.04730156631543059,1.2039495953308232,0.5617711010081043,0.6460276016411787,0.6284470246734397,0.6646201074443592,0.6460276016411787,1303.0,0.4454649827784156,0.3067193675889328,0.36329588014981273,1265.0,0.6164034640855833,0.7529558182949595,0.6778711484593838,1607.0,0.4462809917355372,0.4276018099547511,0.43674176776429807,884.0,0.5617711010081043,0.0,0.6240363708242735,CB,worst
0.6238387033010476,6,Balanced,5,800,0.4725742718982447,0.07353460628477497,0.2362541342479192,0.550899387230678,0.6407914764079148,0.6354716981132076,0.6462010744435918,0.6407914764079148,1303.0,0.44073275862068967,0.3233201581027668,0.37300501595987234,1265.0,0.6393152302243211,0.6739265712507778,0.6561647985458952,1607.0,0.4073741007194245,0.5124434389140271,0.45390781563126253,884.0,0.550899387230678,0.0,0.6238387033010476,CB,worst
0.6238387033010476,4,Balanced,5,600,0.6499711650628969,0.06656012837568479,0.003738015705595288,0.5499110496145483,0.6362591031046378,0.6355283307810107,0.6369915579432079,0.6362591031046378,1303.0,0.4434687156970362,0.3193675889328063,0.3713235294117647,1265.0,0.641895845523698,0.6826384567517113,0.6616405307599518,1607.0,0.39805825242718446,0.5101809954751131,0.44719881011403073,884.0,0.5499110496145483,0.0,0.6238387033010476,CB,worst
0.6236410357778217,3,Balanced,5,400,0.3200083910769071,0.24862055547409398,4.547949162015669,0.5510970547539039,0.6338672768878718,0.6300227445034117,0.6377590176515733,0.6338672768878718,1303.0,0.4397705544933078,0.36363636363636365,0.398096062310688,1265.0,0.6481257557436517,0.6670815183571873,0.6574670346519472,1607.0,0.40865384615384615,0.4807692307692308,0.4417879417879418,884.0,0.5510970547539039,0.0,0.6236410357778217,CB,worst
0.6232457007313699,11,Balanced,6,600,0.7345619698826871,0.14157041822613856,1.825741584865044,0.5497133820913224,0.6341278849791903,0.6253731343283582,0.6431312356101304,0.6341278849791903,1303.0,0.44089147286821706,0.35968379446640314,0.39616891597736176,1265.0,0.6430678466076696,0.6782825140012445,0.660205935796487,1607.0,0.4012096774193548,0.4502262443438914,0.42430703624733473,884.0,0.5497133820913224,0.0,0.6232457007313699,CB,worst
0.623048033208144,2,Balanced,7,200,1.3358798941535703,0.1672417549348142,2.945417730354885,0.5497133820913224,0.6384266263237519,0.6293810589112603,0.6477359938603223,0.6384266263237519,1303.0,0.44805876180482684,0.3375494071146245,0.38503155996393146,1265.0,0.6378091872791519,0.6739265712507778,0.6553706505295007,1607.0,0.4001874414245548,0.4830316742081448,0.43772424397744747,884.0,0.5497133820913224,0.0,0.623048033208144,CB,worst
0.623048033208144,2,SqrtBalanced,5,400,7.848123704616241,0.1316060719836799,1.0620260635689887,0.5572247479739079,0.6441947565543071,0.6291148500365764,0.6600153491941673,0.6441947565543071,1303.0,0.4352051835853132,0.3185770750988142,0.36786855317206757,1265.0,0.6211640211640211,0.730553827006845,0.6714326565627681,1607.0,0.4360730593607306,0.4321266968325792,0.4340909090909091,884.0,0.5572247479739079,0.0,0.623048033208144,CB,worst
0.623048033208144,4,SqrtBalanced,6,500,1.0245257647148336,0.057859292671806103,1.0773436262096263,0.5603874283455228,0.6420581655480985,0.6243654822335025,0.6607828089025326,0.6420581655480985,1303.0,0.45200892857142855,0.3201581027667984,0.37482646922720964,1265.0,0.6186309830159548,0.7479775980087119,0.6771830985915493,1607.0,0.43638525564803804,0.415158371040724,0.4255072463768116,884.0,0.5603874283455228,0.0,0.623048033208144,CB,worst
0.623048033208144,7,Balanced,7,600,0.23962776688297951,0.13103991254811634,4.528640825175222,0.5534690650326152,0.6369760479041916,0.6216216216216216,0.6531082118188795,0.6369760479041916,1303.0,0.43626062322946174,0.3652173913043478,0.39759036144578314,1265.0,0.6323529411764706,0.6957062850031114,0.6625185185185185,1607.0,0.4275782155272306,0.417420814479638,0.4224384659416142,884.0,0.5534690650326152,0.0,0.623048033208144,CB,worst
0.6228503656849179,5,Balanced,5,700,0.7844661702653929,0.08991558801044265,0.9477671033629994,0.5481320419055149,0.6378132118451025,0.6311044327573253,0.6446661550268611,0.6378132118451025,1303.0,0.43905070118662354,0.3217391304347826,0.37135036496350365,1265.0,0.6407824540604624,0.672682016179216,0.6563448694596236,1607.0,0.3994614003590664,0.503393665158371,0.44544544544544545,884.0,0.5481320419055149,0.0,0.6228503656849179,CB,worst
0.6228503656849179,10,SqrtBalanced,5,500,8.298913158918914,0.07556599676675436,0.9283267526805762,0.5592014232061673,0.6432311144353029,0.6272793581327498,0.6600153491941673,0.6432311144353029,1303.0,0.4423076923076923,0.3090909090909091,0.36389018147975805,1265.0,0.6172967374417401,0.7417548226509023,0.6738270209157716,1607.0,0.44215349369988544,0.43665158371040724,0.43938531587933977,884.0,0.5592014232061673,0.0,0.6228503656849179,CB,worst
0.622652698161692,6,Balanced,6,800,0.49203277574404236,0.020574238271455183,4.303835200012396,0.5518877248468077,0.6402740768937952,0.6351963746223565,0.6454336147352264,0.6402740768937952,1303.0,0.46228710462287104,0.30039525691699603,0.36415908001916625,1265.0,0.6335048599199543,0.6894835096453018,0.6603098927294399,1607.0,0.39776632302405496,0.5237556561085973,0.4521484375,884.0,0.5518877248468077,0.0,0.622652698161692,CB,worst
0.622652698161692,6,Balanced,4,700,0.928862872138678,0.16618587445756883,3.15778120934368,0.5461553666732556,0.6298131910026687,0.6257575757575757,0.6339217191097467,0.6298131910026687,1303.0,0.4364754098360656,0.3367588932806324,0.38018741633199465,1265.0,0.6493268053855569,0.6602364654635967,0.6547361925331687,1607.0,0.3985828166519043,0.5090497737556561,0.44709388971684055,884.0,0.5461553666732556,0.0,0.622652698161692,CB,worst
0.622652698161692,14,SqrtBalanced,10,400,5.745481564430235,0.0811300267671537,1.703252803408532,0.559794425775845,0.6504604051565378,0.6253541076487252,0.6776669224865695,0.6504604051565378,1303.0,0.4496439471007121,0.3494071146245059,0.3932384341637011,1265.0,0.6126218573627501,0.7429993777224643,0.671541057367829,1607.0,0.43776223776223777,0.35407239819004527,0.391494684177611,884.0,0.559794425775845,0.0,0.622652698161692,CB,worst
0.6224550306384661,5,Balanced,6,600,9.539742630824927,0.12534919991044,4.376262700227954,0.5465507017197074,0.6301369863013698,0.6249056603773585,0.6354566385264774,0.6301369863013698,1303.0,0.4295991778006166,0.33043478260869563,0.3735478105451296,1265.0,0.6496133254015467,0.6795270690728065,0.6642335766423357,1607.0,0.39537037037037037,0.4830316742081448,0.434826883910387,884.0,0.5465507017197074,0.0,0.6224550306384661,CB,worst
0.6224550306384661,8,SqrtBalanced,7,700,9.476400590362038,0.0661793953271808,2.3160920192202767,0.5619687685313303,0.6440551621319418,0.6260869565217392,0.6630851880276285,0.6440551621319418,1303.0,0.45766345123258306,0.3375494071146245,0.3885350318471338,1265.0,0.6168999481596682,0.7405102675793404,0.6730769230769231,1607.0,0.4430844553243574,0.4095022624434389,0.42563198118753676,884.0,0.5619687685313303,0.0,0.6224550306384661,CB,worst
0.6224550306384661,7,Balanced,8,500,1.5370848320154564,0.042948499011743815,1.623259564638429,0.5507017197074521,0.6411411411411412,0.6274797942689199,0.6554105909439755,0.6411411411411412,1303.0,0.45154185022026433,0.3241106719367589,0.37735849056603776,1265.0,0.6364158529580701,0.6894835096453018,0.6618876941457587,1607.0,0.39466158245948524,0.4683257918552036,0.4283497154681842,884.0,0.5507017197074521,0.0,0.6224550306384661,CB,worst
0.6222573631152402,3,SqrtBalanced,5,400,2.836799186816398,0.1487567989016726,2.83161703138115,0.5566317454042301,0.643764002987304,0.6269090909090909,0.6615502686108979,0.643764002987304,1303.0,0.4355697550585729,0.3233201581027668,0.37114337568058076,1265.0,0.6237196765498653,0.7199751088985687,0.6683997689196995,1607.0,0.43595505617977526,0.43891402714932126,0.4374295377677565,884.0,0.5566317454042301,0.0,0.6222573631152402,CB,worst
0.6220596955920142,2,SqrtBalanced,4,400,0.3917766583266354,0.09576993474738384,0.972847214892635,0.5657244514726231,0.6452095808383234,0.6296566837107378,0.6615502686108979,0.6452095808383234,1303.0,0.4541387024608501,0.3209486166007905,0.3761000463177397,1265.0,0.6166150670794633,0.7436216552582452,0.6741889985895627,1607.0,0.46503496503496505,0.4513574660633484,0.4580941446613088,884.0,0.5657244514726231,0.0,0.6220596955920142,CB,worst
0.6220596955920142,3,SqrtBalanced,5,500,6.987325548785233,0.1218429616730514,2.4114295517171453,0.5558410753113263,0.6426696662917135,0.6282991202346041,0.6577129700690714,0.6426696662917135,1303.0,0.43926247288503256,0.3201581027667984,0.37037037037037035,1265.0,0.6168763102725366,0.7324206596141879,0.669701280227596,1607.0,0.43121387283236995,0.42194570135746606,0.4265294453973699,884.0,0.5558410753113263,0.0,0.6220596955920142,CB,worst
0.6218620280687883,3,SqrtBalanced,5,500,4.727565149766445,0.12526180328635828,3.9811721301957768,0.5576200830203597,0.6393996247654784,0.6255506607929515,0.6538756715272448,0.6393996247654784,1303.0,0.4382845188284519,0.3312252964426877,0.3773075191355245,1265.0,0.6240601503759399,0.7230864965774736,0.6699336984721822,1607.0,0.44141069397042093,0.43891402714932126,0.4401588201928531,884.0,0.5576200830203597,0.0,0.6218620280687883,CB,worst
0.6218620280687883,3,SqrtBalanced,5,400,6.62109919053059,0.11030027327472691,1.4775930216872215,0.5613757659616525,0.6440298507462686,0.6267247639796659,0.6623177283192633,0.6440298507462686,1303.0,0.45454545454545453,0.3201581027667984,0.37569573283859,1265.0,0.6168322007318349,0.7342874922215308,0.6704545454545454,1607.0,0.44646924829157175,0.4434389140271493,0.4449489216799092,884.0,0.5613757659616525,0.0,0.6218620280687883,CB,worst
0.6218620280687883,2,SqrtBalanced,5,400,8.923200245886589,0.1023695067432899,1.4323359999533973,0.5603874283455228,0.6454986925663055,0.62882096069869,0.6630851880276285,0.6454986925663055,1303.0,0.44371584699453553,0.3209486166007905,0.3724770642201835,1265.0,0.6176008381351493,0.7336652146857499,0.6706484641638225,1607.0,0.44831591173054586,0.43665158371040724,0.44240687679083096,884.0,0.5603874283455228,0.0,0.6218620280687883,CB,worst
0.6216643605455624,4,SqrtBalanced,5,600,7.563982606195686,0.13548551248173563,0.8103459571836896,0.5556434077881004,0.6416228399699474,0.6284032376747608,0.6554105909439755,0.6416228399699474,1303.0,0.4308176100628931,0.324901185770751,0.3704371338440739,1265.0,0.6197333333333334,0.7230864965774736,0.6674325100516945,1607.0,0.44087256027554533,0.4343891402714932,0.4376068376068376,884.0,0.5556434077881004,0.0,0.6216643605455624,CB,worst
0.6216643605455624,10,SqrtBalanced,8,500,6.53955517094603,0.11078234124339409,1.3075454408893419,0.5562364103577783,0.6423791821561339,0.6229271809661139,0.6630851880276285,0.6423791821561339,1303.0,0.44202180376610506,0.3525691699604743,0.3922603342128408,1265.0,0.618114406779661,0.7261978842563783,0.6678111587982832,1607.0,0.43483870967741933,0.38122171945701355,0.4062688366485835,884.0,0.5562364103577783,0.0,0.6216643605455624,CB,worst
0.6216643605455624,6,Balanced,5,700,0.5322906789074271,0.10396910763008627,0.2915429882321797,0.5493180470448705,0.6308161708619374,0.6269901440485216,0.634689178818112,0.6308161708619374,1303.0,0.43776371308016876,0.32806324110671936,0.37505648441030276,1265.0,0.6426461901949203,0.6770379589296827,0.6593939393939394,1607.0,0.40855323020928114,0.5079185520361991,0.4528492183560262,884.0,0.5493180470448705,0.0,0.6216643605455624,CB,worst
0.6216643605455624,4,Balanced,5,600,1.4746578276654632,0.22585000677760597,4.17839676593059,0.5449693615339,0.6308161708619374,0.6269901440485216,0.634689178818112,0.6308161708619374,1303.0,0.42829457364341084,0.3494071146245059,0.3848498040922943,1265.0,0.6468806783767413,0.6645924082140635,0.6556169429097606,1607.0,0.3973509933774834,0.4751131221719457,0.4327666151468315,884.0,0.5449693615339,0.0,0.6216643605455624,CB,worst
0.6214666930223365,4,SqrtBalanced,6,500,2.628065954507859,0.04976102368864349,1.92631331996971,0.5625617711010081,0.6445356210369265,0.6269956458635704,0.6630851880276285,0.6445356210369265,1303.0,0.45711060948081267,0.3201581027667984,0.37656903765690375,1265.0,0.6135783563042368,0.7479775980087119,0.6741446999439148,1607.0,0.4485645933014354,0.4242081447963801,0.436046511627907,884.0,0.5625617711010081,0.0,0.6214666930223365,CB,worst
0.6214666930223365,3,Balanced,4,600,0.37816597458490664,0.13902567892274081,1.295412074160265,0.5487250444751928,0.6314187904146064,0.6259426847662142,0.6369915579432079,0.6314187904146064,1303.0,0.43251859723698194,0.3217391304347826,0.36899365367180414,1265.0,0.644854253420583,0.6745488487865589,0.6593673965936739,1607.0,0.4095409540954095,0.5147058823529411,0.45614035087719296,884.0,0.5487250444751928,0.0,0.6214666930223365,CB,worst
0.6212690254991104,5,Balanced,5,700,0.16375476546904197,0.11712965071720721,4.880036377328333,0.5483297094287408,0.636259977194983,0.6302710843373494,0.6423637759017652,0.636259977194983,1303.0,0.4342915811088296,0.33438735177865614,0.3778472532380527,1265.0,0.6397626112759643,0.6708151835718731,0.6549210206561361,1607.0,0.40671641791044777,0.49321266968325794,0.4458077709611452,884.0,0.5483297094287408,0.0,0.6212690254991104,CB,worst
0.6212690254991104,4,Balanced,4,800,2.492096077104495,0.08111114414515593,0.5496581530146001,0.5459576991500297,0.6366088631984586,0.6393188854489165,0.6339217191097467,0.6366088631984586,1303.0,0.43626373626373627,0.3138339920948617,0.3650574712643678,1265.0,0.6398330351818724,0.6677037958929682,0.6534713763702802,1607.0,0.3949152542372881,0.5271493212669683,0.45155038759689925,884.0,0.5459576991500297,0.0,0.6212690254991104,CB,worst
0.6212690254991104,6,,6,700,0.558757267762425,0.08917296827615548,2.1343623781101635,0.5619687685313303,0.6491228070175439,0.619678995115143,0.681504221028396,0.6491228070175439,1303.0,0.449685534591195,0.3391304347826087,0.38666065795403337,1265.0,0.6066863323500492,0.7678904791537026,0.6778357594067563,1607.0,0.45768025078369906,0.33031674208144796,0.38370565045992117,884.0,0.5619687685313303,0.0,0.6212690254991104,CB,worst
0.6210713579758845,10,SqrtBalanced,6,800,3.704973556086388,0.10806104139412945,1.2111496495404876,0.5560387428345522,0.6407766990291263,0.624,0.6584804297774367,0.6407766990291263,1303.0,0.43713163064833005,0.35177865612648224,0.38983793254489707,1265.0,0.6251360174102285,0.7149968886123211,0.6670537010159652,1607.0,0.4359903381642512,0.4083710407239819,0.4217289719626168,884.0,0.5560387428345522,0.0,0.6210713579758845,CB,worst
0.6210713579758845,5,SqrtBalanced,6,600,2.199749784940028,0.052750251202595945,1.575174426184379,0.5592014232061673,0.6444610778443114,0.6289262235208181,0.6607828089025326,0.6444610778443114,1303.0,0.44638949671772427,0.32252964426877473,0.3744837081229922,1265.0,0.6147074054893837,0.7386434349719975,0.671000565291125,1607.0,0.4414201183431953,0.42194570135746606,0.43146327356853675,884.0,0.5592014232061673,0.0,0.6210713579758845,CB,worst
0.6210713579758845,4,Balanced,5,500,0.7955062401571455,0.2001626481373252,4.000377949066744,0.5461553666732556,0.6368460955269143,0.6292134831460674,0.6446661550268611,0.6368460955269143,1303.0,0.4315270935960591,0.34624505928853755,0.38421052631578945,1265.0,0.6419161676646706,0.6670815183571873,0.6542569423252975,1607.0,0.397497593840231,0.4671945701357466,0.4295371814872595,884.0,0.5461553666732556,0.0,0.6210713579758845,CB,worst
0.6208736904526586,3,SqrtBalanced,4,500,7.7828625847527615,0.10022239666779699,2.7147038582550995,0.5582130855900376,0.6409295352323838,0.6263736263736264,0.6561780506523408,0.6409295352323838,1303.0,0.4448236632536974,0.3090909090909091,0.36473880597014924,1265.0,0.6153846153846154,0.7367766023646546,0.670631549136222,1607.0,0.44219977553310885,0.4457013574660634,0.443943661971831,884.0,0.5582130855900376,0.0,0.6208736904526586,CB,worst
0.6208736904526586,4,Balanced,5,600,1.9729750118382317,0.11009979853693454,1.8235309928382324,0.5467483692429334,0.6350890488821523,0.6272455089820359,0.6431312356101304,0.6350890488821523,1303.0,0.42857142857142855,0.3201581027667984,0.3665158371040724,1265.0,0.6422182468694096,0.670192906036092,0.6559074299634592,1607.0,0.405086285195277,0.504524886877828,0.44937027707808563,884.0,0.5467483692429334,0.0,0.6208736904526586,CB,worst
0.6208736904526586,4,SqrtBalanced,5,300,7.349767130971363,0.09015488941215125,2.036935815768503,0.559992093299071,0.6468597216998871,0.6342182890855457,0.6600153491941673,0.6468597216998871,1303.0,0.447098976109215,0.31067193675889326,0.3666044776119403,1265.0,0.6130030959752322,0.7392657125077785,0.6702397743300423,1607.0,0.44243792325056436,0.4434389140271493,0.4429378531073446,884.0,0.559992093299071,0.0,0.6208736904526586,CB,worst
0.6208736904526586,5,SqrtBalanced,6,600,4.900360620048748,0.07454543339843112,1.8108652373769496,0.5566317454042301,0.6446832160059282,0.6232091690544412,0.6676899462778204,0.6446832160059282,1303.0,0.43954802259887005,0.3075098814229249,0.36186046511627906,1265.0,0.6178310740354536,0.7373988799004356,0.6723404255319149,1607.0,0.4325581395348837,0.42081447963800905,0.42660550458715596,884.0,0.5566317454042301,0.0,0.6208736904526586,CB,worst
0.6206760229294327,5,Balanced,5,700,0.16979729845229097,0.10208178096504382,3.8618201321286305,0.5489227119984187,0.6344249809596344,0.6296296296296297,0.639293937068304,0.6344249809596344,1303.0,0.43615934627170583,0.3375494071146245,0.3805704099821747,1265.0,0.6386255924170616,0.6708151835718731,0.6543247344461305,1607.0,0.4106641721234799,0.49660633484162897,0.4495647721454173,884.0,0.5489227119984187,0.0,0.6206760229294327,CB,worst
0.6204783554062068,7,Balanced,6,800,1.1361576015968682,0.08040041863888102,0.8360709504502064,0.5475390393358371,0.6425612052730697,0.6309171597633136,0.6546431312356101,0.6425612052730697,1303.0,0.43931795386158473,0.34624505928853755,0.38726790450928383,1265.0,0.6349017272185825,0.6633478531425016,0.6488131466828971,1607.0,0.4005819592628516,0.4671945701357466,0.43133159268929505,884.0,0.5475390393358371,0.0,0.6204783554062068,CB,worst
0.6204783554062068,3,SqrtBalanced,5,500,3.24460062417442,0.2954377807366774,1.9040408175207464,0.5477367068590631,0.6265870052277819,0.6101818181818182,0.6438986953184958,0.6265870052277819,1303.0,0.42803030303030304,0.35731225296442687,0.3894872899612236,1265.0,0.6389684813753582,0.6938394523957685,0.6652744630071599,1607.0,0.41336353340883353,0.41289592760180993,0.41312959818902095,884.0,0.5477367068590631,0.0,0.6204783554062068,CB,worst
0.6204783554062068,4,Balanced,4,600,1.8104342501789956,0.04082253862259682,0.022234066127205243,0.5485273769519667,0.6363636363636364,0.6334600760456274,0.639293937068304,0.6363636363636364,1303.0,0.45292014302741357,0.30039525691699603,0.3612167300380228,1265.0,0.634929906542056,0.6764156813939017,0.6550165712564026,1607.0,0.39815590947191953,0.5373303167420814,0.45739046701974,884.0,0.5485273769519667,0.0,0.6204783554062068,CB,worst
0.6200830203597549,5,SqrtBalanced,7,500,7.695023722011365,0.05566012865168678,1.3994551363466103,0.5603874283455228,0.6426180736333209,0.6233766233766234,0.6630851880276285,0.6426180736333209,1303.0,0.4560622914349277,0.3241106719367589,0.3789279112754159,1265.0,0.6140801644398767,0.7436216552582452,0.6726709822685055,1607.0,0.4420289855072464,0.41402714932126694,0.42757009345794394,884.0,0.5603874283455228,0.0,0.6200830203597549,CB,worst
0.6200830203597549,7,Balanced,7,700,0.3108155692996503,0.018836875269467084,3.691929002029387,0.5501087171377743,0.6421252371916508,0.6351351351351351,0.649270913277053,0.6421252371916508,1303.0,0.4544392523364486,0.3075098814229249,0.3668081093823668,1265.0,0.6278280542986425,0.6907280647168638,0.6577777777777778,1607.0,0.3970988213961922,0.49547511312217196,0.4408656265727227,884.0,0.5501087171377743,0.0,0.6200830203597549,CB,worst
0.619885352836529,2,SqrtBalanced,7,200,0.10684302114032389,0.1583734102722586,4.930481326432264,0.5552480727416486,0.6391288021028915,0.6257352941176471,0.6531082118188795,0.6391288021028915,1303.0,0.44352331606217615,0.3383399209486166,0.38385650224215245,1265.0,0.6160337552742616,0.7268201617921594,0.6668569797316586,1607.0,0.431980906921241,0.4095022624434389,0.42044134727061555,884.0,0.5552480727416486,0.0,0.619885352836529,CB,worst
0.619885352836529,4,Balanced,4,700,0.12935752658412872,0.14470537933549074,4.855607425002737,0.5429926863016407,0.6320213985479557,0.6293759512937596,0.634689178818112,0.6320213985479557,1303.0,0.43478260869565216,0.3241106719367589,0.3713768115942029,1265.0,0.6399276236429433,0.6602364654635967,0.6499234303215926,1607.0,0.3924825174825175,0.5079185520361991,0.4428007889546351,884.0,0.5429926863016407,0.0,0.619885352836529,CB,worst
0.619687685313303,2,SqrtBalanced,5,300,1.2813217265047467,0.15569441424873542,2.6036011433612196,0.556829412927456,0.6378662659654395,0.6247240618101545,0.6515732924021489,0.6378662659654395,1303.0,0.44288793103448276,0.324901185770751,0.3748290013679891,1265.0,0.6197557089750398,0.7261978842563783,0.6687679083094555,1607.0,0.43869516310461193,0.4411764705882353,0.43993231810490696,884.0,0.556829412927456,0.0,0.619687685313303,CB,worst
0.6194900177900771,4,SqrtBalanced,5,600,4.217958901417645,0.20078327107555022,1.1339533411375102,0.5530737299861632,0.6422155688622755,0.6267348429510592,0.6584804297774367,0.6422155688622755,1303.0,0.42757936507936506,0.34071146245059286,0.3792344918609767,1265.0,0.6197718631178707,0.7100186683260734,0.6618329466357309,1607.0,0.43757431629013077,0.416289592760181,0.4266666666666667,884.0,0.5530737299861632,0.0,0.6194900177900771,CB,worst
0.6194900177900771,7,SqrtBalanced,7,700,0.8525282131911542,0.03731395667028037,4.640956343473901,0.5576200830203597,0.6433618445518781,0.6240981240981242,0.6638526477359938,0.6433618445518781,1303.0,0.44820065430752454,0.324901185770751,0.3767186067827681,1265.0,0.6134152585765489,0.7454884878655881,0.6730337078651686,1607.0,0.43212951432129515,0.3925339366515837,0.41138114997036157,884.0,0.5576200830203597,0.0,0.6194900177900771,CB,worst
0.6194900177900771,5,SqrtBalanced,6,600,0.6033424293321835,0.08391715257603151,2.5789482110349216,0.5566317454042301,0.6452565522332964,0.6216216216216216,0.6707597851112816,0.6452565522332964,1303.0,0.44360902255639095,0.3264822134387352,0.3761384335154827,1265.0,0.6178343949044586,0.7243310516490354,0.6668576339157835,1607.0,0.43556085918854415,0.41289592760180993,0.42392566782810687,884.0,0.5566317454042301,0.0,0.6194900177900771,CB,worst
0.6192923502668511,4,Balanced,6,500,2.854704721786564,0.14967000292630336,3.8030281290068153,0.5459576991500297,0.6316187594553706,0.6226696495152871,0.6408288564850345,0.6316187594553706,1303.0,0.4394394394394394,0.34703557312252964,0.3878091872791519,1265.0,0.6402620607504467,0.6689483509645302,0.6542909312233719,1607.0,0.3971153846153846,0.4671945701357466,0.4293139293139293,884.0,0.5459576991500297,0.0,0.6192923502668511,CB,worst
0.6190946827436252,2,Balanced,3,400,0.34487077187840937,0.13112390891363018,3.171540674069239,0.5449693615339,0.6344086021505376,0.6348962336664105,0.6339217191097467,0.6344086021505376,1303.0,0.44495412844036697,0.3067193675889328,0.36312587739822183,1265.0,0.6353361094586556,0.6645924082140635,0.6496350364963503,1607.0,0.3941908713692946,0.5373303167420814,0.4547630445189086,884.0,0.5449693615339,0.0,0.6190946827436252,CB,worst
0.6188970152203993,5,SqrtBalanced,4,300,6.240839917697708,0.11686090727093672,1.3236910764240364,0.5590037556829413,0.6403279910547894,0.6224637681159421,0.659247889485802,0.6403279910547894,1303.0,0.44649021864211735,0.3067193675889328,0.36363636363636365,1265.0,0.6141078838174274,0.7367766023646546,0.6698727015558699,1607.0,0.4501133786848073,0.4490950226244344,0.44960362400906,884.0,0.5590037556829413,0.0,0.6188970152203993,CB,worst
0.6186993476971734,1,Balanced,6,200,0.6675556520558229,0.0617166837259245,3.3855874137580404,0.5445740264874481,0.6413084823126665,0.6357466063348416,0.646968534151957,0.6413084823126665,1303.0,0.4491315136476427,0.28616600790513835,0.349589570255915,1265.0,0.6277330264672036,0.6789047915370255,0.6523168908819134,1607.0,0.3860386879730866,0.5192307692307693,0.44283646888567296,884.0,0.5445740264874481,0.0,0.6186993476971734,CB,worst
0.6186993476971734,3,SqrtBalanced,6,400,9.050688958161311,0.09465599047484495,1.6833482292901314,0.5566317454042301,0.6449925261584455,0.6285506190823015,0.6623177283192633,0.6449925261584455,1303.0,0.44543429844098,0.31620553359683795,0.36985668053629217,1265.0,0.6113129216398547,0.7330429371499689,0.6666666666666666,1607.0,0.4355400696864111,0.4242081447963801,0.4297994269340974,884.0,0.5566317454042301,0.0,0.6186993476971734,CB,worst
0.6186993476971734,5,Balanced,4,700,0.3988531613452988,0.080743530411173,0.4320171100045357,0.544771694010674,0.6348228043143297,0.637277648878577,0.6323867996930161,0.6348228043143297,1303.0,0.43694690265486724,0.31225296442687744,0.36422314430613184,1265.0,0.6346950858496152,0.6670815183571873,0.6504854368932039,1607.0,0.39641943734015345,0.5260180995475113,0.4521147301895965,884.0,0.544771694010674,0.0,0.6186993476971734,CB,worst
0.6185016801739475,2,SqrtBalanced,4,400,0.3838562684271197,0.09757240270480327,2.845350655238942,0.5584107531132635,0.6428571428571429,0.623826714801444,0.6630851880276285,0.6428571428571429,1303.0,0.43557582668187,0.3019762845849802,0.3566760037348273,1265.0,0.615866388308977,0.7342874922215308,0.6698836219131422,1607.0,0.452894438138479,0.4513574660633484,0.4521246458923513,884.0,0.5584107531132635,0.0,0.6185016801739475,CB,worst
0.6183040126507214,8,SqrtBalanced,5,700,8.510790519624983,0.11857085515826382,2.100441469874655,0.5564340778810042,0.6388888888888888,0.6252755326965467,0.6531082118188795,0.6388888888888888,1303.0,0.43854166666666666,0.33280632411067196,0.37842696629213485,1265.0,0.6175682913765399,0.7174859987554449,0.6637881404720783,1607.0,0.44776119402985076,0.4411764705882353,0.4444444444444444,884.0,0.5564340778810042,0.0,0.6183040126507214,CB,worst
0.6183040126507214,2,SqrtBalanced,4,300,0.8932717435007561,0.18235427497173914,3.1898784598548664,0.5552480727416486,0.6332710280373832,0.6173469387755102,0.6500383729854182,0.6332710280373832,1303.0,0.43811610076670315,0.31620553359683795,0.3673094582185491,1265.0,0.6199788583509513,0.7299315494710641,0.670477279222635,1607.0,0.4410430839002268,0.44004524886877827,0.4405436013590034,884.0,0.5552480727416486,0.0,0.6183040126507214,CB,worst
0.6183040126507214,2,Balanced,3,600,0.43644773671261217,0.11531131381953828,4.9883462547224315,0.5416090136390591,0.6328335255670896,0.6340523882896765,0.6316193399846508,0.6328335255670896,1303.0,0.42569832402234636,0.3011857707509881,0.3527777777777778,1265.0,0.6367980884109916,0.6633478531425016,0.6498018896677842,1607.0,0.39429530201342283,0.5316742081447964,0.4527938342967245,884.0,0.5416090136390591,0.0,0.6183040126507214,CB,worst
0.6181063451274955,2,SqrtBalanced,4,400,5.45273221129954,0.08940566198988073,4.790361536822802,0.5590037556829413,0.6445603576751118,0.6263577118030412,0.6638526477359938,0.6445603576751118,1303.0,0.4382284382284382,0.2972332015810277,0.35421573245407445,1265.0,0.6111111111111112,0.746110765401369,0.6718968898851219,1607.0,0.4522144522144522,0.43891402714932126,0.4454649827784156,884.0,0.5590037556829413,0.0,0.6181063451274955,CB,worst
0.6181063451274955,5,SqrtBalanced,7,500,1.5762021476111145,0.040791896405120424,1.774073790753972,0.5564340778810042,0.643652561247216,0.6232925952552121,0.6653875671527245,0.643652561247216,1303.0,0.44506726457399104,0.3138339920948617,0.36810384793694945,1265.0,0.6114227434982152,0.746110765401369,0.672085201793722,1607.0,0.43190184049079755,0.39819004524886875,0.41436138905238373,884.0,0.5564340778810042,0.0,0.6181063451274955,CB,worst
0.6179086776042696,3,SqrtBalanced,5,500,1.771376403087995,0.22816979181035996,1.3899755351191854,0.5505040521842262,0.6328154604016673,0.625,0.6408288564850345,0.6328154604016673,1303.0,0.4264705882352941,0.366798418972332,0.3943901402464938,1265.0,0.6262626262626263,0.6944617299315494,0.6586013573325464,1607.0,0.43376318874560377,0.41855203619909503,0.4260218767990789,884.0,0.5505040521842262,0.0,0.6179086776042696,CB,worst
0.6179086776042696,3,Balanced,6,400,3.911738822604295,0.06911056430617973,1.965900250782129,0.5441786914409963,0.6329787234042553,0.6267870579382995,0.639293937068304,0.6329787234042553,1303.0,0.4407744874715262,0.3059288537549407,0.3611759216052263,1265.0,0.6367370892018779,0.6751711263223398,0.6553911205073996,1607.0,0.3902439024390244,0.5067873303167421,0.4409448818897638,884.0,0.5441786914409963,0.0,0.6179086776042696,CB,worst
0.6175133425578178,5,,6,600,2.0551477854643823,0.15562767458170237,2.218982012513886,0.5536667325558411,0.6418295831796386,0.6178977272727273,0.6676899462778204,0.6418295831796386,1303.0,0.4262626262626263,0.33359683794466405,0.3742793791574279,1265.0,0.6086734693877551,0.7423771001866832,0.6689094477151668,1607.0,0.4507845934379458,0.3574660633484163,0.39873817034700315,884.0,0.5536667325558411,0.0,0.6175133425578178,CB,worst
0.6173156750345918,2,Balanced,5,300,0.2697575900723528,0.10296428213576267,0.40951277236542477,0.5416090136390591,0.6369523809523809,0.632375189107413,0.6415963161933999,0.6369523809523809,1303.0,0.4327354260089686,0.30513833992094863,0.3579044969865554,1265.0,0.6322657176749703,0.6633478531425016,0.6474339508047373,1607.0,0.3899913718723037,0.5113122171945701,0.44248653940283894,884.0,0.5416090136390591,0.0,0.6173156750345918,CB,worst
0.61692033998814,11,,7,700,8.464515262056088,0.084446105527729,2.2513740496888177,0.5615734334848784,0.6524457521147481,0.626412429378531,0.6807367613200307,0.6524457521147481,1303.0,0.43600416233090533,0.3312252964426877,0.37646001796945194,1265.0,0.5974842767295597,0.7685127566894835,0.6722917800762113,1607.0,0.4878048780487805,0.3393665158371041,0.400266844563042,884.0,0.5615734334848784,0.0,0.61692033998814,CB,worst
0.616525004941688,3,SqrtBalanced,5,400,5.248022919596383,0.03329041430062142,0.5955172189762998,0.5593990907293932,0.6450651769087523,0.6266280752532561,0.6646201074443592,0.6450651769087523,1303.0,0.4509132420091324,0.31225296442687744,0.3689864549276039,1265.0,0.6044287871162557,0.747355320472931,0.6683361157484696,1607.0,0.4520884520884521,0.416289592760181,0.4334511189634865,884.0,0.5593990907293932,0.0,0.616525004941688,CB,worst
0.6163273374184621,5,Balanced,7,200,1.2379358547679535,0.18661794363256184,2.9986078547007167,0.5386440007906701,0.6329787234042553,0.6267870579382995,0.639293937068304,0.6329787234042553,1303.0,0.42588726513569936,0.32252964426877473,0.36707152496626183,1265.0,0.6351190476190476,0.6639701306782825,0.6492242166108914,1607.0,0.38186813186813184,0.47171945701357465,0.42206477732793524,884.0,0.5386440007906701,0.0,0.6163273374184621,CB,worst
0.6161296698952362,3,Balanced,6,400,0.10358773347855799,0.024036538190443872,2.354835655606903,0.5481320419055149,0.6368501529051988,0.6344249809596344,0.639293937068304,0.6368501529051988,1303.0,0.4684796044499382,0.29960474308300394,0.36547733847637415,1265.0,0.6225988700564972,0.685749844430616,0.6526502813147764,1607.0,0.39331619537275064,0.5192307692307693,0.4475865431496831,884.0,0.5481320419055149,0.0,0.6161296698952362,CB,worst
0.6155366673255585,8,Balanced,7,400,4.5264554306725415,0.027160930025297833,1.5616786035404338,0.5463530341964815,0.6392380952380953,0.6346444780635401,0.6438986953184958,0.6392380952380953,1303.0,0.4662576687116564,0.30039525691699603,0.36538461538461536,1265.0,0.6220963172804532,0.6832607342874922,0.6512455516014235,1607.0,0.3863439930855661,0.505656108597285,0.4380205781479667,884.0,0.5463530341964815,0.0,0.6155366673255585,CB,worst
0.6153389998023325,4,,5,600,0.5310871846253395,0.06306803826038529,2.0569570650809097,0.562759438624234,0.6444036697247706,0.6174402250351617,0.6738296239447429,0.6444036697247706,1303.0,0.4489337822671156,0.31620553359683795,0.37105751391465674,1265.0,0.5966228893058161,0.791537025513379,0.6803958277614336,1607.0,0.4837133550488599,0.33597285067873306,0.3965287049399199,884.0,0.562759438624234,0.0,0.6153389998023325,CB,worst
0.6149436647558806,3,,5,400,0.6113121610508451,0.07556019669491777,1.0036895463126339,0.5623641035777822,0.6483314998166483,0.6207865168539326,0.6784343821949348,0.6483314998166483,1303.0,0.43798024149286496,0.31541501976284586,0.36672794117647056,1265.0,0.5928872250818905,0.7884256378344742,0.6768162393162394,1607.0,0.5025553662691652,0.333710407239819,0.40108769544527534,884.0,0.5623641035777822,0.0,0.6149436647558806,CB,worst
0.6149436647558806,3,,4,500,0.4639335440954537,0.07152040199204221,3.525886813019095,0.5655267839493971,0.6471019809244314,0.6198172874209417,0.6768994627782041,0.6471019809244314,1303.0,0.45128779395296753,0.3185770750988142,0.37349397590361444,1265.0,0.5918177591817759,0.7921593030491599,0.6774880255455029,1607.0,0.5118243243243243,0.3427601809954751,0.4105691056910569,884.0,0.5655267839493971,0.0,0.6149436647558806,CB,worst
0.6141529946629769,1,Balanced,6,200,1.2908016479137225,0.05140605206566837,4.54600594133354,0.5416090136390591,0.6410060975609756,0.6366389099167298,0.6454336147352264,0.6410060975609756,1303.0,0.4456654456654457,0.2885375494071146,0.3502879078694818,1265.0,0.6200573065902579,0.6733042937149969,0.6455847255369929,1607.0,0.3850085178875639,0.5113122171945701,0.4392614188532556,884.0,0.5416090136390591,0.0,0.6141529946629769,CB,worst
0.613559992093299,4,Balanced,6,600,0.21063861119232244,0.013542446453212257,4.192805737311471,0.5451670290571259,0.6415811478525275,0.6355421686746988,0.6477359938603223,0.6415811478525275,1303.0,0.4593908629441624,0.28616600790513835,0.3526546517291768,1265.0,0.6184284906726965,0.6807716241443684,0.6481042654028436,1607.0,0.3901192504258944,0.5180995475113123,0.44509232264334303,884.0,0.5451670290571259,0.0,0.613559992093299,CB,worst
0.6131646570468472,8,,5,600,4.8559502712585365,0.05932130202126032,4.619689162165814,0.5623641035777822,0.640997433076641,0.6137640449438202,0.6707597851112816,0.640997433076641,1303.0,0.45230078563411896,0.3185770750988142,0.3738404452690167,1265.0,0.5945945945945946,0.7940261356565028,0.6799893418598455,1607.0,0.4882943143812709,0.33031674208144796,0.3940620782726046,884.0,0.5623641035777822,0.0,0.6131646570468472,CB,worst
0.6127693220003954,5,Balanced,8,300,0.591428461810203,0.16044856331813356,1.5279664437263727,0.5451670290571259,0.6269216347956506,0.6129032258064516,0.6415963161933999,0.6269216347956506,1303.0,0.43503368623676614,0.35731225296442687,0.3923611111111111,1265.0,0.625421822272216,0.6919726197884256,0.6570162481536189,1607.0,0.40774487471526194,0.40497737556561086,0.40635641316685583,884.0,0.5451670290571259,0.0,0.6127693220003954,CB,worst
0.6127693220003954,5,SqrtBalanced,6,600,3.9389420238896333,0.015593647912362427,2.4863827198477533,0.5558410753113263,0.6456166419019317,0.6256299496040317,0.6669224865694551,0.6456166419019317,1303.0,0.44803695150115475,0.3067193675889328,0.3641482871891131,1265.0,0.5969488188976378,0.7548226509023024,0.6666666666666666,1607.0,0.4430051813471503,0.38687782805429866,0.41304347826086957,884.0,0.5558410753113263,0.0,0.6127693220003954,CB,worst
0.6125716544771694,23,Balanced,10,600,8.373687475023834,0.008227183732033206,0.9799962856144195,0.542004348685511,0.6378460371634433,0.6304347826086957,0.6454336147352264,0.6378460371634433,1303.0,0.4538653366583541,0.28774703557312253,0.3522012578616352,1265.0,0.6158098396904367,0.6932171748599876,0.6522248243559718,1607.0,0.37971274685816875,0.47850678733031676,0.42342342342342343,884.0,0.542004348685511,0.0,0.6125716544771694,CB,worst
0.6121763194307175,7,SqrtBalanced,7,600,3.031150529090862,0.18051876844453713,1.9653551180062176,0.5443763589642222,0.634164495720134,0.615606936416185,0.6538756715272448,0.634164495720134,1303.0,0.4329501915708812,0.35731225296442687,0.3915114768297964,1265.0,0.6141304347826086,0.7031736154324829,0.6556425877574703,1607.0,0.404551201011378,0.36199095022624433,0.382089552238806,884.0,0.5443763589642222,0.0,0.6121763194307175,CB,worst
0.6117809843842656,7,Balanced,7,700,1.7795264103699604,0.24438924262636358,4.722416576529749,0.5392370033603479,0.6266866566716641,0.6124542124542125,0.6415963161933999,0.6266866566716641,1303.0,0.4205357142857143,0.3723320158102767,0.3949685534591195,1265.0,0.6253602305475504,0.6751711263223398,0.649311789347696,1607.0,0.40047675804529204,0.38009049773755654,0.3900174114915844,884.0,0.5392370033603479,0.0,0.6117809843842656,CB,worst
0.6117809843842656,12,Balanced,8,600,3.3586550112814244,0.17149448500132533,4.393406534116481,0.5435856888713184,0.6310643098909364,0.6187315634218289,0.6438986953184958,0.6310643098909364,1303.0,0.42168674698795183,0.35968379446640314,0.38822525597269625,1265.0,0.6252110298255487,0.6913503422526447,0.6566193853427896,1607.0,0.40731995277449823,0.3902714932126697,0.3986135181975737,884.0,0.5435856888713184,0.0,0.6117809843842656,CB,worst
0.6115833168610397,11,,6,600,5.387671088853622,0.06350865306069765,2.200019658409183,0.5615734334848784,0.6505494505494506,0.6222845129642607,0.681504221028396,0.6505494505494506,1303.0,0.44,0.3130434782608696,0.3658198614318707,1265.0,0.5891181988742964,0.7815805849408837,0.6718373896763841,1607.0,0.5016666666666667,0.3404977375565611,0.4056603773584906,884.0,0.5615734334848784,0.0,0.6115833168610397,CB,worst
0.610990314291362,5,Balanced,8,300,4.45999047147367,0.26709279824870513,4.985284185392419,0.5435856888713184,0.6299625468164795,0.6152158010241404,0.6454336147352264,0.6299625468164795,1303.0,0.42361761949390814,0.35731225296442687,0.3876500857632933,1265.0,0.6299303944315545,0.6757934038581207,0.6520564395076553,1607.0,0.4117647058823529,0.41968325791855204,0.41568627450980394,884.0,0.5435856888713184,0.0,0.610990314291362,CB,worst
0.61059497924491,5,,3,800,1.8007750695803608,0.07500296436829994,4.572858351219993,0.5617711010081043,0.6432748538011696,0.6140963014654571,0.6753645433614736,0.6432748538011696,1303.0,0.4487034949267193,0.31462450592885377,0.36988847583643125,1265.0,0.5925925925925926,0.7865588052271313,0.6759358288770053,1607.0,0.49504950495049505,0.3393665158371041,0.40268456375838924,884.0,0.5617711010081043,0.0,0.61059497924491,CB,worst
0.6084206364894248,2,SqrtBalanced,3,400,1.0813923870571132,0.04523305970315331,0.14297627288783632,0.5522830598932595,0.6385185185185185,0.6170365068002863,0.6615502686108979,0.6385185185185185,1303.0,0.44344904815229563,0.3130434782608696,0.3670064874884152,1265.0,0.597984886649874,0.7386434349719975,0.660913140311804,1607.0,0.4451530612244898,0.3947963800904977,0.4184652278177458,884.0,0.5522830598932595,0.0,0.6084206364894248,CB,worst
0.607629966396521,4,Balanced,5,600,0.7114770894124278,0.00890463724996623,0.6664021622765561,0.5364696580351849,0.6367440091289464,0.6312217194570136,0.6423637759017652,0.6367440091289464,1303.0,0.4480946123521682,0.26956521739130435,0.3366238894373149,1265.0,0.61082910321489,0.6739265712507778,0.6408284023668639,1607.0,0.377814845704754,0.5124434389140271,0.43494959193470956,884.0,0.5364696580351849,0.0,0.607629966396521,CB,worst
0.6052579561178099,2,Balanced,4,300,2.3662743144721383,0.030632715363794045,2.5957211130868916,0.5323186400474402,0.632824427480916,0.6294608959757023,0.6362240982348427,0.632824427480916,1303.0,0.4318181818181818,0.27035573122529644,0.33252309188138063,1265.0,0.6120343839541548,0.6645924082140635,0.6372315035799523,1607.0,0.3767634854771784,0.5135746606334841,0.4346577309717568,884.0,0.5323186400474402,0.0,0.6052579561178099,CB,worst
0.604862621071358,9,SqrtBalanced,8,500,0.7907838358321305,0.006017543816499068,4.160662256358165,0.5469460367661593,0.6448288553551711,0.6195190947666195,0.6722947045280123,0.6448288553551711,1303.0,0.4445812807881773,0.28537549407114626,0.3476167549350024,1265.0,0.5827473042662916,0.7734909769757312,0.6647058823529411,1607.0,0.41,0.3246606334841629,0.36237373737373735,884.0,0.5469460367661593,0.0,0.604862621071358,CB,worst
0.6038742834552283,20,,9,700,6.94753250655044,0.2998465459962472,3.5597662142358875,0.5437833563945443,0.6241709653647752,0.6002834868887313,0.6500383729854182,0.6241709653647752,1303.0,0.43514259429622815,0.3739130434782609,0.40221088435374147,1265.0,0.6050463439752832,0.731176104542626,0.6621583544660468,1607.0,0.4135702746365105,0.2895927601809955,0.3406520292747838,884.0,0.5437833563945443,0.0,0.6038742834552283,CB,worst
0.6009092706068393,7,,9,300,2.3959449308431537,0.20705908360550568,3.5223767038416396,0.5437833563945443,0.6255474452554745,0.5963813500347948,0.6577129700690714,0.6255474452554745,1303.0,0.4267578125,0.34545454545454546,0.381826124945391,1265.0,0.5982991495747874,0.7442439327940261,0.663338879645036,1607.0,0.4357262103505843,0.29524886877828055,0.3519892110586649,884.0,0.5437833563945443,0.0,0.6009092706068393,CB,worst
0.5969559201423206,2,,4,300,0.937715407115638,0.03716967413699551,2.948438641946919,0.5501087171377743,0.6423673763984121,0.6062670299727521,0.6830391404451266,0.6423673763984121,1303.0,0.43680709534368073,0.31146245059288535,0.36363636363636365,1265.0,0.5701519213583557,0.7940261356565028,0.6637191157347204,1607.0,0.49445676274944567,0.252262443438914,0.3340823970037453,884.0,0.5501087171377743,0.0,0.5969559201423206,CB,worst
0.5926072346313501,20,,9,800,0.2586106120360253,0.2433889392658281,2.0830033279866327,0.5331093101403439,0.6161137440758294,0.5868055555555556,0.6485034535686877,0.6161137440758294,1303.0,0.4220716360116166,0.34466403162055337,0.37946040034812883,1265.0,0.595213319458897,0.7118855009334163,0.648342306602437,1607.0,0.40963855421686746,0.3076923076923077,0.35142118863049093,884.0,0.5331093101403439,0.0,0.5926072346313501,CB,worst
