Index,globalInd,opt,timeOpt,locOpt,catOpt,modelOpt,encDim,denom,C,penalty,class_weight,objmean,objsd,meantop5,sdtop5,meanbottom5,sdbottom5,meantime,long5time,bestobj,wf1top5,acctop5
0,1014,0,1dpos,2dpos,5FTE,LR,8.0,2500.0,9944.576616083268,l2,,0.5519114449495948,0.0179554939896563,0.5600316268037161,0.000324800884071,0.5031429136192923,0.0246187738494462,0.0,0.0,0.5605850958687487,0.6355850200626587,0.5078078671674244
120,1134,1,1dpos,2dpos,5FTE,LR,16.0,2500.0,30.44336065982683,l1,balanced,0.5514884364498913,0.0490948921994862,0.5646175133425578,0.000108266961357,0.4438821901561572,0.1156134176577287,0.0,0.0,0.5647361138564934,0.6311146141010083,0.5113263490808461
1,1015,0,1dpos,2dpos,5FTE,LR,8.0,5000.0,63.268927954875295,l2,balanced,0.5526111879818145,0.0165088845989887,0.5593200237201027,0.0007208769531057,0.5100217434275548,0.0283000945758179,0.0,0.0,0.5605850958687487,0.6353000815054479,0.5074520656256177
121,1135,1,1dpos,2dpos,5FTE,LR,16.0,5000.0,6057.220195884261,l1,balanced,0.5518560980430915,0.0501669934588294,0.5647361138564934,0.0,0.441272978849575,0.1176482658687368,0.0,0.0,0.5647361138564934,0.6311005674583511,0.5113263490808461
2,1016,0,1dpos,2dpos,5FTE,LR,8.0,10000.0,2085.061433102176,l2,balanced,0.5490689859656058,0.0241145056898411,0.5595176912433287,0.0003853249395061,0.4782763391974698,0.0093851490901846,0.0,0.0,0.559992093299071,0.6351820515243182,0.5077683336627793
122,1136,1,1dpos,2dpos,5FTE,LR,16.0,10000.0,53.09952674900958,l1,balanced,0.5517019173749753,0.0502095902671492,0.5646965803518482,8.839960377543491e-05,0.4409567108124135,0.1176502419210129,0.0,0.0,0.5647361138564934,0.631142155171309,0.5113263490808461
3,1017,0,1dpos,2dpos,5FTE,LR,16.0,2500.0,10.587182631275711,l2,balanced,0.562644791460763,0.0153960754851908,0.567859260723463,0.0002931883173392,0.528879225143309,0.0361619754656118,0.0,0.0,0.5682941292745602,0.6336426517475383,0.5157541016011069
123,1137,1,1dpos,2dpos,5FTE,LR,24.0,2500.0,0.0225541652522116,l2,balanced,0.5587784147064637,0.0372894406402716,0.5716149436647558,0.0002577269185689,0.4834156948013441,0.093471201201956,0.0,0.0,0.5720498122158529,0.6345930022263169,0.5187191144494959
4,1018,0,1dpos,2dpos,5FTE,LR,16.0,5000.0,226.1109598154488,l2,,0.5592093299070963,0.0371062849760808,0.5675825261909468,0.000108266961357,0.4932595374579957,0.1039961883946468,0.0,0.0,0.5677011267048824,0.633326746704612,0.5156750345918166
124,1138,1,1dpos,2dpos,5FTE,LR,24.0,5000.0,0.2128505877181714,l1,,0.5530262897805891,0.0422925654459172,0.5709428740857876,0.0002651988113263,0.4483890096857086,0.0738726139753797,0.0,0.0,0.5712591421229491,0.6354882427261085,0.5186005139355604
5,1019,0,1dpos,2dpos,5FTE,LR,16.0,10000.0,143.11823958025988,l2,,0.5627950187784146,0.0170752133205565,0.5680569282466891,0.000380221072577,0.5289582921525993,0.0443544516429526,0.0,0.0,0.5686894643210121,0.6338392289903462,0.5161099031429136
125,1139,1,1dpos,2dpos,5FTE,LR,24.0,10000.0,0.014345568137612,l2,,0.5614350662186203,0.0362565133481777,0.5712591421229491,0.0001976675232259,0.4950780786716743,0.0996688969755276,0.0,0.0,0.5714568096461752,0.635482643239259,0.5190749159913026
6,1020,0,1dpos,2dpos,5FTE,LR,24.0,2500.0,1302.2510179682702,l2,balanced,0.5630045463530342,0.0512836750709606,0.5776240363708243,0.0005660336455139,0.4543585688871318,0.1255041369227555,0.0,0.0,0.5785728404823087,0.640016213449397,0.5249258746787903
126,1140,1,1dpos,2dpos,WTE,LR,8.0,2500.0,37.68912973593307,l1,balanced,0.5450128483890098,0.0355098542665493,0.553864400079067,0.0001397720460933,0.4738090531725638,0.091590159284081,0.0,0.0,0.5540620676022929,0.6299675970226476,0.5015220399288396
7,1021,0,1dpos,2dpos,5FTE,LR,24.0,5000.0,1584.399149867478,l2,,0.572180272781182,0.0099055875889992,0.5769519667918561,0.0004921881635891,0.5470251037754498,0.0167753242815147,0.0,0.0,0.5775845028661791,0.640128972719749,0.5244910061276932
8,1022,0,1dpos,2dpos,5FTE,LR,24.0,10000.0,137.32313467856855,l2,,0.5685590037556829,0.0366436244354542,0.5774659023522435,0.0005863766346784,0.5097450088950386,0.1077224891202402,0.0,0.0,0.5783751729590828,0.639634787555631,0.5250049416880807
127,1141,1,1dpos,2dpos,WTE,LR,8.0,5000.0,219.00987501565083,l1,,0.5413085590037557,0.0477466633629415,0.5539434670883574,0.000108266961357,0.4342360150227318,0.1095349570261595,0.0,0.0,0.5540620676022929,0.6296851681214721,0.5017197074520656
9,1023,0,1dpos,2dpos,WTE,LR,8.0,2500.0,125.84239082735414,l2,,0.5474876457797984,0.0473559339411088,0.5592409567108124,0.0005116496977879,0.4579956513144891,0.1278009584307514,0.0,0.0,0.559992093299071,0.6363273725398642,0.5073334651116821
128,1142,1,1dpos,2dpos,WTE,LR,8.0,10000.0,914.267207073322,l1,balanced,0.5451670290571259,0.034445556112024,0.5541016011069381,8.839960377543491e-05,0.4780391381695988,0.0903539091919934,0.0,0.0,0.5542597351255188,0.629733423280493,0.5018383079660012
10,1024,0,1dpos,2dpos,WTE,LR,8.0,5000.0,3305.8669850414703,l2,balanced,0.5539948606443962,0.0146027689416503,0.558964222178296,0.0001653805152271,0.5234236015022732,0.0360587499251631,0.0,0.0,0.5592014232061673,0.6361613829466848,0.5072543981023918
129,1143,1,1dpos,2dpos,WTE,LR,16.0,2500.0,149.48559719532923,l2,balanced,0.5624945641431113,0.0098098129209971,0.564854714370429,0.0001767992075508,0.5475785728404823,0.0294409833949033,0.0,0.0,0.5651314489029452,0.6312792738167301,0.5114844830994268
11,1025,0,1dpos,2dpos,WTE,LR,8.0,10000.0,847.7689623522054,l2,balanced,0.5522988732951176,0.0163331588647488,0.5592014232061672,0.0006703231847326,0.5104170784740066,0.0282392807525842,0.0,0.0,0.5603874283455228,0.6369044329529503,0.507531132634908
130,1144,1,1dpos,2dpos,WTE,LR,16.0,5000.0,31.909278902215988,l1,,0.5604664953548132,0.0132049224542133,0.5646965803518482,8.839960377543491e-05,0.5286024906107927,0.0268629364083914,0.0,0.0,0.5647361138564934,0.6311491397369374,0.5114054160901363
12,1026,0,1dpos,2dpos,WTE,LR,16.0,2500.0,1849.456927149336,l2,balanced,0.5645503063846611,0.0108516652271058,0.5692824668906897,0.0005413348067851,0.5427950187784146,0.0274725858879245,0.0,0.0,0.5700731369835936,0.6329429846800515,0.5170982407590433
131,1145,1,1dpos,2dpos,WTE,LR,16.0,10000.0,335.7156726561933,l1,,0.5597074520656257,0.0164101784858873,0.5646175133425578,0.000108266961357,0.521486459774659,0.0355426324742975,0.0,0.0,0.5647361138564934,0.6310174855103401,0.5114054160901365
13,1027,0,1dpos,2dpos,WTE,LR,16.0,5000.0,211.12290106570632,l2,,0.5607234631350069,0.0194609982120265,0.5692033998813996,0.0005154538371379,0.5092706068392963,0.0292095486822356,0.0,0.0,0.5698754694603677,0.6321992627083227,0.5169005732358174
132,1146,1,1dpos,2dpos,WTE,LR,24.0,2500.0,0.0224846364562353,l2,,0.5557422415497135,0.0398647080047034,0.5713777426368848,0.0005340682382331,0.4647163471041708,0.084390722372012,0.0,0.0,0.5720498122158529,0.6348685158311882,0.5189563154773671
14,1028,0,1dpos,2dpos,WTE,LR,16.0,10000.0,953.7509724892444,l2,,0.5603044079857679,0.0359251192314015,0.5689266653488831,0.000548505116644,0.5017197074520656,0.1049995482424339,0.0,0.0,0.5694801344139158,0.6324072139029913,0.5167819727218819
133,1147,1,1dpos,2dpos,WTE,LR,24.0,5000.0,0.0125132344763531,l2,,0.5602727811820517,0.0240181965483813,0.5710614745997232,0.0005590881843736,0.4951966791856098,0.023195591119564,0.0,0.0,0.571852144692627,0.6355471845106443,0.5191144494959478
134,1148,1,1dpos,2dpos,WTE,LR,24.0,10000.0,0.0144547334642346,l2,balanced,0.55076101996442,0.0605030583506155,0.5714568096461752,0.0,0.3983791263095473,0.110948423049091,0.0,0.0,0.5714568096461752,0.6355638421779057,0.5193911840284641
15,1029,0,1dpos,2dpos,WTE,LR,24.0,2500.0,154.75612820514925,l2,,0.5674283455228306,0.021757684647499,0.5759240956710812,0.0004098921002832,0.5093892073532319,0.0319044812582288,0.14,1.0,0.5765961652500494,0.6391032455342539,0.5233445344929828
135,1149,1,1dpos,2dpos,onehot,LR,8.0,2500.0,12.32065589893222,l1,,0.5372366080253015,0.0564922413145544,0.5538248665744219,8.839960377543491e-05,0.3974303221980628,0.1092542394004874,0.0,0.0,0.553864400079067,0.6297262059973925,0.5016406404427751
16,1030,0,1dpos,2dpos,WTE,LR,24.0,5000.0,9110.0873174669,l2,balanced,0.5682308756671278,0.0190638480391709,0.5763589642221782,0.0003535984151017,0.5173354417869145,0.0279297285573945,0.1,1.0,0.5765961652500494,0.6386893451498765,0.5236608025301442
136,1150,1,1dpos,2dpos,onehot,LR,8.0,5000.0,120.20733939546214,l1,,0.5458746787902747,0.0348718570620672,0.5540225340976478,8.839960377543491e-05,0.4804902154576004,0.094600008998649,0.0,0.0,0.5540620676022929,0.6301440180371699,0.5017197074520656
137,1151,1,1dpos,2dpos,onehot,LR,8.0,10000.0,29.728567643011857,l1,balanced,0.5438861435066219,0.0364636254025482,0.5539434670883574,0.000108266961357,0.4632140739276537,0.0849094875440413,0.0,0.0,0.5540620676022929,0.6296441302455518,0.5017592409567108
17,1031,0,1dpos,2dpos,WTE,LR,24.0,10000.0,913.8002009950404,l1,balanced,0.5627199051195889,0.050762812626019,0.5758450286617909,0.000380221072577,0.4606048626210713,0.1305593167915832,0.14,1.0,0.5763984977268235,0.6387321954374601,0.5235026685115635
138,1152,1,1dpos,2dpos,onehot,LR,16.0,2500.0,76.43736239743146,l2,,0.5535283652895829,0.0403748105740874,0.5647361138564934,0.0001397720460933,0.4594979244910061,0.0876347990674472,0.0,0.0,0.5649337813797193,0.6314099807794973,0.5111682150622653
18,1032,0,1dpos,2dpos,onehot,LR,8.0,2500.0,166.84427863061728,l2,balanced,0.5580154180668115,0.0073329165281762,0.561257165447717,0.000108266961357,0.5397509389207353,0.0126673887042732,0.0,0.0,0.5613757659616525,0.6375311394717784,0.508361336232457
139,1153,1,1dpos,2dpos,onehot,LR,16.0,5000.0,64.99738864194157,l1,balanced,0.5550820320221388,0.0367906234352312,0.5647361138564934,0.0,0.4769717335441787,0.0898545120335803,0.0,0.0,0.5647361138564934,0.6311005674583511,0.5112868155762009
19,1033,0,1dpos,2dpos,onehot,LR,8.0,5000.0,3888.722458520187,l2,balanced,0.5542202016208737,0.0346216209773816,0.5610990314291362,0.0001767992075508,0.4989523621269026,0.1021619308979762,0.0,0.0,0.5613757659616525,0.6375959509787881,0.5082822692231667
140,1154,1,1dpos,2dpos,onehot,LR,16.0,10000.0,128.64298717906132,l2,,0.5628266455821308,0.0069184912481392,0.5647361138564934,0.0,0.5506226526981617,0.0194029578921153,0.0,0.0,0.5647361138564934,0.6312940672731693,0.511524016604072
20,1034,0,1dpos,2dpos,onehot,LR,8.0,10000.0,125.24496351374702,l2,,0.5558054951571456,0.0161319423382105,0.561257165447717,0.000108266961357,0.5150424985174935,0.0294944188399751,0.0,0.0,0.5613757659616525,0.6374058303308221,0.5085194702510377
21,1035,0,1dpos,2dpos,onehot,LR,16.0,2500.0,212.19835900751863,l1,balanced,0.5638070764973315,0.0144964266816244,0.5694801344139158,0.0,0.5243328721091125,0.0179015199986868,0.0,0.0,0.5694801344139158,0.6338625653958723,0.5170982407590433
141,1155,1,1dpos,2dpos,onehot,LR,24.0,2500.0,0.2232627040996152,l1,,0.5538999802332477,0.0424345663846356,0.5709033405811426,0.000324800884071,0.4472820715556434,0.0737807634024703,0.0,0.0,0.5712591421229491,0.6360226359736597,0.5184028464123345
142,1156,1,1dpos,2dpos,onehot,LR,24.0,5000.0,0.022156230141593,l2,balanced,0.5571773077683337,0.038656429694845,0.5715754101601107,0.0002651988113263,0.4743625222375963,0.0879186613295951,0.0,0.0,0.571852144692627,0.6354134051712179,0.5191144494959479
22,1036,0,1dpos,2dpos,onehot,LR,16.0,5000.0,192.502279458888,l1,balanced,0.563063846610002,0.018249239955389,0.5694801344139158,0.0,0.5131844237991697,0.024529257388059,0.0,0.0,0.5694801344139158,0.6337385116929517,0.517256374777624
143,1157,1,1dpos,2dpos,onehot,LR,24.0,10000.0,0.0126165595257363,l2,,0.554192528167622,0.0434090866495597,0.5714568096461752,0.0002420922853116,0.4450286617908678,0.0729056405354289,0.0,0.0,0.571852144692627,0.635678962268382,0.5193121170191737
23,1037,0,1dpos,2dpos,onehot,LR,16.0,10000.0,916.4355357927036,l2,,0.5626803716149437,0.0360098950290871,0.5696382684324967,0.0001653805152271,0.5063846610001976,0.1071488712939193,0.0,0.0,0.5698754694603677,0.6336091852878025,0.517256374777624
144,1158,1,1dpos,elliptic,5FTE,LR,,,397.27392387920975,l2,,0.5446886736509192,0.0094128691902657,0.5482111089148053,0.0002997776415913,0.5216841272978849,0.018550968049129,0.0,0.0,0.5487250444751928,0.6332273115068595,0.5008104368452263
24,1038,0,1dpos,2dpos,onehot,LR,24.0,2500.0,358.20058530979884,l1,,0.571144494959478,0.0201339913321473,0.5779403044079858,0.0002577269185689,0.5179679778612375,0.0318939473602935,0.0,0.0,0.5783751729590828,0.6397398034382891,0.5238584700533703
145,1159,1,1dpos,elliptic,WTE,LR,,,24.20938063923125,l2,balanced,0.5440996244317059,0.0111201226094517,0.547934374382289,0.0001397720460933,0.5178493773473019,0.023490604205059,0.0,0.0,0.5481320419055149,0.6328784460123981,0.500770903340581
25,1039,0,1dpos,2dpos,onehot,LR,24.0,5000.0,216.7475936530056,l1,balanced,0.5681557620083021,0.0399077702996484,0.5780984384265665,0.0001767992075508,0.4866179086776043,0.1012068721834337,0.0,0.0,0.5783751729590828,0.6397415119917642,0.5239770705673058
146,1160,1,1dpos,elliptic,onehot,LR,,,27.68005630073361,l2,balanced,0.5412294919944654,0.032735118649609,0.547934374382289,0.0003423701932335,0.4895038545167029,0.0969810132152626,0.0,0.0,0.5485273769519667,0.6326320766579444,0.5006523028266455
147,1161,1,1dpos,polar,5FTE,LR,,,55.024283146776064,l2,balanced,0.5300731369835937,0.0439653860490554,0.5404230084997035,0.0,0.442340383474995,0.1139449461217828,0.0,0.0,0.5404230084997035,0.6327404422738192,0.4941688080648349
26,1040,0,1dpos,2dpos,onehot,LR,24.0,10000.0,357.98842049387343,l1,balanced,0.5751531923305001,0.0094204192164799,0.5780193714172761,0.0002577269185689,0.5544574026487448,0.0221546409046098,0.0,0.0,0.5783751729590828,0.639649827953658,0.5238980035580154
148,1162,1,1dpos,polar,WTE,LR,,,962.4401656970208,l2,balanced,0.5336074322988733,0.0325152804092021,0.5403834749950583,8.839960377543491e-05,0.4787112077485669,0.0936019278670462,0.0,0.0,0.5404230084997035,0.632729904141583,0.4942478750741254
149,1163,1,1dpos,polar,onehot,LR,,,1973.2329608216032,l2,balanced,0.5355366673255584,0.0145930693555635,0.5402648744811228,8.839960377543491e-05,0.498833761612967,0.0270315668116076,0.0,0.0,0.5404230084997035,0.632474188153721,0.4941688080648349
27,1041,0,1dpos,elliptic,5FTE,LR,,,8418.971564751555,l1,,0.5387705080055346,0.0344261226550677,0.5475390393358371,0.0001976675232259,0.4708045068195295,0.0897987698352539,0.0,0.0,0.5477367068590631,0.6379793901906663,0.5036173156750345
150,1164,1,1dpos,raw,5FTE,LR,,,3.687241315099431,l2,balanced,0.5336825459576992,0.0094188108129823,0.5372603281280884,0.000312539796419,0.5129076892666535,0.0217727883133872,0.0,0.0,0.5376556631745404,0.6296935644533024,0.4912828622257363
151,1165,1,1dpos,raw,WTE,LR,,,2.064731077064277,l2,,0.5299426764182644,0.0317102859718657,0.5374184621466693,0.0001653805152271,0.4753903933583713,0.090350168527206,0.0,0.0,0.5376556631745404,0.6297338713504262,0.4911247282071556
28,1042,0,1dpos,elliptic,WTE,LR,,,15.055669066177517,l1,,0.5412097252421427,0.0332595258013555,0.5498319826052579,0.000108266961357,0.4820715556434078,0.0928447744330468,0.0,0.0,0.5499110496145483,0.6393946032844642,0.5052381893654873
152,1166,1,1dpos,raw,onehot,LR,,,0.1907573848840882,l1,balanced,0.52858272385847,0.0324218826560285,0.5367463925677012,0.000108266961357,0.464123344534493,0.0841172281283907,0.0,0.0,0.5368649930816367,0.6293787017734995,0.4910851947025104
153,1167,1,1dpos,zone,5FTE,LR,,,12.659023946695404,l2,balanced,0.5645226329314094,0.0425267339606212,0.5770705673057916,0.0003307610304542,0.4616722672464914,0.0863221791390913,0.0,0.0,0.5775845028661791,0.636533197796521,0.5223561968768531
29,1043,0,1dpos,elliptic,onehot,LR,,,5572.107884724446,l1,,0.5451907491599131,0.0354581990110819,0.5539434670883574,0.000108266961357,0.4744415892468868,0.0917498248337687,0.0,0.0,0.5540620676022929,0.641674296511338,0.5070171970745206
154,1168,1,1dpos,zone,WTE,LR,,,9933.36576492747,l2,,0.5728365289582922,0.0258787354625085,0.5826843249654081,0.000216533922714,0.5010081043684522,0.0292382942313439,0.0,0.0,0.5829215259932793,0.6386153391418972,0.5282071555643407
30,1044,0,1dpos,polar,5FTE,LR,,,2.4492221374140666,l2,,0.5411464716347104,0.0139338714279514,0.5467483692429334,0.0002420922853116,0.5073729986163273,0.0273683517218827,0.0,0.0,0.5469460367661593,0.6407122344048753,0.5010476378730975
155,1169,1,1dpos,zone,onehot,LR,,,636.7451049031854,l1,balanced,0.5708440403241748,0.0550534487636679,0.5867167424392173,8.839960377543491e-05,0.4398497726823483,0.1151469228256947,0.0,0.0,0.586874876457798,0.6403933996589436,0.5285629571061474
31,1045,0,1dpos,polar,WTE,LR,,,73.13947616026987,l2,balanced,0.5391184028464123,0.0343083304075002,0.5482111089148053,0.000108266961357,0.4717533109310141,0.0899381365798298,0.0,0.0,0.5483297094287408,0.6411122579472306,0.5021545760031627
156,1170,1,cyclic,2dpos,5FTE,LR,8.0,2500.0,0.6079782076380982,l1,,0.5522751531923306,0.0376018553311598,0.5626013046056533,0.0004507513046448,0.4731369835935956,0.092729203985918,0.0,0.0,0.5633524411939118,0.6366577780992835,0.5073729986163273
32,1046,0,1dpos,polar,onehot,LR,,,0.7013432102564311,l2,balanced,0.5380430915200631,0.0356639400679741,0.5476971733544179,0.0001653805152271,0.4604071950978454,0.084771878468205,0.0,0.0,0.547934374382289,0.6391177838188973,0.5018778414706464
157,1171,1,cyclic,2dpos,5FTE,LR,8.0,5000.0,0.0437768009762004,l2,,0.5492152599327931,0.0387248880133202,0.5631943071753311,0.0001653805152271,0.4580351848191342,0.0799529579824619,0.0,0.0,0.5633524411939118,0.6374492548347044,0.5074520656256177
158,1172,1,cyclic,2dpos,5FTE,LR,8.0,10000.0,0.5990690611340339,l1,,0.5526863016406405,0.0363671399642267,0.5627594386242339,0.0002795440921867,0.4780786716742439,0.0918975002075169,0.0,0.0,0.5631547736706859,0.6369057625314392,0.5073334651116821
33,1047,0,1dpos,raw,5FTE,LR,,,277.03541678241703,l1,balanced,0.5279818145878632,0.044487130242173,0.5403834749950583,8.839960377543491e-05,0.4310733346511168,0.1055200635727927,0.0,0.0,0.5404230084997035,0.6376196012240111,0.4965408183435461
159,1173,1,cyclic,2dpos,5FTE,LR,16.0,2500.0,38.295024259828416,l2,,0.5721921328325756,0.0171170674538293,0.5775845028661791,0.0001976675232259,0.5360347894840878,0.0420533648869966,0.0,0.0,0.577782170389405,0.6379373372142703,0.5178098438426566
34,1048,0,1dpos,raw,WTE,LR,,,1937.674044917666,l2,balanced,0.5375924095671082,0.0096547816357435,0.5420438821901562,0.0002931883173392,0.5152401660407195,0.0206893791259603,0.0,0.0,0.5423996837319628,0.6377933047258324,0.4974896224550306
35,1049,0,1dpos,raw,onehot,LR,,,524.6872248825711,l2,,0.541363905910259,0.0099764116158109,0.5447321605060289,0.0001653805152271,0.51852144692627,0.0219950756062442,0.0,0.0,0.5449693615339,0.6400927668891029,0.5001779007709034
160,1174,1,cyclic,2dpos,5FTE,LR,16.0,5000.0,258.3531177717632,l2,,0.5743783356394544,0.008410940710208,0.5773077683336628,0.0001767992075509,0.5569875469460368,0.0209590035706019,0.0,0.0,0.5775845028661791,0.6379633373661557,0.5177307768333662
36,1050,0,1dpos,zone,5FTE,LR,,,103.32305043716178,l1,,0.5612690254991105,0.0549020555043222,0.5800355801541807,0.000108266961357,0.422217829610595,0.0964283283909089,0.0,0.0,0.5801541806681162,0.6389734551829098,0.5248072741648547
161,1175,1,cyclic,2dpos,5FTE,LR,16.0,10000.0,206.19624804693467,l1,,0.5685510970547539,0.0233216992821318,0.577544969361534,0.0001653805152271,0.5052381893654873,0.0291624920232015,0.0,0.0,0.577782170389405,0.6383281677317221,0.5179679778612373
162,1176,1,cyclic,2dpos,5FTE,LR,24.0,2500.0,0.9415167548150344,l1,,0.5701561573433485,0.0394188341821551,0.579679778612374,0.000108266961357,0.4957106147459972,0.1064108187982626,0.0,0.0,0.5797588456216644,0.6425560033017301,0.5239375370626606
37,1051,0,1dpos,zone,WTE,LR,,,1.7938864363710976,l1,balanced,0.570235224352639,0.0403417049228446,0.5841470646372801,0.0003535984151017,0.4810832180272781,0.0919565591905919,0.0,0.0,0.5845028661790868,0.6421205584410398,0.529511761217632
38,1052,0,1dpos,zone,onehot,LR,,,250.77402596873725,l2,,0.5805771891678196,0.0244102367632564,0.5883771496343151,0.0001767992075508,0.5222375963629176,0.0506376202691639,0.0,0.0,0.5884562166436055,0.6421631407203622,0.5306186993476971
163,1177,1,cyclic,2dpos,5FTE,LR,24.0,5000.0,1.507101278740269,l1,balanced,0.5705119588851552,0.0227442773965771,0.579679778612374,0.0001767992075508,0.5084008697371022,0.0269665885551715,0.0,0.0,0.5799565131448903,0.6423509193528142,0.5237398695394346
164,1178,1,cyclic,2dpos,5FTE,LR,24.0,10000.0,1.7489988106211265,l1,,0.5590195690847994,0.0559928871636,0.579916979640245,0.0001653805152271,0.4137181261118798,0.0883210036841354,0.0,0.0,0.5801541806681162,0.641935347053544,0.5237003360347894
39,1053,0,cyclic,2dpos,5FTE,LR,8.0,2500.0,1499.471717216095,l1,,0.5563431508203203,0.0374361924459699,0.5661197865190749,0.0001976675232259,0.4803320814390196,0.0955024660145239,0.0,0.0,0.5663174540423008,0.6414731870621841,0.5107728800158133
165,1179,1,cyclic,2dpos,WTE,LR,8.0,2500.0,0.0472940019205892,l2,balanced,0.5536351057521248,0.0361473531145742,0.562324570073137,0.000324800884071,0.4836924293338605,0.0959634601231847,0.0,0.0,0.562759438624234,0.6366777949866185,0.5066613955327139
40,1054,0,cyclic,2dpos,5FTE,LR,8.0,5000.0,63.067380342713605,l1,,0.5561494366475589,0.0377122672154048,0.5660011860051394,0.0002997776415912,0.4815576200830204,0.0981824158792875,0.0,0.0,0.5663174540423008,0.6414003624551624,0.5107728800158133
166,1180,1,cyclic,2dpos,WTE,LR,8.0,5000.0,0.0553801320178441,l2,,0.5539316070369638,0.0188983355177141,0.5632733741846214,0.0002997776415913,0.5025894445542597,0.0205586578003974,0.0,0.0,0.5637477762403638,0.637538025351715,0.5075706661395534
167,1181,1,cyclic,2dpos,WTE,LR,8.0,10000.0,0.6279710509031092,l1,balanced,0.5511247282071556,0.0367331784687313,0.5634315082032022,0.0004098921002832,0.4743229887329512,0.0890237776773611,0.0,0.0,0.5639454437635897,0.6372623369904641,0.5074520656256177
41,1055,0,cyclic,2dpos,5FTE,LR,8.0,10000.0,5006.226433855694,l1,,0.5548132041905515,0.0389400003780557,0.5661988535283653,0.0003307610304542,0.4677604269618502,0.089475138353112,0.0,0.0,0.5667127890887527,0.6412864376383667,0.5107333465111681
168,1182,1,cyclic,2dpos,WTE,LR,16.0,2500.0,71.67231114614064,l1,balanced,0.5682625024708441,0.0245864360210553,0.5776240363708244,8.839960377543491e-05,0.4993476971733545,0.0264909144427714,0.0,0.0,0.577782170389405,0.6376868439594219,0.5181261118798182
42,1056,0,cyclic,2dpos,5FTE,LR,16.0,2500.0,326.38674973117327,l1,balanced,0.5706345127495553,0.0161610139195831,0.5754101601106938,0.0001397720460933,0.5396718719114448,0.0430544187624591,0.0,0.0,0.5756078276339197,0.6365589867152724,0.5202609211306581
169,1183,1,cyclic,2dpos,WTE,LR,16.0,5000.0,33.938830356707264,l1,,0.5676892666534887,0.0396990858552857,0.5777031033801147,0.0002253756523224,0.489741055544574,0.1041960621117042,0.0,0.0,0.577979837912631,0.6379610016825245,0.5182842458983989
43,1057,0,cyclic,2dpos,5FTE,LR,16.0,5000.0,107.34002914076476,l2,,0.5714568096461751,0.011650583487401,0.5757659616525005,0.000380221072577,0.5451274955524807,0.0262102961789503,0.0,0.0,0.5763984977268235,0.63644013337365,0.5197074520656255
170,1184,1,cyclic,2dpos,WTE,LR,16.0,10000.0,98.31310038902174,l1,balanced,0.5722949199446532,0.0149461319278451,0.5777031033801148,0.0001767992075508,0.5331883771496344,0.0246167898948224,0.0,0.0,0.577979837912631,0.6377693854246546,0.5182051788891086
44,1058,0,cyclic,2dpos,5FTE,LR,16.0,10000.0,28.141321585072177,l2,,0.5656414311128681,0.0389949048584457,0.5755287606246293,0.000108266961357,0.4918363312907689,0.1049911752047618,0.0,0.0,0.5756078276339197,0.6371750470539368,0.5197074520656256
171,1185,1,cyclic,2dpos,WTE,LR,24.0,2500.0,0.1071592156618838,l2,,0.5575924095671081,0.055137981727659,0.5797983791263095,0.0002577269185689,0.4180272781182051,0.0923492852777594,0.0,0.0,0.5799565131448903,0.6395360135072993,0.5234236015022731
172,1186,1,cyclic,2dpos,WTE,LR,24.0,5000.0,0.0701974745630127,l2,balanced,0.5675508993872307,0.0403765348977095,0.5795216445937933,0.0001653805152271,0.4810832180272781,0.097243421513733,0.0,0.0,0.5797588456216644,0.640111445348934,0.5238584700533703
45,1059,0,cyclic,2dpos,5FTE,LR,24.0,2500.0,0.6000981847312391,l2,,0.577371021941095,0.0093434659468113,0.5829215259932793,0.0001397720460933,0.5563945443763589,0.0185040452751946,0.02,0.2,0.5831191935165052,0.6447330418817292,0.5253212097252421
173,1187,1,cyclic,2dpos,WTE,LR,24.0,10000.0,1.2530432005579248,l1,,0.5688515516900573,0.0386785802827445,0.579679778612374,0.0002253756523224,0.4911642617118008,0.0988819214546825,0.0,0.0,0.5799565131448903,0.6416633999797249,0.5239770705673058
46,1060,0,cyclic,2dpos,5FTE,LR,24.0,5000.0,2.785050332800956,l2,,0.5629175726428148,0.0629676542234535,0.5831587270211505,0.0005116496977879,0.4112670488238782,0.1284621144136228,0.0,0.0,0.5837121960861831,0.6446466263913236,0.5254398102391777
174,1188,1,cyclic,2dpos,onehot,LR,8.0,2500.0,48.44191189809205,l2,balanced,0.5441114844830994,0.0582173110328797,0.5631152401660408,0.0002577269185689,0.4045858865388417,0.1190420062323223,0.0,0.0,0.5635501087171377,0.6372157213721545,0.5071753310931013
47,1061,0,cyclic,2dpos,5FTE,LR,24.0,10000.0,3.417915796412532,l2,balanced,0.5761019964419846,0.0142759341737523,0.5826447914607631,0.0004961415456813,0.5399486064439614,0.0247686950620249,0.0,0.0,0.5831191935165052,0.644124977149386,0.5249258746787904
175,1189,1,cyclic,2dpos,onehot,LR,8.0,5000.0,0.6418117850701209,l1,balanced,0.5567345325163076,0.0140455111719775,0.5629175726428148,0.0002577269185689,0.5196283850563352,0.0214482470492003,0.0,0.0,0.5633524411939118,0.6371398006856971,0.507293931607037
176,1190,1,cyclic,2dpos,onehot,LR,8.0,10000.0,0.054373464621031,l2,balanced,0.5559240956710813,0.0149663134046757,0.5632338406799763,0.0003307610304542,0.5153983000593003,0.0179837256490034,0.0,0.0,0.5637477762403638,0.6373782033896603,0.5073729986163273
48,1062,0,cyclic,2dpos,WTE,LR,8.0,2500.0,9830.889317573252,l1,balanced,0.5599841865981419,0.0160762015508514,0.5668313896026882,0.000108266961357,0.5145285629571061,0.0158405578253798,0.0,0.0,0.5669104566119787,0.6396918658414724,0.5116426171180074
177,1191,1,cyclic,2dpos,onehot,LR,16.0,2500.0,16.476099829982736,l1,balanced,0.5707056730579166,0.0205433372701591,0.5776240363708244,0.0001653805152271,0.520419055149239,0.040523626050923,0.0,0.0,0.577782170389405,0.6389678310672229,0.5182051788891084
49,1063,0,cyclic,2dpos,WTE,LR,8.0,5000.0,63.69084527140812,l1,balanced,0.558070764973315,0.0367806885039951,0.5666732555841075,0.0001653805152271,0.4940106740462542,0.104188355788456,0.0,0.0,0.5669104566119787,0.6394459081292798,0.5112077485669105
178,1192,1,cyclic,2dpos,onehot,LR,16.0,5000.0,3191.8540998828034,l1,,0.5701403439414904,0.021443560657329,0.5775845028661791,0.0001397720460934,0.5138960268827832,0.0349908925759785,0.0,0.0,0.577782170389405,0.6388345572914673,0.5180470448705277
179,1193,1,cyclic,2dpos,onehot,LR,16.0,10000.0,59.04398128780221,l1,,0.5688989918956316,0.0376725638779264,0.577782170389405,0.0,0.4998616327337418,0.1037066574199684,0.0,0.0,0.577782170389405,0.638788642511764,0.5182051788891086
50,1064,0,cyclic,2dpos,WTE,LR,8.0,10000.0,1262.9876672442592,l1,balanced,0.5574184621466692,0.0368211521361649,0.5666732555841075,0.0001653805152271,0.4913223957303815,0.1024409531443136,0.0,0.0,0.5669104566119787,0.6398235610602059,0.5112868155762009
180,1194,1,cyclic,2dpos,onehot,LR,24.0,2500.0,1.0503866893239888,l1,balanced,0.5680608815971536,0.0405301690234266,0.579719312117019,0.0001653805152271,0.4796600118600514,0.0957560527941467,0.0,0.0,0.5799565131448903,0.641941850583397,0.5239770705673058
51,1065,0,cyclic,2dpos,WTE,LR,16.0,2500.0,7.850304907312914,l1,,0.5706977663569875,0.0184678530344053,0.5777426368847599,0.0004285329786258,0.5288001581340186,0.0413123704873331,0.02,0.2,0.5783751729590828,0.636836611336513,0.5214073927653687
181,1195,1,cyclic,2dpos,onehot,LR,24.0,5000.0,0.0699908230733395,l2,,0.5687210911247282,0.0387538928054702,0.5797983791263095,8.839960377543491e-05,0.4909665941885749,0.0992036368088041,0.0,0.0,0.5799565131448903,0.6422778694441187,0.5239375370626606
182,1196,1,cyclic,2dpos,onehot,LR,24.0,10000.0,0.064039778999681,l2,,0.5665032615141332,0.0406430736396516,0.5795216445937933,0.000324800884071,0.4770508005534691,0.0943102598220688,0.0,0.0,0.5799565131448903,0.6412025931986464,0.5233445344929828
183,1197,1,cyclic,elliptic,5FTE,LR,,,7.666855757025535,l2,balanced,0.5451591223561969,0.0205332024098654,0.5514923898003558,0.0003423701932336,0.4964222178296106,0.042996344131236,0.0,0.0,0.5520853923700336,0.6376791768495911,0.5017987744613559
52,1066,0,cyclic,2dpos,WTE,LR,16.0,5000.0,6.893290540817816,l1,balanced,0.5633484878434474,0.0511356695609211,0.5773077683336628,0.0004550648125408,0.4570468472030045,0.1277191803516551,0.0,0.0,0.577782170389405,0.6369846542940041,0.5213283257560783
184,1198,1,cyclic,elliptic,WTE,LR,,,349.129006008912,l2,balanced,0.5462818738881201,0.0235430797657197,0.5513737892864203,0.000108266961357,0.5042498517493577,0.0658367881620199,0.0,0.0,0.5514923898003558,0.637778037562917,0.5016406404427752
53,1067,0,cyclic,2dpos,WTE,LR,16.0,10000.0,18.59731843845882,l1,,0.5677683336627792,0.0376451263146209,0.5775449693615339,0.0004285329786258,0.5046056532911642,0.1085333672963557,0.0,0.0,0.5781775054358569,0.6374307101879889,0.5213678592607235
185,1199,1,cyclic,elliptic,onehot,LR,,,13.117726179159158,l2,balanced,0.5453607432298874,0.0330060069977791,0.5515319233050009,8.839960377548457e-05,0.4961059497924491,0.099857849120992,0.0,0.0,0.5516900573235818,0.6377404197837689,0.5018383079660012
186,1200,1,cyclic,polar,5FTE,LR,,,4.787242990501799,l1,balanced,0.5364736113856494,0.0355691819413146,0.5472227712986756,0.0001767992075509,0.4565329116426171,0.0806837813481057,0.0,0.0,0.5473413718126112,0.6353982672754989,0.496105949792449
54,1068,0,cyclic,2dpos,WTE,LR,24.0,2500.0,7128.613946267528,l2,,0.5770666139553271,0.0135751476995568,0.5821703894050209,0.000324800884071,0.5444554259735125,0.027480620336001,0.14,1.0,0.5827238584700534,0.6432945438904051,0.5252026092113065
187,1201,1,cyclic,polar,WTE,LR,,,1.9409947694725729,l1,balanced,0.5361573433484879,0.0347945054064733,0.5472623048033208,0.0002651988113263,0.460723463135007,0.0813339288973449,0.0,0.0,0.5477367068590631,0.6347863691136644,0.4960268827831587
55,1069,0,cyclic,2dpos,WTE,LR,24.0,5000.0,0.3487569451838609,l2,balanced,0.5628819924886342,0.0628564442327847,0.5821703894050209,8.839960377543491e-05,0.4135204585886539,0.1313384302302764,0.0,0.0,0.5823285234236015,0.6435776172634355,0.5252026092113065
188,1202,1,cyclic,polar,onehot,LR,,,2.5568811100640567,l1,balanced,0.5349792449100613,0.0456224251920401,0.5469855702708044,8.839960377548457e-05,0.4364103577782171,0.1095025806138609,0.0,0.0,0.5471437042893853,0.6352765942792137,0.4964222178296106
189,1203,1,cyclic,raw,5FTE,LR,,,19.79706026190348,l2,,0.5363391974698557,0.015132608148433,0.5410160110693814,0.0002420922853116,0.5011267048823879,0.0328507129304104,0.0,0.0,0.5414113461158332,0.6357449286134935,0.4915200632536075
190,1204,1,cyclic,raw,WTE,LR,,,49.33932003143215,l2,balanced,0.5381300652302827,0.0084707122285048,0.5408578770508006,0.0001653805152271,0.5197074520656256,0.0201210586812196,0.0,0.0,0.5410160110693814,0.635535490009467,0.4915200632536075
56,1070,0,cyclic,2dpos,WTE,LR,24.0,10000.0,2193.0078840668334,l2,balanced,0.5637635896422217,0.0551347397206019,0.5824075904328919,0.000618797226428,0.423720102787112,0.0980882736437548,0.06,0.6,0.5833168610397311,0.6430022885855984,0.5251235422020162
191,1205,1,cyclic,raw,onehot,LR,,,34.877603168953726,l2,balanced,0.5377110100810437,0.0111189063826105,0.5409764775647361,0.0001653805152271,0.5152006325360744,0.0284100565993535,0.0,0.0,0.5412136785926073,0.6357562723001917,0.4911642617118008
57,1071,0,cyclic,2dpos,onehot,LR,8.0,2500.0,1.0823817001179776,l1,,0.5541292745601898,0.0370341313914447,0.5652105159122355,0.0002253756523224,0.477683336627792,0.0923008494412045,0.0,0.0,0.5655267839493971,0.6389934812533825,0.5102984779600712
192,1206,1,cyclic,zone,5FTE,LR,,,7.84824955201289,l1,,0.5776951966791856,0.0146127338435908,0.5821703894050209,0.000257726918569,0.5463135006918363,0.0352667335932015,0.0,0.0,0.5825261909468274,0.6400947597445877,0.5258746787902748
58,1072,0,cyclic,2dpos,onehot,LR,8.0,5000.0,43.16816307741112,l2,balanced,0.5540660209527575,0.0391346139889181,0.5643803123146867,0.0004285329786257,0.4688673650919154,0.0931433616117453,0.0,0.0,0.5651314489029452,0.6383287998302369,0.5093101403439415
193,1207,1,cyclic,zone,WTE,LR,,,106.43909535489011,l2,,0.5786795809448507,0.0233216637232546,0.5857284048230876,8.839960377543491e-05,0.520853923700336,0.0448515842641033,0.0,0.0,0.5858865388416683,0.641533128525546,0.5299070962640837
59,1073,0,cyclic,2dpos,onehot,LR,8.0,10000.0,8434.129016114543,l2,,0.5570705673057916,0.0351171339248947,0.564657046847203,0.0002997776415912,0.4981221585293537,0.1013528539663083,0.0,0.0,0.5651314489029452,0.6387185013374841,0.5093101403439415
194,1208,1,cyclic,zone,onehot,LR,,,387.11048194747264,l2,balanced,0.5730855900375569,0.0558295565718552,0.5889306186993476,0.0002253756523224,0.4398497726823483,0.11621240003384,0.0,0.0,0.5892468867365092,0.6410578225961341,0.5302233643012453
60,1074,0,cyclic,2dpos,onehot,LR,16.0,2500.0,92.01794994186956,l1,balanced,0.564467286024906,0.0397941065947797,0.5742241549713383,0.0001397720460934,0.4842458983988931,0.1022404954098194,0.0,0.0,0.5744218224945642,0.6342243144225239,0.5180075113658825
195,1209,1,raw,2dpos,5FTE,LR,8.0,2500.0,0.2947671081041878,l1,balanced,0.5424036370824274,0.034586029896855,0.5522039928839692,0.0004098921002831,0.4728602490610793,0.0884404128728585,0.0,0.0,0.5526783949397114,0.6300373721204177,0.5023522435263887
61,1075,0,cyclic,2dpos,onehot,LR,16.0,5000.0,20.838236023384752,l2,balanced,0.566341174145088,0.03658990165525,0.5742241549713383,0.0001397720460934,0.5053567898794229,0.1059496633750795,0.0,0.0,0.5744218224945642,0.634547609712377,0.5180865783751729
196,1210,1,raw,2dpos,5FTE,LR,8.0,5000.0,0.4330002666348271,l1,balanced,0.5436568491796798,0.0348757594673794,0.5518481913421625,0.000380221072577,0.4782368056928247,0.0946093223209408,0.0,0.0,0.5524807274164855,0.6301015292759766,0.5021545760031627
197,1211,1,raw,2dpos,5FTE,LR,8.0,10000.0,0.2704433038209131,l1,,0.542316663372208,0.0346866957159142,0.5523225933979047,0.0004285329786257,0.472148645977466,0.0882939694340166,0.0,0.0,0.5528760624629373,0.6306123270187972,0.5021941095078079
62,1076,0,cyclic,2dpos,onehot,LR,16.0,10000.0,1411.0303504769984,l1,,0.5690966594188575,0.0183972544649836,0.5743032219806286,0.000108266961357,0.5284838900968571,0.0430304083455181,0.0,0.0,0.5744218224945642,0.6330875332837478,0.5177703103380115
198,1212,1,raw,2dpos,5FTE,LR,16.0,2500.0,168.22074905688424,l2,balanced,0.5623641035777821,0.0085407421619372,0.5650128483890097,0.000108266961357,0.5444554259735125,0.0210989132801452,0.0,0.0,0.5651314489029452,0.6301197439860058,0.5121170191737497
63,1077,0,cyclic,2dpos,onehot,LR,24.0,2500.0,0.0541061555864566,l2,balanced,0.5771377742636885,0.0163566233222896,0.5848191342162482,0.000108266961357,0.5350069183633129,0.0259007067720432,0.0,0.0,0.5848982012255386,0.6450345317715682,0.5276141529946631
199,1213,1,raw,2dpos,5FTE,LR,16.0,5000.0,0.2061886998963276,l1,balanced,0.5558134018580747,0.0365632692070784,0.5648942478750741,8.839960377543491e-05,0.4833366277920538,0.0951909615957219,0.0,0.0,0.5649337813797193,0.6301408672009032,0.5115635501087171
64,1078,0,cyclic,2dpos,onehot,LR,24.0,5000.0,0.0236430794533391,l2,balanced,0.567859260723463,0.046509861722684,0.5847796007116031,0.0002997776415913,0.4445542597351255,0.0722867456866962,0.0,0.0,0.5852935362719905,0.6448259552320849,0.5270606839296302
200,1214,1,raw,2dpos,5FTE,LR,16.0,10000.0,9171.400910243716,l2,balanced,0.5572049812215852,0.0364577644499628,0.5649733148843644,8.839960377543491e-05,0.4926270013836727,0.1024091764003063,0.0,0.0,0.5651314489029452,0.6297248927576283,0.5115635501087171
201,1215,1,raw,2dpos,5FTE,LR,24.0,2500.0,0.4707698746637933,l1,balanced,0.5605534690650327,0.0420315669191101,0.5755682941292746,8.839960377543491e-05,0.4576003162680371,0.0797491086158547,0.0,0.0,0.5756078276339197,0.6368978824113637,0.5206957896817552
65,1079,0,cyclic,2dpos,onehot,LR,24.0,10000.0,0.0266129423149337,l2,balanced,0.5726072346313501,0.0394018504426935,0.5852144692627002,0.000569474611223,0.4943269420834156,0.1013661917043237,0.0,0.0,0.5860842063648942,0.645807251680074,0.5274560189760823
202,1216,1,raw,2dpos,5FTE,LR,24.0,5000.0,0.0388401987601219,l2,,0.5636331290768927,0.0397938727498627,0.5754892271199842,0.000108266961357,0.4760229294326942,0.0927722570631355,0.0,0.0,0.5756078276339197,0.6361485666953328,0.5208934572049813
66,1080,0,cyclic,elliptic,5FTE,LR,,,0.48046637730252,l2,balanced,0.5443368254595771,0.0364818974618855,0.5545760031626804,0.0002997776415913,0.4694999011662384,0.0921206371114558,0.0,0.0,0.5550504052184226,0.6427937375633664,0.503894050207551
203,1217,1,raw,2dpos,5FTE,LR,24.0,10000.0,0.0317908229248801,l2,balanced,0.5595967582526191,0.0512796079791963,0.5754892271199842,0.000108266961357,0.4453449298280292,0.1170244325226216,0.0,0.0,0.5756078276339197,0.6370873626681335,0.5212492587467878
67,1081,0,cyclic,elliptic,WTE,LR,,,9980.00055887129,l2,balanced,0.5483929630361731,0.0356093539626591,0.5590037556829414,0.0003125397964191,0.4756671278908876,0.0894784134305845,0.0,0.0,0.5593990907293932,0.6443670239066456,0.5082032022138763
204,1218,1,raw,2dpos,WTE,LR,8.0,2500.0,0.2010430553058393,l1,balanced,0.5397983791263096,0.0364036815235941,0.5525202609211306,8.839960377543491e-05,0.45716544771694,0.0794432145051707,0.0,0.0,0.5526783949397114,0.6309351309664312,0.5024708440403242
68,1082,0,cyclic,elliptic,onehot,LR,,,21.59409397721427,l2,balanced,0.5497291954931804,0.0354554373322716,0.5592409567108125,8.839960377543491e-05,0.4784344732160506,0.0905424715528381,0.0,0.0,0.5593990907293932,0.6450951063619681,0.508796204783554
205,1219,1,raw,2dpos,WTE,LR,8.0,5000.0,8.06465002226193,l2,balanced,0.5405692824668907,0.0461874150369937,0.5517691243328721,0.0001767992075508,0.447005337023127,0.1181807654205192,0.0,0.0,0.5520853923700336,0.6298227089747347,0.5021941095078079
206,1220,1,raw,2dpos,WTE,LR,8.0,10000.0,0.3828674539314102,l1,,0.5380509982209923,0.0470592416871963,0.5525202609211306,8.839960377543491e-05,0.4319826052579561,0.1059832173277686,0.0,0.0,0.5526783949397114,0.6304286751633963,0.5021941095078079
69,1083,0,cyclic,polar,5FTE,LR,,,351.74722371902794,l2,balanced,0.5471950978454241,0.0343731566315296,0.5556829412927456,0.000216533922714,0.4842063648942479,0.0945135640507434,0.0,0.0,0.5560387428345522,0.6452765205379002,0.5027475785728404
207,1221,1,raw,2dpos,WTE,LR,16.0,2500.0,0.2838484758694552,l1,balanced,0.559039335837122,0.0150470060441672,0.5648942478750743,0.000257726918569,0.5175726428147855,0.0184761516250912,0.0,0.0,0.5653291164261712,0.6308192073051186,0.5122356196876853
70,1084,0,cyclic,polar,WTE,LR,,,13.478270972647415,l2,balanced,0.5504684720300456,0.0129333311692795,0.5553666732555841,0.000108266961357,0.5174145087962048,0.0227431926380226,0.0,0.0,0.5554457402648745,0.6452457330745396,0.5036568491796798
208,1222,1,raw,2dpos,WTE,LR,16.0,5000.0,2916.397767782801,l2,balanced,0.5538209132239573,0.0393333393895445,0.5649337813797193,0.0,0.4640047440205574,0.0876862802465778,0.0,0.0,0.5649337813797193,0.6313418479627678,0.5119588851551689
71,1085,0,cyclic,polar,onehot,LR,,,89.8470536584797,l1,balanced,0.5498596560585096,0.0166175521488282,0.5554852737695196,0.0003535984151017,0.5082822692231667,0.0311125793136948,0.0,0.0,0.5558410753113263,0.6446594017145497,0.5034196481518087
209,1223,1,raw,2dpos,WTE,LR,16.0,10000.0,4312.672756375125,l2,balanced,0.562660604862621,0.0077379157165332,0.5649337813797193,0.0,0.5480134413915794,0.0208014429820765,0.0,0.0,0.5649337813797193,0.630099416372637,0.5118007511365882
210,1224,1,raw,2dpos,WTE,LR,24.0,2500.0,0.1149542101912706,l2,balanced,0.5679739078869342,0.0161401060575869,0.5756078276339197,0.0001397720460933,0.5274164854714372,0.0214755552891113,0.0,0.0,0.5758054951571456,0.6354716936136172,0.5203004546353035
72,1086,0,cyclic,raw,5FTE,LR,,,23.16718815866166,l2,balanced,0.5457679383277327,0.0092110243689636,0.5498715161099031,0.0003535984151017,0.5225933979047243,0.0158709912018039,0.0,0.0,0.5503063846610002,0.6445820852508846,0.4982802925479343
211,1225,1,raw,2dpos,WTE,LR,24.0,5000.0,0.112802706606743,l2,balanced,0.5514884364498913,0.0642073546561784,0.5756078276339197,0.0001397720460933,0.3788100415101799,0.083752921559032,0.0,0.0,0.5758054951571456,0.6352533296978217,0.5201423206167226
73,1087,0,cyclic,raw,WTE,LR,,,256.97290748508993,l1,,0.54188970152204,0.0339306147955696,0.5509784542399683,0.0004098921002832,0.4756275943862424,0.088886603826683,0.0,0.0,0.5516900573235818,0.6480499703716815,0.5012453053963234
212,1226,1,raw,2dpos,WTE,LR,24.0,10000.0,0.7580623545426788,l1,,0.5622415497133821,0.0412671942077682,0.5755682941292746,8.839960377543491e-05,0.465823285234236,0.086512754472683,0.0,0.0,0.5756078276339197,0.6370631529380149,0.5214469262700138
74,1088,0,cyclic,raw,onehot,LR,,,31.248268744169508,l2,balanced,0.5447163471041708,0.03433546735343,0.5524411939118403,0.0002577269185689,0.4835738288199249,0.0960857946984968,0.0,0.0,0.5528760624629373,0.6459350291533792,0.5031824471239377
213,1227,1,raw,2dpos,onehot,LR,8.0,2500.0,0.2967065008014374,l1,balanced,0.539573038149832,0.0354062715587086,0.5527179284443566,8.839960377543491e-05,0.4657046847203004,0.0835292061336276,0.0,0.0,0.5528760624629373,0.6307014943550066,0.5022731765170982
75,1089,0,cyclic,zone,5FTE,LR,,,4.053350547886836,l2,,0.5783435461553667,0.0166260697421274,0.5847796007116031,0.0004098921002832,0.5380905317256375,0.03308507962674,0.0,0.0,0.5852935362719905,0.638293077315126,0.5274955524807274
214,1228,1,raw,2dpos,onehot,LR,8.0,5000.0,0.3374354475728048,l1,balanced,0.5453449298280293,0.0166886790975387,0.5525202609211306,8.839960377543491e-05,0.5013639059102589,0.0253333122328307,0.0,0.0,0.5526783949397114,0.630690180145243,0.5021150424985176
76,1090,0,cyclic,zone,WTE,LR,,,59.961838438391545,l2,balanced,0.576730579165843,0.0389447189454701,0.5867167424392172,0.0003535984151017,0.504526586281874,0.1063573983401616,0.0,0.0,0.5872702115042499,0.6419929980363775,0.5286024906107926
215,1229,1,raw,2dpos,onehot,LR,8.0,10000.0,0.427826504321456,l1,balanced,0.5399960466495355,0.0372244697378267,0.5524807274164855,0.0,0.4528167622059696,0.0783694271792239,0.0,0.0,0.5524807274164855,0.6303021726670581,0.5021545760031627
216,1230,1,raw,2dpos,onehot,LR,16.0,2500.0,7953.092576224309,l2,balanced,0.558217038940502,0.0354163425737051,0.5649337813797193,0.0,0.5029847796007115,0.1054752681476303,0.0,0.0,0.5649337813797193,0.6311369555479475,0.5119984186598141
77,1091,0,cyclic,zone,onehot,LR,,,1827.6956078839328,l1,balanced,0.5760150227317652,0.0481301911028556,0.5928444356592213,8.839960377543491e-05,0.4496936153389998,0.074693872803284,0.0,0.0,0.593002569677802,0.6418202000996813,0.5317651709824076
217,1231,1,raw,2dpos,onehot,LR,16.0,5000.0,0.3102908633864947,l1,balanced,0.5562245503063845,0.019826945636818,0.5651709824075903,0.0002931883173392,0.5025894445542598,0.0207478408636055,0.0,0.0,0.5655267839493971,0.6322480361561956,0.5120379521644594
78,1092,0,raw,2dpos,5FTE,LR,8.0,2500.0,387.2995062476616,l2,balanced,0.546341174145088,0.036685333683156,0.556829412927456,0.0005229791087299,0.4694208341569481,0.0908499376425373,0.0,0.0,0.5574224154971338,0.6328720345692158,0.5057916584305199
218,1232,1,raw,2dpos,onehot,LR,16.0,10000.0,0.2905274419213053,l1,balanced,0.5583237794030441,0.034924457648965,0.5650523818936548,0.0002651988113263,0.505593990907294,0.1052320519886303,0.0,0.0,0.5655267839493971,0.631217667983427,0.5120774856691045
79,1093,0,raw,2dpos,5FTE,LR,8.0,5000.0,2620.3125098216747,l2,,0.5517493575805495,0.01367594399774,0.5565131448902945,0.0003307610304542,0.5230282664558212,0.0336546010675081,0.0,0.0,0.5570270804506819,0.6327756778707644,0.5057916584305199
219,1233,1,raw,2dpos,onehot,LR,24.0,2500.0,0.1861019162501449,l2,balanced,0.566562561771101,0.0236166247071148,0.5755682941292746,0.0001653805152271,0.5037754496936153,0.0345603448736301,0.0,0.0,0.5758054951571456,0.6361733957453477,0.5206562561771102
80,1094,0,raw,2dpos,5FTE,LR,8.0,10000.0,2187.4010000877724,l2,,0.5467206957896819,0.0362805826400333,0.5569875469460367,0.000216533922714,0.4734137181261119,0.092894588085751,0.0,0.0,0.5572247479739079,0.6328040828449195,0.505593990907294
220,1234,1,raw,2dpos,onehot,LR,24.0,5000.0,0.490386093385094,l1,,0.5690729393160704,0.0137176372530045,0.575449693615339,8.839960377543491e-05,0.5336232457007315,0.0195008804624992,0.0,0.0,0.5756078276339197,0.6360658300929906,0.520616722672465
81,1095,0,raw,2dpos,5FTE,LR,16.0,2500.0,117.03049520967949,l1,balanced,0.5586874876457799,0.0182379977524636,0.5651314489029453,0.0002795440921868,0.5169796402451078,0.0403243200815956,0.0,0.0,0.5655267839493971,0.6331568710583884,0.5135006918363313
221,1235,1,raw,2dpos,onehot,LR,24.0,10000.0,0.045153734569602,l2,,0.5583277327535086,0.0448404061967286,0.5754892271199842,0.000108266961357,0.4437635896422218,0.0712194467754352,0.0,0.0,0.5756078276339197,0.6364873473774252,0.5208143901956909
222,1236,1,raw,elliptic,5FTE,LR,,,1.245387007940747,l1,balanced,0.5372721881794821,0.0344492461740009,0.5472227712986756,0.000108266961357,0.4660209527574619,0.0857638586900971,0.0,0.0,0.5473413718126112,0.6356679979036992,0.5020755089938723
82,1096,0,raw,2dpos,5FTE,LR,16.0,5000.0,12.070900663726569,l1,balanced,0.5581735520853924,0.0347546960970279,0.5646965803518482,0.0001653805152271,0.5100612769322,0.1075721480909305,0.0,0.0,0.5649337813797193,0.632896323681755,0.5133820913223957
223,1237,1,raw,elliptic,WTE,LR,,,1.4756446495046216,l1,,0.5386874876457798,0.0240599321503609,0.547499505831192,8.839960377543491e-05,0.4796995453646966,0.0460517394368462,0.0,0.0,0.5475390393358371,0.6358389279635395,0.5023127100217435
83,1097,0,raw,2dpos,5FTE,LR,16.0,10000.0,111.42277803865008,l1,balanced,0.5581142518284246,0.034847865520831,0.5646965803518482,8.839960377543491e-05,0.5071753310931014,0.1061363612993089,0.0,0.0,0.5647361138564934,0.632698456967989,0.5132239573038151
224,1238,1,raw,elliptic,onehot,LR,,,1.8891237986274856,l1,,0.5421624827040917,0.0151009792736599,0.5471437042893852,0.0001976675232259,0.5085985372603281,0.0346845958779487,0.0,0.0,0.5473413718126112,0.6355564657194934,0.5020755089938723
84,1098,0,raw,2dpos,5FTE,LR,24.0,2500.0,821.3933010855014,l2,,0.5758489820122554,0.0117548540060449,0.5808657837517297,0.0003590808880131,0.5478553073729987,0.0235326486370636,0.0,0.0,0.5813401858074718,0.6400693367520555,0.5245700731369836
225,1239,1,raw,polar,5FTE,LR,,,9909.304990239218,l1,balanced,0.5334295315279699,0.0327292731696813,0.5412532120972525,0.0001653805152271,0.4720300454635304,0.0887818790028479,0.0,0.0,0.5414113461158332,0.6349557715973174,0.4978454239968373
85,1099,0,raw,2dpos,5FTE,LR,24.0,5000.0,51.876043115440254,l2,balanced,0.5697015220399289,0.0395690413959259,0.5808262502470845,0.0003590808880131,0.4906107926467681,0.1019311064992107,0.0,0.0,0.5813401858074718,0.6395449837963539,0.5244910061276932
226,1240,1,raw,polar,WTE,LR,,,9589.331530502666,l1,balanced,0.537568689464321,0.0101355267303354,0.5412532120972524,0.000216533922714,0.512591421229492,0.0196921898710493,0.0,0.0,0.5414113461158332,0.6348568994569949,0.4976477564736113
86,1100,0,raw,2dpos,5FTE,LR,24.0,10000.0,13.658527319496995,l2,balanced,0.5701798774461356,0.0393622969399061,0.5807867167424392,0.0001653805152271,0.4911642617118008,0.1012801980056044,0.0,0.0,0.58094485076102,0.639791433122898,0.524451472623048
227,1241,1,raw,polar,onehot,LR,,,2081.096927877483,l1,,0.5344653093496738,0.0324306065936715,0.5409764775647361,0.000405097875705,0.4825854912037952,0.0956190568503007,0.0,0.0,0.5414113461158332,0.634610430742138,0.4978454239968373
87,1101,0,raw,2dpos,WTE,LR,8.0,2500.0,2466.922945194526,l2,balanced,0.5523423601502273,0.0096321094212812,0.556592211899585,0.000324800884071,0.5287606246293735,0.0187674877958047,0.0,0.0,0.5570270804506819,0.6340478423671378,0.5056730579165843
228,1242,1,raw,raw,5FTE,LR,,,408.8812789397038,l1,balanced,0.5306266060486262,0.0321012316055778,0.5379323977070567,0.000108266961357,0.4717928444356593,0.088311536001387,0.0,0.0,0.5380509982209923,0.628622565276068,0.491638663767543
88,1102,0,raw,2dpos,WTE,LR,8.0,5000.0,283.2491874102301,l2,,0.5514409962443171,0.0133295041804626,0.5564736113856493,0.000380221072577,0.5206167226724648,0.0290962297036773,0.0,0.0,0.5570270804506819,0.6343253249560199,0.5057125914212295
229,1243,1,raw,raw,WTE,LR,,,3.873172608555577,l2,balanced,0.5343743822889899,0.0128346970395318,0.538604467286025,0.0001653805152271,0.5065427950187784,0.0305866461391783,0.0,0.0,0.538841668313896,0.6291897178220781,0.4915200632536075
230,1244,1,raw,raw,onehot,LR,,,699.9078087536568,l1,balanced,0.5292982802925479,0.0334694965272575,0.5379323977070566,0.0001767992075509,0.4579165843051987,0.0814486864725161,0.0,0.0,0.5382486657442183,0.6285569811895377,0.4916781972721881
89,1103,0,raw,2dpos,WTE,LR,8.0,10000.0,774.1422821685638,l2,balanced,0.5486894643210121,0.0338024484241957,0.5571852144692627,0.0006761269569672,0.4930618699347698,0.0983814119502579,0.0,0.0,0.5582130855900376,0.634539101102945,0.5063451274955526
231,1245,1,raw,zone,5FTE,LR,,,38.95628220765128,l1,,0.5653923700336034,0.0392832773007643,0.5763589642221782,0.0003535984151017,0.4797390788693418,0.0923994717714116,0.0,0.0,0.5769915002965013,0.6346383941582121,0.5230282664558213
232,1246,1,raw,zone,WTE,LR,,,0.3375391456190549,l1,,0.5681280885550505,0.040562022149418,0.5794821110891482,0.0001767992075508,0.4782368056928247,0.0943307652901757,0.0,0.0,0.5797588456216644,0.6383535147642688,0.526783949397114
90,1104,0,raw,2dpos,WTE,LR,16.0,2500.0,5859.823265611131,l1,,0.5581814587863214,0.0352218166768538,0.5654477169401068,0.0001767992075508,0.5024708440403243,0.1042884935733422,0.0,0.0,0.5657244514726231,0.630888602217485,0.514054160901364
233,1247,1,raw,zone,onehot,LR,,,1076.5914639022365,l1,balanced,0.572804902154576,0.043164305976461,0.5848982012255386,0.0,0.4737695196679186,0.0955487268517278,0.0,0.0,0.5848982012255386,0.6412213740458015,0.52911642617118
91,1105,0,raw,2dpos,WTE,LR,16.0,5000.0,2111.1612761961874,l1,,0.5558845621664361,0.0376258178342612,0.5654081834354615,0.0005340682382331,0.4819134216248271,0.098639560142727,0.02,0.2,0.5663174540423008,0.6309836220752684,0.5140146273967188
92,1106,0,raw,2dpos,WTE,LR,16.0,10000.0,2392.973500434949,l2,balanced,0.5534176714765764,0.0488038723666638,0.5653291164261711,0.0003125397964191,0.4578375172959082,0.1283662544792775,0.0,0.0,0.5657244514726231,0.6306411728924963,0.513856493378138
93,1107,0,raw,2dpos,WTE,LR,24.0,2500.0,5947.51104117146,l1,balanced,0.5708203202213876,0.0391458760805175,0.5805495157145681,0.000698860230467,0.4998220992290967,0.108330513455468,0.04,0.4,0.5817355208539237,0.6396299780291482,0.5248468076694999
94,1108,0,raw,2dpos,WTE,LR,24.0,5000.0,169.54862842755944,l1,,0.5683257560782764,0.0415075357740025,0.5805495157145681,0.0001976675232259,0.4800553469065033,0.1010744810528517,0.0,0.0,0.5807471832377941,0.6394531868710666,0.5247282071555643
95,1109,0,raw,2dpos,WTE,LR,24.0,10000.0,5590.381844502136,l1,balanced,0.5656611978651909,0.0528291611689266,0.5801541806681162,0.0002795440921868,0.4504842854319036,0.1252565769793411,0.02,0.2,0.5805495157145681,0.6395708368919625,0.5243328721091124
96,1110,0,raw,2dpos,onehot,LR,8.0,2500.0,352.8304605152764,l2,,0.5508875271792845,0.0339649631145497,0.5576991500296501,0.000433067845428,0.4984779600711603,0.1015537364486546,0.0,0.0,0.5584107531132635,0.635765008880138,0.5071357975884562
97,1111,0,raw,2dpos,onehot,LR,8.0,5000.0,2113.493990269387,l2,balanced,0.5494326942083416,0.0348915395544052,0.5579758845621665,0.0002577269185689,0.4834552283059894,0.0941154218708711,0.0,0.0,0.5584107531132635,0.6357512045497868,0.5071753310931013
98,1112,0,raw,2dpos,onehot,LR,8.0,10000.0,1079.723150640141,l2,balanced,0.5528918758647954,0.0163014923266365,0.5580549515714568,0.000216533922714,0.5172168412729788,0.0385113459762232,0.0,0.0,0.5582130855900376,0.6359055502154337,0.5072543981023918
99,1113,0,raw,2dpos,onehot,LR,16.0,2500.0,0.027072262644772,l2,,0.5528839691638664,0.0397402719807366,0.568452263293141,0.000324800884071,0.4616327337418462,0.0830954629750214,0.0,0.0,0.568887131844238,0.6351635898492567,0.5177703103380115
100,1114,0,raw,2dpos,onehot,LR,16.0,5000.0,0.2620109186673096,l1,,0.5567226724649139,0.0235121855748396,0.5677011267048824,0.000312539796419,0.4925874678790275,0.0190197864315512,0.0,0.0,0.5680964617513342,0.6349732146347948,0.5169796402451079
101,1115,0,raw,2dpos,onehot,LR,16.0,10000.0,0.0259603845616288,l2,,0.5577544969361534,0.0221456928464354,0.5687685313303025,0.0002997776415912,0.4971733544178692,0.0227336558251881,0.0,0.0,0.5692824668906898,0.6345752295790487,0.5179284443565921
102,1116,0,raw,2dpos,onehot,LR,24.0,2500.0,0.2652482555507746,l2,balanced,0.5695315279699545,0.0388644633442009,0.5797983791263095,8.839960377543491e-05,0.4879620478355407,0.0959973094789929,0.0,0.0,0.5799565131448903,0.6397361048709725,0.5234236015022731
103,1117,0,raw,2dpos,onehot,LR,24.0,5000.0,0.2043981281982684,l2,balanced,0.5713579758845622,0.0204952372537327,0.5800751136588258,0.000108266961357,0.5152006325360743,0.0189382612159234,0.0,0.0,0.5801541806681162,0.640226418950062,0.5236212690254992
104,1118,0,raw,2dpos,onehot,LR,24.0,10000.0,0.1835379683075282,l2,,0.5718995848982013,0.0201934477417306,0.5797983791263095,0.000216533922714,0.521486459774659,0.0355291633476557,0.0,0.0,0.5801541806681162,0.6400216879795656,0.5234631350069183
105,1119,0,raw,elliptic,5FTE,LR,,,7680.30829703485,l1,balanced,0.5397548922711998,0.034433629515313,0.549001779007709,0.000108266961357,0.4713579758845621,0.0894011988682038,0.0,0.0,0.5491203795216446,0.6368016716594516,0.503894050207551
106,1120,0,raw,elliptic,WTE,LR,,,542.7149761468014,l1,,0.5401818541213679,0.034521825393941,0.549831982605258,0.0004098921002832,0.468985965605851,0.086583971058985,0.0,0.0,0.5505040521842262,0.6372096381246533,0.5037754496936153
107,1121,0,raw,elliptic,onehot,LR,,,1969.431817202106,l2,balanced,0.5496540818343545,0.008859895463243,0.5529946629768728,0.000108266961357,0.5266653488831785,0.0149990450063676,0.0,0.0,0.5530737299861632,0.6421827329938602,0.5070171970745208
108,1122,0,raw,polar,5FTE,LR,,,2542.5576041786967,l2,balanced,0.5366673255584108,0.0334762610734015,0.5460762996639652,0.0002997776415912,0.4693417671476577,0.0853883204987397,0.0,0.0,0.5463530341964815,0.6399793218280059,0.5021545760031627
109,1123,0,raw,polar,WTE,LR,,,518.270603653219,l2,balanced,0.539786519074916,0.0322352158170001,0.5463925677011268,8.839960377543491e-05,0.4914409962443171,0.0973307738761678,0.0,0.0,0.5465507017197074,0.6409826239294529,0.5033405811425183
110,1124,0,raw,polar,onehot,LR,,,0.2040651435921639,l2,balanced,0.5414904131251235,0.0153178731307823,0.5467879027475785,8.839960377543491e-05,0.5058311919351651,0.032723976377832,0.0,0.0,0.5469460367661593,0.6412500972237114,0.5042498517493575
111,1125,0,raw,raw,5FTE,LR,,,1781.7031619603997,l2,balanced,0.5307096264083812,0.0323956977318965,0.5390788693417671,0.0003535984151017,0.4723463135006918,0.0899559467313343,0.0,0.0,0.5394346708835738,0.6367540737243094,0.4954338802134809
112,1126,0,raw,raw,WTE,LR,,,214.84392205671497,l2,,0.5350780786716742,0.017612226801341,0.5417276141529946,0.0003853249395061,0.495236212690255,0.0394312276523329,0.0,0.0,0.5422020162087369,0.6387530481158145,0.4978454239968373
113,1127,0,raw,raw,onehot,LR,,,11.214379398719526,l2,balanced,0.5381893654872505,0.013372771371929,0.5423996837319628,0.0,0.5074520656256176,0.0294565732193651,0.0,0.0,0.5423996837319628,0.6393305785585537,0.4989918956315476
114,1128,0,raw,zone,5FTE,LR,,,9522.919864065516,l1,balanced,0.5666890689859657,0.0402655128510847,0.5789286420241154,8.839960377548457e-05,0.477050800553469,0.0930785912393507,0.0,0.0,0.5789681755287607,0.6363936292024853,0.5226329314093695
115,1129,0,raw,zone,WTE,LR,,,8.315386825790148,l2,balanced,0.5706977663569875,0.0397276770585957,0.5826843249654081,0.0001653805152271,0.4874085787705081,0.0979626963483144,0.0,0.0,0.5829215259932793,0.6395294570195165,0.5285234236015023
116,1130,0,raw,zone,onehot,LR,,,6.562042920197482,l2,,0.5732832575607828,0.0431601468311485,0.5863214073927654,0.0001653805152271,0.4717533109310141,0.0919226883292942,0.0,0.0,0.5864795414113461,0.6422861456765174,0.5311326349080846
117,1131,1,1dpos,2dpos,5FTE,LR,8.0,2500.0,7094.843511555627,l1,,0.5465704684720301,0.0278057199178536,0.5540225340976478,8.839960377543491e-05,0.4870527772287013,0.0674128852136883,0.0,0.0,0.5540620676022929,0.6297764325868425,0.5017592409567108
118,1132,1,1dpos,2dpos,5FTE,LR,8.0,5000.0,121.85857435090468,l1,,0.5450326151413323,0.034808398551819,0.5540225340976478,8.839960377543491e-05,0.4736113856493379,0.0879534966337723,0.0,0.0,0.5540620676022929,0.6298118926329656,0.5016801739474204
119,1133,1,1dpos,2dpos,5FTE,LR,8,10000,831.4314292518928,l1,balanced,0.5462700138367267,0.03426791395957794,0.5539039335837123,8.839960377543491e-05,0.4846807669499902,0.09544701347332055,0.0,0.0,0.5540620676022929,0.6298810057601678,0.5018778414706463
