Index,globalInd,opt,timeOpt,locOpt,catOpt,modelOpt,encDim,denom,n_layers,n_units_layer_0,n_units_layer_1,n_units_layer_2,lrate,nEpoch,dropout_prob,weight_decay,objmean,objsd,meantop5,sdtop5,meanbottom5,sdbottom5,meantime,long5time,bestobj,wf1top5,acctop5
0,780,0,1dpos,2dpos,5FTE,NN,8,2500,3,128,512,256,0.0010651,300,0.48522866,2.00E-05,0.593990907,0.012540757,0.607629966,0.000838632,0.568452263,0.016264927,4.22,10.8,0.608222969,0.635853034,0.545601898
1,781,0,1dpos,2dpos,5FTE,NN,8,5000,2,256,512,,0.002038679,400,0.370669325,0.000147872,0.593975094,0.007239988,0.604427753,0.001261051,0.578730975,0.001753568,3.14,6.2,0.606641629,0.630583274,0.539474204
2,782,0,1dpos,2dpos,5FTE,NN,8,10000,3,256,512,128,0.001296985,200,0.378711993,0.000366388,0.594334849,0.024618408,0.607867167,0.001229676,0.550187784,0.065270193,3.46,8,0.609408974,0.633349789,0.542043882
3,783,0,1dpos,2dpos,5FTE,NN,16,2500,3,512,512,256,0.001045566,500,0.495646738,0.000144484,0.604340779,0.011362349,0.620359755,0.004771941,0.58082625,0.002832238,6.68,13.2,0.627396719,0.618587806,0.546827436
4,784,0,1dpos,2dpos,5FTE,NN,16,5000,3,128,512,128,0.001355309,300,0.420079617,0.000124318,0.604977268,0.014394795,0.622771299,0.003108475,0.573512552,0.017933685,3.86,7.4,0.627199051,0.630668789,0.549594782
5,785,0,1dpos,2dpos,5FTE,NN,16,10000,1,128,,,0.001437681,300,0.290316789,1.01E-05,0.604087764,0.010955689,0.617078474,0.000646587,0.579165843,0.00534982,3.26,8.4,0.61771101,0.637252809,0.552915596
6,786,0,1dpos,2dpos,5FTE,NN,24,2500,1,128,,,0.001278475,400,0.400756976,0.000233203,0.597125914,0.041406742,0.614983198,0.001908285,0.520656256,0.111543347,4.54,15.2,0.618106345,0.630370742,0.553113263
7,787,0,1dpos,2dpos,5FTE,NN,24,5000,1,128,,,0.00138395,500,0.396210687,0.000304542,0.603158727,0.010366687,0.615259933,0.000720877,0.580865784,0.006387751,3.02,7.2,0.616525005,0.631302914,0.553943467
8,788,0,1dpos,2dpos,5FTE,NN,24,10000,2,256,512,,0.001029328,300,0.411893084,3.70E-05,0.601494366,0.020891165,0.619331884,0.001350808,0.553943467,0.036737348,4.68,11.8,0.621071358,0.618336702,0.547539039
9,789,0,1dpos,2dpos,WTE,NN,8,2500,2,128,512,,0.002605746,300,0.452269168,0.000147233,0.595516901,0.010225202,0.607629966,0.000609252,0.574066021,0.006887799,4.92,8.4,0.608420636,0.632619933,0.543388021
10,790,0,1dpos,2dpos,WTE,NN,8,5000,2,512,256,,0.001516456,500,0.442069229,6.93E-05,0.594516703,0.009014992,0.607155564,0.00335045,0.577070567,0.001387902,6.32,14.6,0.612373987,0.631042563,0.540264874
11,791,0,1dpos,2dpos,WTE,NN,8,10000,3,512,512,128,0.001713411,400,0.382773585,0.000788932,0.593152797,0.011745779,0.606799763,0.001882517,0.567898794,0.015237717,6.66,11.8,0.609408974,0.619451777,0.534611583
12,792,0,1dpos,2dpos,WTE,NN,16,2500,2,256,128,,0.003752659,300,0.341949855,9.01E-05,0.602573631,0.010961383,0.615497134,0.00157763,0.578928642,0.005685132,3.22,12.6,0.61771101,0.637316024,0.555010872
13,793,0,1dpos,2dpos,WTE,NN,16,5000,3,256,128,512,0.001197486,300,0.494901079,0.000985739,0.604135205,0.011871237,0.617118008,0.001362329,0.577465902,0.006596885,4.92,10.2,0.618699348,0.623169597,0.547222771
14,794,0,1dpos,2dpos,WTE,NN,16,10000,1,512,,,0.004615442,300,0.346087937,0.000895082,0.603680569,0.011086979,0.615813402,0.001798666,0.578375173,0.011829538,3.42,8.4,0.618106345,0.630050938,0.550345918
15,795,0,1dpos,2dpos,WTE,NN,24,2500,2,128,256,,0.00146731,300,0.445574967,6.29E-05,0.599580945,0.015734746,0.615536667,0.001257948,0.563629176,0.018784448,3.14,7.8,0.617315675,0.624709029,0.549515715
16,796,0,1dpos,2dpos,WTE,NN,24,5000,1,128,,,0.001014771,500,0.424037594,3.00E-05,0.601672267,0.011771308,0.618264479,0.001314155,0.577979838,0.004986944,3.64,9.6,0.620280688,0.632512292,0.556631745
17,797,0,1dpos,2dpos,WTE,NN,24,10000,1,512,,,0.0012347,200,0.128227401,0.000895718,0.604198458,0.00903259,0.61838308,0.00270523,0.587626013,0.006541571,3.12,9,0.622652698,0.62739662,0.552124926
18,798,0,1dpos,2dpos,onehot,NN,8,2500,2,256,512,,0.002248357,500,0.480968114,0.000745955,0.593678593,0.009468952,0.605613758,0.000941777,0.573512552,0.004071663,2.64,7.4,0.606839296,0.641005746,0.549001779
19,799,0,1dpos,2dpos,onehot,NN,8,5000,2,256,512,,0.001024998,500,0.439110117,0.000161442,0.594358569,0.009910529,0.607116031,0.002818409,0.573789286,0.001747989,3.9,10.2,0.610199644,0.633685496,0.54765764
20,800,0,1dpos,2dpos,onehot,NN,8,10000,2,512,128,,0.001782985,300,0.477516079,2.03E-05,0.593188377,0.014635921,0.609408974,0.002266722,0.558964222,0.006088352,5.26,12.6,0.612373987,0.635632584,0.543862423
21,801,0,1dpos,2dpos,onehot,NN,16,2500,1,256,,,0.001750611,400,0.431054953,0.000312802,0.608207156,0.013878378,0.622968966,0.002090048,0.578849575,0.021314481,3.68,9,0.626408381,0.635786303,0.557738684
22,802,0,1dpos,2dpos,onehot,NN,16,5000,2,256,512,,0.002191834,400,0.368478828,3.13E-05,0.607578573,0.010274662,0.623324768,0.003869944,0.58758648,0.005025189,5,10.4,0.627594386,0.628794603,0.553983001
23,803,0,1dpos,2dpos,onehot,NN,16,10000,2,256,512,,0.001186974,300,0.480164047,3.29E-05,0.610258944,0.010678994,0.624313105,0.00159732,0.586637675,0.011160253,3.92,9.2,0.626408381,0.639012125,0.55837122
24,804,0,1dpos,2dpos,onehot,NN,24,2500,2,512,128,,0.001249061,200,0.406088903,0.000299535,0.605325163,0.012030913,0.618620281,0.001429507,0.577584503,0.006871612,3.08,8.4,0.621071358,0.632176075,0.55544574
25,805,0,1dpos,2dpos,onehot,NN,24,5000,1,256,,,0.008123345,300,0.484542521,0.000899913,0.606906503,0.011214776,0.620676023,0.000419316,0.582763392,0.005989685,3.08,8.8,0.621071358,0.629239119,0.557185214
26,806,0,1dpos,2dpos,onehot,NN,24,10000,3,256,512,128,0.00133696,400,0.377702446,0.000112713,0.604178691,0.009907487,0.617434276,0.002487,0.584937735,0.006799303,4.26,9.4,0.621862028,0.609281168,0.545167029
27,807,0,1dpos,elliptic,5FTE,NN,,,2,512,128,,0.004450127,300,0.438578939,0.000335263,0.583526389,0.016087925,0.598181459,0.002056122,0.548645977,0.031196607,3.44,9.2,0.601502273,0.643343743,0.541016011
28,808,0,1dpos,elliptic,WTE,NN,,,3,128,256,512,0.005936551,200,0.409942617,6.70E-05,0.586262107,0.009744374,0.600158134,0.000941777,0.565605851,0.006906493,2.76,6.8,0.601106938,0.641342026,0.539711405
29,809,0,1dpos,elliptic,onehot,NN,,,2,128,256,,0.009605816,500,0.257988109,0.000433484,0.58467286,0.019713027,0.602569678,0.001621597,0.539830006,0.032604358,3.68,7.2,0.604467286,0.641669653,0.541371813
30,810,0,1dpos,polar,5FTE,NN,,,2,128,512,,0.002407967,400,0.353846612,0.000404977,0.591132635,0.01149342,0.605811425,0.001336268,0.569401067,0.003300515,4.48,9.2,0.607629966,0.641167187,0.548645977
31,811,0,1dpos,polar,WTE,NN,,,3,128,512,512,0.005278885,300,0.498188711,9.42E-05,0.585819332,0.015344795,0.605653291,0.004505345,0.552836529,0.013725729,4.92,10.4,0.613164657,0.645452107,0.545325163
32,812,0,1dpos,polar,onehot,NN,,,2,256,512,,0.003766589,500,0.326995051,0.000945634,0.59002965,0.012147946,0.603004546,0.001560197,0.563708243,0.008633569,5.02,10.4,0.605455624,0.642391372,0.544455426
33,813,0,1dpos,raw,5FTE,NN,,,3,128,128,256,0.013023541,500,0.415739946,0.000194109,0.571199842,0.011442525,0.58533307,0.001229676,0.546787903,0.006481566,4.84,10.8,0.586874876,0.636607345,0.529314094
34,814,0,1dpos,raw,WTE,NN,,,3,128,256,256,0.003914589,500,0.437225755,7.02E-05,0.574449496,0.014996754,0.590907294,0.000822164,0.543071753,0.012353509,5.28,9.8,0.591816565,0.636854208,0.531014034
35,815,0,1dpos,raw,onehot,NN,,,2,128,512,,0.003549986,400,0.424679128,0.000570803,0.574038347,0.010104817,0.586637675,0.002185098,0.553903934,0.013350535,3.64,7,0.589049219,0.642828766,0.534532516
36,816,0,1dpos,zone,5FTE,NN,,,3,256,256,512,0.0020985,500,0.494869573,7.56E-05,0.592793042,0.010671312,0.604941688,0.001293175,0.569519668,0.009529543,6,11.6,0.606641629,0.636944225,0.540462542
37,817,0,1dpos,zone,WTE,NN,,,3,512,256,512,0.004067074,300,0.465195544,0.000662172,0.59303815,0.008697251,0.602095276,0.001036577,0.574066021,0.014392721,4.34,9.8,0.603874283,0.639510527,0.542913619
38,818,0,1dpos,zone,onehot,NN,,,2,128,256,,0.007092682,400,0.151240295,0.000888065,0.597153588,0.010291116,0.610357778,0.00193371,0.575449694,0.003323519,3.38,7.6,0.61375766,0.632536622,0.542518284
39,819,0,cyclic,2dpos,5FTE,NN,8,2500,2,256,512,,0.002819989,300,0.409704557,1.29E-05,0.605214469,0.010068918,0.619331884,0.00352048,0.584502866,0.008344286,4.52,9,0.625420043,0.633843629,0.551057521
40,820,0,cyclic,2dpos,5FTE,NN,8,5000,2,512,512,,0.00205947,200,0.417593874,6.21E-05,0.604277525,0.013750415,0.617631943,0.001989482,0.574263688,0.024433897,4.94,12.6,0.621071358,0.637557428,0.553429532
41,821,0,cyclic,2dpos,5FTE,NN,8,10000,3,256,256,256,0.001476803,400,0.403377486,0.000682952,0.604558213,0.011781342,0.621743428,0.002117904,0.585728405,0.003085767,5.58,10,0.624234038,0.637106066,0.552006325
42,822,0,cyclic,2dpos,5FTE,NN,16,2500,1,512,,,0.001055734,400,0.499162991,0.00036036,0.615109705,0.011495442,0.628266456,0.003481979,0.590156157,0.007684412,3.68,10,0.633326744,0.63796372,0.565052382
43,823,0,cyclic,2dpos,5FTE,NN,16,5000,1,512,,,0.005903323,300,0.485289943,0.00080264,0.614908085,0.010311373,0.627910654,0.001300706,0.591895632,0.007543289,3.34,9.6,0.629768729,0.636120452,0.561178098
44,824,0,cyclic,2dpos,5FTE,NN,16,10000,2,512,256,,0.001469074,300,0.420418417,1.02E-05,0.612959083,0.010036767,0.625657245,0.00120561,0.591500297,0.006790966,4.02,11.4,0.627594386,0.62944692,0.555682941
45,825,0,cyclic,2dpos,5FTE,NN,24,2500,1,512,,,0.002935141,200,0.447253033,0.000338991,0.614927851,0.012395956,0.628266456,0.000798048,0.586360941,0.016916807,3.14,9,0.629373394,0.634716436,0.562957106
46,826,0,cyclic,2dpos,5FTE,NN,24,5000,2,512,512,,0.001059265,200,0.406302948,0.000832077,0.614579957,0.010282462,0.629017592,0.000899333,0.593397905,0.006227311,3.86,9.2,0.629966397,0.62998009,0.55995256
47,827,0,cyclic,2dpos,5FTE,NN,24,10000,1,512,,,0.002122267,300,0.47098629,2.48E-05,0.616698952,0.010114458,0.628029255,0.000795596,0.595058312,0.00656274,3.26,7.4,0.628978059,0.634074976,0.561019964
48,828,0,cyclic,2dpos,WTE,NN,8,2500,3,128,256,512,0.001091964,400,0.491691526,2.74E-05,0.605850959,0.009534487,0.618897015,0.001100566,0.587230678,0.000690423,5.26,10.6,0.620280688,0.634756173,0.550583119
49,829,0,cyclic,2dpos,WTE,NN,8,5000,3,512,128,256,0.003412232,300,0.498144032,3.51E-05,0.606894643,0.008773414,0.618699348,0.001210461,0.589918956,0.00948042,4.62,9,0.619885353,0.63488138,0.551769124
50,830,0,cyclic,2dpos,WTE,NN,8,10000,2,512,128,,0.003317086,400,0.403604081,0.000247265,0.60606444,0.008909759,0.61771101,0.002020661,0.589681755,0.003672575,3.44,7.4,0.62087369,0.63939454,0.553192331
51,831,0,cyclic,2dpos,WTE,NN,16,2500,1,512,,,0.001014909,400,0.477342774,0.000423992,0.617102194,0.008549592,0.628582724,0.002359624,0.599051196,0.003255819,3.5,8.6,0.631745404,0.640863234,0.564498913
52,832,0,cyclic,2dpos,WTE,NN,16,5000,2,512,512,,0.001273154,400,0.458993148,2.70E-05,0.614975292,0.009409503,0.627871121,0.002683478,0.596125717,0.007930632,5.08,11.6,0.632338407,0.627873371,0.559240957
53,833,0,cyclic,2dpos,WTE,NN,16,10000,2,256,128,,0.001830198,300,0.427053897,0.000506994,0.613449298,0.015573379,0.626922317,0.000933443,0.578177505,0.026015254,2.76,7.6,0.627792054,0.643575994,0.565329116
54,834,0,cyclic,2dpos,WTE,NN,24,2500,1,512,,,0.001617852,200,0.327818433,0.000928679,0.614018581,0.013544837,0.628622257,0.002003183,0.582526191,0.011138876,2.72,7.8,0.631745404,0.637502853,0.562166436
55,835,0,cyclic,2dpos,WTE,NN,24,5000,3,512,128,256,0.00101788,200,0.492797792,9.18E-05,0.616857086,0.010621958,0.632970943,0.001662054,0.596204784,0.008676456,3.74,8,0.635698755,0.627112921,0.558054952
56,836,0,cyclic,2dpos,WTE,NN,24,10000,1,256,,,0.001500179,300,0.326057629,0.000635415,0.614338802,0.009806301,0.626289781,0.000515454,0.595255979,0.004403596,2.64,8,0.627001384,0.637047995,0.562522238
57,837,0,cyclic,2dpos,onehot,NN,8,2500,3,256,512,256,0.001883141,500,0.497410229,0.000325849,0.607357185,0.009645068,0.620162087,0.003930056,0.587823681,0.006731443,4.5,9.2,0.626408381,0.638809643,0.559082823
58,838,0,cyclic,2dpos,onehot,NN,8,5000,3,256,512,512,0.00243714,200,0.456309524,0.000626963,0.605095869,0.007659555,0.617118008,0.003087665,0.589444554,0.005606584,5.2,13,0.621664361,0.634384513,0.551848191
59,839,0,cyclic,2dpos,onehot,NN,8,10000,1,512,,,0.021709862,300,0.424452722,0.000330127,0.605712591,0.010133409,0.617394742,0.001449861,0.582209923,0.00844968,2.86,6.2,0.619885353,0.63555429,0.555643408
60,840,0,cyclic,2dpos,onehot,NN,16,2500,2,512,128,,0.001769078,200,0.471136104,0.000442677,0.61537458,0.009276905,0.627199051,0.000894978,0.595137379,0.003167001,3.42,8.4,0.628385056,0.640475311,0.565250049
61,841,0,cyclic,2dpos,onehot,NN,16,5000,2,512,512,,0.001265096,500,0.467488809,9.26E-05,0.615750148,0.009399454,0.628029255,0.001565197,0.595730381,0.006188604,7.18,14.2,0.629966397,0.623616089,0.559794426
62,842,0,cyclic,2dpos,onehot,NN,16,10000,1,512,,,0.001801787,200,0.498609058,1.60E-05,0.617497529,0.0100998,0.628464123,0.000798048,0.596797786,0.007725994,3.52,10,0.629768729,0.642377806,0.565763985
63,843,0,cyclic,2dpos,onehot,NN,24,2500,3,512,128,128,0.00354375,200,0.43966983,2.46E-05,0.614884364,0.010945233,0.629136193,0.002336326,0.591856098,0.001501493,3.48,8.2,0.631943072,0.622543416,0.553627199
64,844,0,cyclic,2dpos,onehot,NN,24,5000,1,512,,,0.001262802,200,0.338388432,1.12E-05,0.617315675,0.008769137,0.628622257,0.001284078,0.602174343,0.002541393,3,7.6,0.630361732,0.63525188,0.565843052
65,845,0,cyclic,2dpos,onehot,NN,24,10000,1,512,,,0.001061748,500,0.473914833,2.60E-05,0.61544574,0.010943117,0.629491994,0.001330407,0.59379324,0.004516173,3.38,9.4,0.630954734,0.631420018,0.562364104
66,846,0,cyclic,elliptic,5FTE,NN,,,2,256,512,,0.010334574,400,0.265521804,0.000232522,0.605518877,0.016891055,0.618817948,0.00208068,0.570428939,0.034391707,4.18,6.8,0.621071358,0.650076729,0.556987547
67,847,0,cyclic,elliptic,WTE,NN,,,3,512,128,128,0.002034141,400,0.364602916,0.000393915,0.606538842,0.013461561,0.618145879,0.001824547,0.575726428,0.021622062,4.58,7.8,0.620676023,0.649456885,0.556750346
68,848,0,cyclic,elliptic,onehot,NN,,,2,256,512,,0.005301148,400,0.42720298,3.97E-05,0.604151018,0.008022636,0.61387626,0.001182706,0.58545167,0.003450417,4.94,8.6,0.615734335,0.652569571,0.554971338
69,849,0,cyclic,polar,5FTE,NN,,,2,256,512,,0.005325798,500,0.266900065,0.000538721,0.604269619,0.011582076,0.616801739,0.000534068,0.579679779,0.009425653,4.1,9,0.617513343,0.64875337,0.56378731
70,850,0,cyclic,polar,WTE,NN,,,3,256,512,128,0.00525508,300,0.218351884,0.000477202,0.604234038,0.013473725,0.616841273,0.001262599,0.572287013,0.018107036,4.4,8.4,0.61850168,0.64675189,0.561454833
71,851,0,cyclic,polar,onehot,NN,,,2,256,128,,0.003125316,500,0.214957997,2.20E-05,0.601031824,0.013601965,0.61375766,0.002840504,0.567977861,0.017420891,3.42,6.8,0.617908678,0.646956746,0.553192331
72,852,0,cyclic,raw,5FTE,NN,,,3,256,512,128,0.00482388,500,0.085806217,0.000529512,0.59465507,0.01286106,0.608420636,0.003590809,0.565645384,0.006016046,5.34,10.2,0.614745997,0.643932491,0.55161099
73,853,0,cyclic,raw,WTE,NN,,,2,128,512,,0.00889463,400,0.198894339,0.000261737,0.593152797,0.015286063,0.608815972,0.00189596,0.557896818,0.017411917,3.98,11.4,0.611583317,0.645981642,0.554734137
74,854,0,cyclic,raw,onehot,NN,,,3,256,512,512,0.003469182,500,0.203434725,0.000978045,0.593227911,0.011740717,0.608302036,0.003436801,0.569598735,0.006363237,5.98,12.2,0.613164657,0.645374976,0.546946037
75,855,0,cyclic,zone,5FTE,NN,,,3,512,128,512,0.005384068,500,0.318294632,0.000208,0.604194505,0.014123507,0.61759241,0.006147746,0.578651907,0.032773669,5.7,14,0.626803716,0.648220804,0.558134019
76,856,0,cyclic,zone,WTE,NN,,,1,512,,,0.017489284,400,0.092196256,0.000274925,0.603249654,0.008545443,0.614034394,0.001199111,0.584147065,0.008136126,2.92,6.2,0.615536667,0.648522752,0.556355011
77,857,0,cyclic,zone,onehot,NN,,,1,512,,,0.013466498,400,0.149069843,0.000300922,0.607218818,0.00759895,0.618580747,0.001308195,0.591618897,0.002742526,2.56,5.6,0.620676023,0.646004422,0.555959676
78,858,0,raw,2dpos,5FTE,NN,8,2500,2,512,128,,0.00477745,300,0.448974205,0.000171191,0.606993477,0.010132311,0.619569085,0.001429507,0.583909864,0.005840398,3.92,9.4,0.620676023,0.64039483,0.552638861
79,859,0,raw,2dpos,5FTE,NN,8,5000,3,256,256,256,0.001678306,300,0.468742435,0.000142836,0.60604072,0.010889117,0.618264479,0.002765227,0.582723858,0.018701792,4.04,7.6,0.621664361,0.639286621,0.549634315
80,860,0,raw,2dpos,5FTE,NN,8,10000,3,256,512,512,0.001462773,300,0.499990611,0.000519145,0.609282467,0.009047497,0.621506227,0.001189295,0.590709626,0.00734249,5.14,9.4,0.622652698,0.637059735,0.555564341
81,861,0,raw,2dpos,5FTE,NN,16,2500,1,512,,,0.00106355,500,0.411519053,0.000979105,0.613457205,0.0091734,0.623166634,0.001079055,0.592488634,0.007213646,4.9,10,0.625024708,0.637987525,0.561889702
82,862,0,raw,2dpos,5FTE,NN,16,5000,1,512,,,0.054861711,500,0.464059165,0.000728873,0.612955129,0.008330744,0.625973513,0.001742392,0.597193121,0.004910755,3.62,9.8,0.628187389,0.631454769,0.558568887
83,863,0,raw,2dpos,5FTE,NN,16,10000,3,512,512,128,0.001350807,300,0.371217197,0.000840276,0.612690255,0.009520594,0.623957304,0.002225845,0.592844436,0.009756449,4.22,11.6,0.627792054,0.635394459,0.557461949
84,864,0,raw,2dpos,5FTE,NN,24,2500,1,512,,,0.001035383,200,0.228417183,3.44E-05,0.61146867,0.013913912,0.626131647,0.001919513,0.579007709,0.019589241,4.4,9.6,0.629175726,0.621399748,0.553231864
85,865,0,raw,2dpos,5FTE,NN,24,5000,1,256,,,0.001496976,500,0.466673189,0.000146307,0.60691441,0.024306164,0.622178296,0.001182706,0.565724451,0.065895516,2.98,8.2,0.624036371,0.635868323,0.557303815
86,866,0,raw,2dpos,5FTE,NN,24,10000,2,128,512,,0.00455015,400,0.39850631,3.08E-05,0.608064835,0.012095059,0.621269025,0.001194213,0.579363511,0.015233229,3.22,7.6,0.622652698,0.626611306,0.553429532
87,867,0,raw,2dpos,WTE,NN,8,2500,2,256,512,,0.011825309,300,0.367390167,0.000128317,0.602035975,0.009073854,0.617197075,0.003164533,0.584898201,0.005665511,3.48,7.4,0.621071358,0.639674173,0.550622653
88,868,0,raw,2dpos,WTE,NN,8,5000,2,512,512,,0.00453539,300,0.471830429,0.000114552,0.607938328,0.009334699,0.620280688,0.001340646,0.590116624,0.004749371,4.92,10,0.622257363,0.637816227,0.556355011
89,869,0,raw,2dpos,WTE,NN,8,10000,2,512,512,,0.003193559,400,0.445618412,0.000426767,0.607756474,0.010406292,0.619569085,0.001502793,0.585372603,0.011232839,5.38,9.4,0.621664361,0.635691764,0.554457403
90,870,0,raw,2dpos,WTE,NN,16,2500,3,128,128,128,0.003079827,200,0.329405577,0.000100739,0.613287211,0.006810493,0.622771299,0.001873154,0.598734928,0.003409407,3,6.6,0.625420043,0.63195772,0.55690848
91,871,0,raw,2dpos,WTE,NN,16,5000,3,512,128,128,0.001532128,200,0.461101089,2.25E-05,0.613559992,0.010303429,0.627317652,0.001032801,0.59300257,0.01060519,3.16,8.6,0.628385056,0.633794195,0.556987547
92,872,0,raw,2dpos,WTE,NN,16,10000,2,256,128,,0.001035295,400,0.328358336,1.05E-05,0.611705871,0.013219461,0.624985175,0.001095228,0.586519075,0.024940362,3.38,10.6,0.626606049,0.630252558,0.554299269
93,873,0,raw,2dpos,WTE,NN,24,2500,3,512,128,128,0.001412829,300,0.496930986,3.65E-05,0.611923305,0.009613945,0.623878237,0.001792137,0.589444554,0.006186393,3.26,6.8,0.625815379,0.625383547,0.553152797
94,874,0,raw,2dpos,WTE,NN,24,5000,1,512,,,0.002599781,200,0.389532464,1.34E-05,0.611618897,0.009625604,0.622613165,0.001764674,0.591025894,0.002833618,2.4,5.4,0.624827041,0.625103069,0.554773671
95,875,0,raw,2dpos,WTE,NN,24,10000,3,128,256,128,0.001021345,500,0.459278468,8.73E-05,0.612310733,0.008120777,0.626329314,0.002873327,0.596402451,0.004151959,3.4,9.8,0.629571061,0.623072249,0.55307373
96,876,0,raw,2dpos,onehot,NN,8,2500,2,512,512,,0.001012307,300,0.448375831,0.000161507,0.608685511,0.00863024,0.619885353,0.001226495,0.590788693,0.005505316,5.62,11.6,0.621862028,0.636089702,0.556789879
97,877,0,raw,2dpos,onehot,NN,8,5000,1,512,,,0.039833538,300,0.237782189,0.000565182,0.602826646,0.010352167,0.617236608,0.003900116,0.582368057,0.004896811,3.04,9.6,0.623838703,0.637185649,0.553706266
98,878,0,raw,2dpos,onehot,NN,8,10000,3,128,512,128,0.001543991,200,0.330214416,6.45E-05,0.604744021,0.01033511,0.619094683,0.001550147,0.58307966,0.005138215,4.44,9.8,0.620676023,0.632579852,0.55465507
99,879,0,raw,2dpos,onehot,NN,16,2500,2,256,256,,0.001282735,500,0.414301084,0.000309293,0.612302827,0.014646996,0.624866574,0.002022594,0.580391382,0.029593542,3.14,8.4,0.628187389,0.640911178,0.560545562
100,880,0,raw,2dpos,onehot,NN,16,5000,2,256,512,,0.006098426,200,0.466507739,7.32E-05,0.613718126,0.009371941,0.625222376,0.001036577,0.594307175,0.005654466,2.34,6.8,0.626606049,0.638591176,0.561692034
101,881,0,raw,2dpos,onehot,NN,16,10000,2,256,512,,0.00224058,400,0.496941159,2.61E-05,0.615117612,0.010382501,0.628385056,0.001445813,0.59312117,0.002973566,4.28,9.2,0.630164064,0.634529684,0.561494366
102,882,0,raw,2dpos,onehot,NN,24,2500,3,256,512,128,0.001300192,500,0.498710848,0.000589678,0.614085788,0.008444276,0.627396719,0.003116008,0.598774461,0.001002079,4.02,9.8,0.630559399,0.629738744,0.55769915
103,883,0,raw,2dpos,onehot,NN,24,5000,1,512,,,0.001547586,200,0.310098502,0.000483281,0.614239968,0.009580887,0.625775845,0.001104111,0.5923305,0.003006236,2.22,7.6,0.627001384,0.634283234,0.563154774
104,884,0,raw,2dpos,onehot,NN,24,10000,1,256,,,0.003024234,200,0.499792152,2.17E-05,0.614793437,0.008957487,0.627278118,0.000586377,0.598023325,0.004703906,2.54,7.6,0.628187389,0.633602809,0.56299664
105,885,0,raw,elliptic,5FTE,NN,,,3,512,256,256,0.001585646,300,0.24103175,0.000160412,0.60539237,0.014048361,0.619569085,0.003362092,0.571140542,0.010694708,4.68,8.6,0.623443368,0.648073345,0.555564341
106,886,0,raw,elliptic,WTE,NN,,,2,512,512,,0.003489262,400,0.130910324,0.000210649,0.606610002,0.011057371,0.621822495,0.002775804,0.581102985,0.007075283,5.78,12.6,0.626210714,0.648830715,0.554813204
107,887,0,raw,elliptic,onehot,NN,,,3,128,128,512,0.007010726,400,0.404407669,0.000104747,0.602051789,0.015569084,0.617157541,0.002567396,0.565408183,0.024155748,4.66,7.8,0.620676023,0.648711988,0.554022534
108,888,0,raw,polar,5FTE,NN,,,3,512,128,256,0.004146231,500,0.367373008,0.000990052,0.605827239,0.013305963,0.620834157,0.001913397,0.577426369,0.005685132,5.8,11.6,0.623641036,0.650204007,0.565447717
109,889,0,raw,polar,WTE,NN,,,2,512,512,,0.008586829,300,0.181167597,0.000124888,0.605665151,0.011691946,0.61838308,0.00067901,0.579403044,0.014110332,4.96,12.8,0.61929235,0.646664907,0.560545562
110,890,0,raw,polar,onehot,NN,,,3,256,512,512,0.002502547,400,0.376558002,0.000370947,0.605186796,0.009686471,0.618857482,0.003487025,0.584661,0.005239867,4.78,11.2,0.624827041,0.64769327,0.560268828
111,891,0,raw,raw,5FTE,NN,,,3,128,128,256,0.011781341,500,0.122077742,0.000670756,0.597991698,0.012871273,0.614271595,0.003930056,0.569480134,0.007725488,4.34,8.4,0.619490018,0.646517953,0.55769915
112,892,0,raw,raw,WTE,NN,,,3,128,128,512,0.003423388,400,0.191702241,0.000219236,0.594030441,0.013409556,0.608341569,0.001330407,0.566119787,0.008332571,5,11.4,0.609804309,0.645625221,0.551769124
113,893,0,raw,raw,onehot,NN,,,3,256,256,128,0.002781492,400,0.336692701,0.000776369,0.595730381,0.013703248,0.611346116,0.003730631,0.564498913,0.016377443,4.54,9.6,0.615339,0.646765945,0.554141135
114,894,0,raw,zone,5FTE,NN,,,3,512,256,128,0.004291893,400,0.385576432,0.000204614,0.606008286,0.009273973,0.618778415,0.002976849,0.58849575,0.00275106,5,10,0.624036371,0.649875005,0.557382882
115,895,0,raw,zone,WTE,NN,,,2,512,128,,0.008217229,400,0.115351728,0.000358353,0.606566515,0.005940624,0.61692034,0.002049461,0.595532714,0.002700894,4.66,12.6,0.619687685,0.650565009,0.55758055
116,896,0,raw,zone,onehot,NN,,,2,512,256,,0.003616424,300,0.366488722,0.000504321,0.611037754,0.008635869,0.620596956,0.001140663,0.590195691,0.007069758,3.92,8.6,0.622257363,0.644821107,0.555880609
117,897,1,1dpos,2dpos,5FTE,NN,8,2500,3,256,512,256,0.00126417,500,0.45534618,0.000681815,0.59775845,0.010396759,0.612097252,0.003498771,0.574896225,0.004376896,6.38,13.8,0.617118008,0.635658059,0.543704289
118,898,1,1dpos,2dpos,5FTE,NN,8,5000,3,256,128,512,0.001321287,400,0.362543372,9.22E-05,0.594757857,0.0184406,0.608499703,0.001401907,0.556631745,0.040513887,5.62,9.6,0.610397312,0.624011037,0.539237003
119,899,1,1dpos,2dpos,5FTE,NN,8,10000,2,256,128,,0.00281192,400,0.40351589,4.11E-05,0.596161297,0.007742885,0.60608816,0.000807781,0.578217039,0.006033556,4.54,9.8,0.607432299,0.630766815,0.544218225
120,900,1,1dpos,2dpos,5FTE,NN,16,2500,2,256,512,,0.001152181,300,0.482023056,2.44E-05,0.609748962,0.009923316,0.62470844,0.001140663,0.592053766,0.004400933,3.06,7.6,0.625815379,0.639279704,0.558687488
121,901,1,1dpos,2dpos,5FTE,NN,16,5000,3,256,256,256,0.001003397,200,0.337423125,0.000860151,0.607942281,0.012474971,0.623878237,0.002869245,0.581419253,0.013032272,3.56,7.4,0.627989721,0.629832851,0.551769124
122,902,1,1dpos,2dpos,5FTE,NN,16,10000,3,256,128,256,0.001629291,200,0.397873703,2.77E-05,0.604704487,0.014347182,0.621031824,0.001086273,0.57236608,0.011723034,3.04,6.8,0.622257363,0.624618383,0.546629769
123,903,1,1dpos,2dpos,5FTE,NN,24,2500,2,128,512,,0.001041241,400,0.470734506,5.19E-05,0.605052382,0.014017649,0.621901562,0.001434963,0.574303222,0.016987106,4.6,9.2,0.624431706,0.629050665,0.554299269
124,904,1,1dpos,2dpos,5FTE,NN,24,5000,1,256,,,0.001312245,500,0.479698723,0.000701141,0.606629769,0.009598038,0.62075509,0.001088069,0.589325954,0.00270523,2.62,5,0.622257363,0.632236788,0.557541016
125,905,1,1dpos,2dpos,5FTE,NN,24,10000,2,256,128,,0.001378413,200,0.478312372,0.000548543,0.607159518,0.01278751,0.62142716,0.001520884,0.582012255,0.004526112,2.7,8.4,0.623838703,0.63100831,0.55690848
126,906,1,1dpos,2dpos,WTE,NN,8,2500,2,256,512,,0.002083433,400,0.342877125,0.000640455,0.593306978,0.010291055,0.607709033,0.002423343,0.572049812,0.008943227,4.26,9.4,0.610792647,0.630574314,0.545957699
127,907,1,1dpos,2dpos,WTE,NN,8,5000,2,128,512,,0.001033291,200,0.140642335,0.000221293,0.591947025,0.010646116,0.604309152,0.002979473,0.567463926,0.00659955,3.14,7.4,0.607827634,0.636529858,0.545048429
128,908,1,1dpos,2dpos,WTE,NN,8,10000,2,512,256,,0.001599693,300,0.458273382,0.000594048,0.592437241,0.010358386,0.604111484,0.000676127,0.568768531,0.005881398,4,11.4,0.604862621,0.630727869,0.542597351
129,909,1,1dpos,2dpos,WTE,NN,16,2500,2,256,512,,0.001718872,500,0.471935255,0.000363067,0.607546946,0.009692506,0.620636489,0.000583035,0.587428346,0.004910755,4.28,9.2,0.621466693,0.628313754,0.550662186
130,910,1,1dpos,2dpos,WTE,NN,16,5000,3,256,512,256,0.004825723,200,0.342990116,0.000489145,0.605064242,0.012009943,0.619410951,0.001254839,0.578849575,0.005868096,3.34,10.2,0.621466693,0.631651341,0.554615537
131,911,1,1dpos,2dpos,WTE,NN,16,10000,2,128,512,,0.00141814,300,0.44503749,2.53E-05,0.609626408,0.013018232,0.624392172,0.002567396,0.578691441,0.006234523,4.48,10,0.626803716,0.634595334,0.558924689
132,912,1,1dpos,2dpos,WTE,NN,24,2500,2,256,128,,0.001018203,200,0.293874417,0.000296086,0.606613955,0.010655953,0.620952757,0.000693247,0.584977268,0.007335836,3.12,9,0.621664361,0.636152795,0.556552678
133,913,1,1dpos,2dpos,WTE,NN,24,5000,1,256,,,0.00114592,200,0.398981043,1.11E-05,0.607159518,0.009886917,0.618778415,0.00109701,0.584858668,0.005460778,2.58,7.4,0.620676023,0.634051178,0.556473611
134,914,1,1dpos,2dpos,WTE,NN,24,10000,1,512,,,0.00104331,300,0.478164778,1.11E-05,0.602648745,0.022997666,0.619885353,0.002169846,0.550266851,0.041237112,3.18,7.2,0.623443368,0.628388814,0.553587666
135,915,1,1dpos,2dpos,onehot,NN,8,2500,3,128,512,512,0.001196656,300,0.49780738,0.000259364,0.594860644,0.017991446,0.610357778,0.00137943,0.555564341,0.036065955,4.82,9.4,0.611978652,0.637587085,0.54315082
136,916,1,1dpos,2dpos,onehot,NN,8,5000,3,512,512,128,0.001311452,500,0.496040979,0.000801863,0.591543783,0.011323623,0.605337023,0.003523808,0.565961653,0.0068608,3.74,10.4,0.610990314,0.63516302,0.542636885
137,917,1,1dpos,2dpos,onehot,NN,8,10000,2,512,512,,0.001123362,500,0.466851241,0.000245597,0.594489029,0.010164444,0.606285827,0.002390061,0.571180075,0.011098112,7.28,13.4,0.609408974,0.631713709,0.542992686
138,918,1,1dpos,2dpos,onehot,NN,16,2500,2,128,512,,0.001419711,300,0.416620045,1.57E-05,0.607594386,0.011583225,0.621703894,0.001786678,0.582763392,0.0083763,3.72,9.6,0.624827041,0.634833029,0.555485274
139,919,1,1dpos,2dpos,onehot,NN,16,5000,2,128,256,,0.002678078,500,0.499542278,0.000419619,0.607673453,0.009767508,0.620003953,0.003586998,0.585609804,0.005063916,3.38,7,0.624036371,0.636178642,0.556948013
140,920,1,1dpos,2dpos,onehot,NN,16,10000,2,256,128,,0.002744672,500,0.43678461,0.000347596,0.605819332,0.014455229,0.61771101,0.000765563,0.570508006,0.020866988,4.42,12,0.61850168,0.635337174,0.552203993
141,921,1,1dpos,2dpos,onehot,NN,24,2500,3,128,512,512,0.001295584,200,0.441700901,0.000470077,0.607206958,0.013618787,0.621466693,0.003400801,0.57541016,0.014331236,3.78,8.4,0.626606049,0.624566694,0.550227318
142,922,1,1dpos,2dpos,onehot,NN,24,5000,3,256,128,256,0.001775169,300,0.420489552,2.75E-05,0.604277525,0.019607247,0.621071358,0.001273384,0.558885155,0.033152975,4.14,8.6,0.623245701,0.622325873,0.552559794
143,923,1,1dpos,2dpos,onehot,NN,24,10000,1,512,,,0.001387377,400,0.497601829,0.000391045,0.607495552,0.011815623,0.619766752,0.001449861,0.579798379,0.009270796,3.18,6.6,0.621862028,0.632265571,0.556196877
144,924,1,1dpos,elliptic,5FTE,NN,,,3,128,256,128,0.001930416,400,0.252345063,0.000528274,0.58774066,0.013624107,0.602134809,0.001861646,0.556750346,0.014706384,4.2,9.8,0.605257956,0.644421023,0.544415892
145,925,1,1dpos,elliptic,WTE,NN,,,2,128,256,,0.00718707,500,0.479285889,0.000142887,0.587341372,0.011894007,0.601106938,0.001806253,0.561217632,0.012540131,3.96,10,0.604269619,0.643350182,0.546827436
146,926,1,1dpos,elliptic,onehot,NN,,,3,256,128,512,0.0048163,300,0.403640014,0.000192618,0.586708836,0.018901278,0.60462542,0.002003183,0.542676418,0.027186507,4.96,10.2,0.607432299,0.64015264,0.540383475
147,927,1,1dpos,polar,5FTE,NN,,,2,256,512,,0.006389386,300,0.339764345,0.0003178,0.588906899,0.009825442,0.601344139,0.003311742,0.565408183,0.007270296,4.38,8,0.607036964,0.644330445,0.543111287
148,928,1,1dpos,polar,WTE,NN,,,2,512,256,,0.002407564,400,0.394679213,0.000392893,0.58769322,0.012769609,0.60146274,0.003564598,0.55995256,0.018495597,4.04,8.4,0.607827634,0.644189396,0.542913619
149,929,1,1dpos,polar,onehot,NN,,,3,128,128,256,0.003110243,500,0.404864681,0.000799334,0.586072346,0.011650612,0.602134809,0.001213685,0.561415299,0.007165823,3.42,6,0.603874283,0.644455707,0.545522831
150,930,1,1dpos,raw,5FTE,NN,,,3,128,512,512,0.009533228,500,0.299781828,0.000737635,0.574757857,0.014578593,0.590037557,0.004155722,0.545048429,0.028806134,7.34,14,0.597351255,0.639826575,0.531093101
151,931,1,1dpos,raw,WTE,NN,,,3,256,256,512,0.002424726,500,0.466445213,0.000535995,0.571717731,0.016825118,0.592725835,0.00231195,0.533346511,0.009186118,4.2,8.4,0.596560585,0.640604907,0.535283653
152,932,1,1dpos,raw,onehot,NN,,,3,128,512,256,0.004688346,300,0.338010391,0.000756608,0.568891085,0.008364853,0.582961059,0.004974,0.552717928,0.004484483,3.08,7.2,0.591618897,0.637793351,0.533030243
153,933,1,1dpos,zone,5FTE,NN,,,2,256,256,,0.002840538,400,0.158177575,0.000886015,0.589926863,0.009956538,0.602727812,0.001714132,0.568294129,0.006339244,2.94,7,0.605060289,0.643464732,0.542004349
154,934,1,1dpos,zone,WTE,NN,,,3,256,256,128,0.005985406,500,0.412038191,0.000740248,0.595702708,0.007713801,0.605574224,0.001380846,0.579719312,0.003594615,4.98,9.4,0.607827634,0.64172715,0.543467088
155,935,1,1dpos,zone,onehot,NN,,,2,128,256,,0.00330166,400,0.359585306,0.000107739,0.598481913,0.011044143,0.610792647,0.001073609,0.571140542,0.006520931,3.56,6.8,0.611780984,0.639010709,0.543190354
156,936,1,cyclic,2dpos,5FTE,NN,8,2500,3,256,512,512,0.001747801,300,0.399745211,0.00052913,0.607108124,0.010264098,0.619727219,0.001908285,0.585570271,0.012617166,4.38,8,0.622652698,0.636768197,0.554022534
157,937,1,cyclic,2dpos,5FTE,NN,8,5000,3,128,128,512,0.001252738,200,0.318566755,4.90E-05,0.602795019,0.011597296,0.61454833,0.001647888,0.577110101,0.019003653,3.5,7.6,0.616722672,0.640014115,0.551136588
158,938,1,cyclic,2dpos,5FTE,NN,8,10000,2,512,512,,0.001057672,500,0.371130905,0.000198701,0.606712789,0.008376977,0.619924886,0.002501881,0.591104961,0.008659778,6.32,11.6,0.623443368,0.639079338,0.55465507
159,939,1,cyclic,2dpos,5FTE,NN,16,2500,2,256,256,,0.001131065,300,0.42520289,0.000291245,0.61378138,0.016516757,0.627950188,0.002180623,0.57382882,0.025050801,2.96,8,0.630559399,0.634881161,0.561059498
160,940,1,cyclic,2dpos,5FTE,NN,16,5000,2,512,128,,0.001509488,300,0.477213413,5.56E-05,0.616173157,0.011036505,0.627792054,0.000752696,0.591500297,0.011082257,3.6,10,0.628978059,0.640896507,0.561929235
161,941,1,cyclic,2dpos,5FTE,NN,16,10000,3,256,256,512,0.003154132,200,0.498378163,0.000233818,0.615501087,0.007306956,0.625894446,0.002382693,0.600593003,0.004035517,3.22,8,0.629373394,0.635977947,0.562719905
162,942,1,cyclic,2dpos,5FTE,NN,24,2500,1,512,,,0.001563552,300,0.41044128,1.31E-05,0.616394544,0.011857268,0.630401265,0.001632403,0.589879423,0.006070678,2.96,6.8,0.632338407,0.635201161,0.560506029
163,943,1,cyclic,2dpos,5FTE,NN,24,5000,1,512,,,0.001908981,200,0.498832349,0.000330309,0.618260526,0.009466189,0.630124531,0.002544466,0.598458193,0.010540147,2.62,5.8,0.633129077,0.639625776,0.563826843
164,944,1,cyclic,2dpos,5FTE,NN,24,10000,1,256,,,0.002933859,200,0.423789966,4.86E-05,0.614777624,0.008768897,0.625617711,0.002784938,0.595058312,0.008382362,2.52,7.8,0.630559399,0.635884039,0.561099031
165,945,1,cyclic,2dpos,WTE,NN,8,2500,2,256,256,,0.003171549,400,0.387958568,0.000389341,0.605566317,0.008468279,0.615576201,0.000831614,0.58612374,0.005088547,3.56,9,0.616525005,0.641853149,0.5538644
166,946,1,cyclic,2dpos,WTE,NN,8,5000,3,512,512,256,0.001801611,300,0.477031874,0.00080257,0.607720893,0.011819252,0.61996442,0.00177681,0.584186598,0.022400885,6.28,13.4,0.622850366,0.638319425,0.551927258
167,947,1,cyclic,2dpos,WTE,NN,8,10000,2,512,512,,0.001262494,400,0.480769119,2.66E-05,0.608226922,0.011380912,0.621150425,0.00177681,0.582605258,0.011766283,6.3,11.6,0.623641036,0.635864532,0.555129472
168,948,1,cyclic,2dpos,WTE,NN,16,2500,1,512,,,0.008106575,300,0.470518933,4.15E-05,0.615180866,0.010432942,0.62842459,0.000530398,0.592646768,0.006955538,3.68,8,0.628780391,0.635425796,0.5616525
169,949,1,cyclic,2dpos,WTE,NN,16,5000,3,512,128,128,0.001058232,300,0.49069635,1.12E-05,0.614030441,0.015205271,0.628305989,0.001645515,0.578928642,0.019171916,4.14,9.2,0.630164064,0.628358022,0.557620083
170,950,1,cyclic,2dpos,WTE,NN,16,10000,2,256,256,,0.001071848,400,0.498459035,0.000250492,0.617212888,0.009707808,0.628068788,0.000890601,0.595176912,0.004563509,3.72,6,0.629571061,0.63422647,0.563431508
171,951,1,cyclic,2dpos,WTE,NN,24,2500,1,256,,,0.001509856,500,0.453393614,5.65E-05,0.617007314,0.007638233,0.628187389,0.002546768,0.603439415,0.004261099,4.1,9.8,0.632140739,0.632166166,0.55837122
172,952,1,cyclic,2dpos,WTE,NN,24,5000,3,512,128,256,0.001298213,200,0.496607878,0.000373956,0.616343151,0.010971036,0.630559399,0.002416885,0.593200237,0.005378954,4.16,9,0.634315082,0.624295049,0.554180668
173,953,1,cyclic,2dpos,WTE,NN,24,10000,3,128,512,256,0.001876537,200,0.328038848,0.000362327,0.614038347,0.012801359,0.626724649,0.001765781,0.584621467,0.016778235,3.32,10.4,0.629768729,0.630575568,0.557303815
174,954,1,cyclic,2dpos,onehot,NN,8,2500,2,512,256,,0.003858399,500,0.499345413,0.000508973,0.604111484,0.019388657,0.617750544,0.001068136,0.561731568,0.040445934,5.94,12.6,0.619490018,0.642485698,0.553469065
175,955,1,cyclic,2dpos,onehot,NN,8,5000,3,256,512,512,0.001268522,400,0.417687839,0.000963228,0.605530737,0.011241215,0.621743428,0.005434239,0.584265665,0.007445273,8,14.2,0.627396719,0.638129887,0.556394544
176,956,1,cyclic,2dpos,onehot,NN,8,10000,2,512,512,,0.00231052,300,0.361862915,0.000344191,0.606851398,0.00883788,0.619055149,0.00275106,0.590472425,0.009789433,50.28571429,160,0.623838703,0.637651954,0.555920142
177,957,1,cyclic,2dpos,onehot,NN,16,2500,1,512,,,0.003423868,400,0.412036597,3.02E-05,0.617303815,0.007873999,0.626131647,0.000299778,0.601027871,0.005168921,54.06,190,0.626408381,0.643078511,0.566989524
178,958,1,cyclic,2dpos,onehot,NN,16,5000,3,512,256,128,0.001042887,200,0.454358692,3.04E-05,0.613927654,0.016237737,0.631666337,0.002897026,0.57541016,0.01843031,62.22,172.8,0.636291757,0.638414678,0.562047836
179,959,1,cyclic,2dpos,onehot,NN,16,10000,3,512,128,512,0.001352308,300,0.45942782,0.000149302,0.612607235,0.008412495,0.624234038,0.003457769,0.59537458,0.0091644,52.28,155,0.629768729,0.634701753,0.558647954
180,960,1,cyclic,2dpos,onehot,NN,24,2500,1,512,,,0.001813657,200,0.298115889,0.000639032,0.617284048,0.009412807,0.630875667,0.00203799,0.599525598,0.005982505,32.9,99.4,0.634117415,0.633807089,0.562719905
181,961,1,cyclic,2dpos,onehot,NN,24,5000,1,512,,,0.001577404,300,0.420577527,1.02E-05,0.616948013,0.010450812,0.629452461,0.00124703,0.596758253,0.002262408,41.42,106.2,0.630757067,0.633274165,0.561059498
182,962,1,cyclic,2dpos,onehot,NN,24,10000,1,256,,,0.001329466,500,0.485846671,0.000277167,0.614868551,0.008158831,0.628661791,0.002382693,0.600197668,0.00131564,34.78,130.4,0.632140739,0.63628179,0.561929235
183,963,1,cyclic,elliptic,5FTE,NN,,,2,256,128,,0.007270972,500,0.270236326,0.000974899,0.604751927,0.012982098,0.617473809,0.001943786,0.576398498,0.019449922,40.86,120.6,0.619885353,0.65469401,0.562087369
184,964,1,cyclic,elliptic,WTE,NN,,,2,256,256,,0.004938628,300,0.243615162,4.57E-05,0.603890097,0.011365512,0.61612967,0.002317857,0.578137972,0.011449711,50.42,125.4,0.62008302,0.650654479,0.555722475
185,965,1,cyclic,elliptic,onehot,NN,,,2,512,256,,0.001998024,400,0.037391747,0.00024286,0.606277921,0.009661215,0.618106345,0.001459263,0.587309745,0.002075038,58.56,148.2,0.620676023,0.652215077,0.560229294
186,966,1,cyclic,polar,5FTE,NN,,,3,512,128,512,0.002388856,300,0.323239901,0.000404618,0.602949199,0.014740319,0.617276142,0.000899333,0.570508006,0.020557612,63.66,178.6,0.61850168,0.648257128,0.561929235
187,967,1,cyclic,polar,WTE,NN,,,3,512,128,128,0.002228864,400,0.304146068,0.000755765,0.601004151,0.020358609,0.619134216,0.002285604,0.55149239,0.024675606,57.86,150.4,0.622059696,0.647996311,0.560268828
188,968,1,cyclic,polar,onehot,NN,,,2,512,256,,0.002153239,300,0.203121863,0.000125148,0.599845819,0.01243161,0.613204191,0.002834996,0.572128879,0.005036838,51.76,138.2,0.617908678,0.647203613,0.556829413
189,969,1,cyclic,raw,5FTE,NN,,,2,512,256,,0.004605999,400,0.275926159,7.58E-05,0.59454357,0.010906772,0.607867167,0.000899333,0.571061475,0.008603648,13.53061224,85.4,0.608815972,0.644675879,0.551690057
190,970,1,cyclic,raw,WTE,NN,,,3,512,512,512,0.006560533,500,0.347281685,0.000593589,0.593678593,0.012849419,0.60992291,0.004615865,0.565882585,0.002733249,8.62,17,0.618106345,0.646744129,0.553113263
191,971,1,cyclic,raw,onehot,NN,,,3,128,256,512,0.003513542,500,0.3444849,0.00019622,0.595418067,0.010806149,0.609646175,0.001172753,0.572524214,0.011264101,5.26,11.8,0.611187982,0.644386607,0.550385452
192,972,1,cyclic,zone,5FTE,NN,,,3,128,512,512,0.007443317,200,0.144215025,0.000394016,0.606534888,0.008995919,0.618106345,0.003674171,0.587388812,0.007279695,3.74,8.8,0.624629373,0.65079686,0.560308361
193,973,1,cyclic,zone,WTE,NN,,,3,512,512,128,0.002636469,400,0.417167908,0.000704947,0.606716742,0.010192932,0.617631943,0.002341338,0.583119194,0.01460668,4.2,9.4,0.621466693,0.651335378,0.560308361
194,974,1,cyclic,zone,onehot,NN,,,3,128,128,512,0.00818785,400,0.458742709,0.000156419,0.612757462,0.007292178,0.622099229,0.001514448,0.597707057,0.006139478,3.88,9.2,0.624629373,0.644640082,0.555050405
195,975,1,raw,2dpos,5FTE,NN,8,2500,2,128,512,,0.002268518,400,0.442588583,0.000124512,0.605582131,0.010212226,0.619569085,0.001483165,0.582881992,0.005343242,3.34,7,0.621466693,0.633898985,0.555564341
196,976,1,raw,2dpos,5FTE,NN,8,5000,3,512,512,512,0.001766696,300,0.437951739,0.000481931,0.607467879,0.011105534,0.620952757,0.000496142,0.583237794,0.011378852,4.7,9.8,0.621269025,0.635054716,0.551887725
197,977,1,raw,2dpos,5FTE,NN,8,10000,2,512,256,,0.001678294,400,0.430226223,0.000194107,0.606503262,0.01115129,0.616525005,0.001007911,0.580589049,0.016281734,3.84,8,0.617908678,0.635834965,0.553943467
198,978,1,raw,2dpos,5FTE,NN,16,2500,2,512,128,,0.001250731,300,0.453349608,2.05E-05,0.614805297,0.010038617,0.626764183,0.001164394,0.591500297,0.008025155,3.5,9.2,0.628582724,0.636457648,0.558845622
199,979,1,raw,2dpos,5FTE,NN,16,5000,3,512,256,128,0.001315952,200,0.298796175,6.23E-05,0.614073928,0.011772594,0.626013046,0.00235548,0.587230678,0.017470052,5.12,8.4,0.630164064,0.625306535,0.554971338
200,980,1,raw,2dpos,5FTE,NN,16,10000,2,256,256,,0.002939065,400,0.364783464,1.56E-05,0.613184424,0.011822897,0.624827041,0.000197668,0.587626013,0.021075659,3.04,7.6,0.625024708,0.63968313,0.561731568
201,981,1,raw,2dpos,5FTE,NN,24,2500,2,256,128,,0.001001097,300,0.496165513,0.00046134,0.614156948,0.009544558,0.62775252,0.001725491,0.59549318,0.007223119,3.4,7.8,0.629768729,0.63254658,0.562561771
202,982,1,raw,2dpos,5FTE,NN,24,5000,3,256,512,128,0.001155963,200,0.461478366,0.000338464,0.612464914,0.01098254,0.627594386,0.002565874,0.589839889,0.003804779,3.62,8.4,0.631152402,0.632722448,0.562166436
203,983,1,raw,2dpos,5FTE,NN,24,10000,1,256,,,0.002325833,300,0.484416353,5.75E-05,0.614999012,0.007668019,0.624827041,0.001311178,0.599881399,0.006070678,2.7,7.2,0.626606049,0.638710621,0.563154774
204,984,1,raw,2dpos,WTE,NN,8,2500,2,256,512,,0.001071144,500,0.364484352,0.000233497,0.605763985,0.009482254,0.617908678,0.00178449,0.58545167,0.004173079,6.02,15,0.620478355,0.633650555,0.555722475
205,985,1,raw,2dpos,WTE,NN,8,5000,2,256,256,,0.005146427,400,0.444801022,0.000495664,0.605420043,0.007790953,0.617315675,0.001751339,0.59074916,0.004112245,3.56,7,0.619490018,0.639669508,0.554220202
206,986,1,raw,2dpos,WTE,NN,8,10000,3,128,512,128,0.005613583,200,0.459134974,0.000437966,0.604154971,0.010330873,0.616880806,0.0019983,0.580509982,0.005119169,3.28,6.8,0.62008302,0.641290964,0.554220202
207,987,1,raw,2dpos,WTE,NN,16,2500,2,512,512,,0.001269158,200,0.482806706,0.000386882,0.616805693,0.009357473,0.630480332,0.001919513,0.597707057,0.00399122,4.04,9.2,0.632536074,0.642032967,0.564973315
208,988,1,raw,2dpos,WTE,NN,16,5000,1,512,,,0.001463024,300,0.245055477,0.000743693,0.613429532,0.008778372,0.624392172,0.002789844,0.593595572,0.005651701,3.48,9,0.629373394,0.641247251,0.563312908
209,989,1,raw,2dpos,WTE,NN,16,10000,1,512,,,0.001093253,400,0.475160497,6.96E-05,0.614319035,0.011833825,0.626606049,0.001432237,0.585847005,0.008296622,3.92,9.4,0.628582724,0.641935399,0.565329116
210,990,1,raw,2dpos,WTE,NN,24,2500,3,256,256,128,0.002979679,200,0.497699422,0.000168067,0.614145088,0.007163047,0.624827041,0.001505391,0.600909271,0.003429403,3.1,9.2,0.626803716,0.627605479,0.55702708
211,991,1,raw,2dpos,WTE,NN,24,5000,1,256,,,0.003260937,400,0.4010505,0.000256164,0.613552085,0.011014278,0.625933979,0.002415267,0.587309745,0.007440023,3.12,6.6,0.629571061,0.636494037,0.55995256
212,992,1,raw,2dpos,WTE,NN,24,10000,1,512,,,0.002126828,300,0.451209066,3.61E-05,0.608456217,0.02804954,0.623285234,0.001488425,0.559478158,0.076041466,4.74,11,0.625617711,0.627111529,0.552955129
213,993,1,raw,2dpos,onehot,NN,8,2500,2,128,128,,0.008698029,300,0.302150343,0.000246043,0.603625222,0.00680111,0.61375766,0.00274964,0.591974699,0.002377769,2.86,11.2,0.617315675,0.640074218,0.553785333
214,994,1,raw,2dpos,onehot,NN,8,5000,3,512,128,512,0.001003532,300,0.435445117,2.41E-05,0.608135995,0.008507923,0.620952757,0.001387902,0.590116624,0.002455378,4.84,8,0.622455031,0.637030643,0.552203993
215,995,1,raw,2dpos,onehot,NN,8,10000,2,512,256,,0.001222504,400,0.313557687,3.91E-05,0.607104171,0.009889233,0.620043487,0.002686388,0.587191144,0.010364453,4.76,10,0.624827041,0.634027614,0.553271398
216,996,1,raw,2dpos,onehot,NN,16,2500,2,256,256,,0.001270376,200,0.284238793,0.000195875,0.611286816,0.023357095,0.626724649,0.001207229,0.550978454,0.033613245,3.04,9.2,0.628582724,0.636002185,0.562126903
217,997,1,raw,2dpos,onehot,NN,16,5000,2,512,256,,0.001589438,400,0.41423449,3.93E-05,0.611753311,0.034358288,0.62684325,0.00119748,0.552678395,0.096351919,5.2,12.2,0.628187389,0.636125428,0.55916189
218,998,1,raw,2dpos,onehot,NN,16,10000,1,512,,,0.001737861,500,0.428212945,0.000468368,0.615979443,0.008556558,0.626329314,0.000176799,0.599841866,0.001051547,3.54,6.8,0.626606049,0.639308194,0.564459379
219,999,1,raw,2dpos,onehot,NN,24,2500,1,512,,,0.001095587,300,0.431246991,1.18E-05,0.615271793,0.008156555,0.627040917,0.001104111,0.600593003,0.004086032,2.72,6.2,0.628582724,0.637555774,0.562482704
220,1000,1,raw,2dpos,onehot,NN,24,5000,2,128,512,,0.00139942,200,0.471867616,0.000109465,0.610982408,0.010136219,0.625815379,0.00158134,0.592686302,0.00409081,4.08,7.4,0.628385056,0.62990348,0.559794426
221,1001,1,raw,2dpos,onehot,NN,24,10000,1,512,,,0.003250885,200,0.477973922,0.000711968,0.615089939,0.008189357,0.62684325,0.002340504,0.600118601,0.002300938,2.86,9.4,0.629966397,0.635961814,0.562640838
222,1002,1,raw,elliptic,5FTE,NN,,,3,512,512,512,0.001151335,300,0.074046521,9.32E-05,0.60700929,0.010041933,0.619450484,0.002315327,0.58624234,0.005577588,6.22,16.2,0.623443368,0.651163228,0.554734137
223,1003,1,raw,elliptic,WTE,NN,,,3,512,256,256,0.001429032,300,0.287517402,0.00012997,0.607341372,0.008405053,0.617987745,0.001771304,0.588060882,0.003658185,4.72,9.6,0.62087369,0.65288798,0.557185214
224,1004,1,raw,elliptic,onehot,NN,,,3,256,128,256,0.00187162,300,0.229484503,0.000569046,0.604364499,0.014061001,0.616327337,0.00147259,0.571180075,0.021622062,2.7,6.8,0.61850168,0.65249669,0.554773671
225,1005,1,raw,polar,5FTE,NN,,,2,512,512,,0.009634738,400,0.175203665,0.000259157,0.604775647,0.012147237,0.620122554,0.002272747,0.577268235,0.00295379,5.14,9.6,0.623443368,0.651371931,0.560229294
226,1006,1,raw,polar,WTE,NN,,,3,512,128,512,0.00589454,500,0.301291613,0.000695257,0.60618304,0.018138937,0.621229492,0.002022594,0.566515122,0.033800857,7.12,14.4,0.624431706,0.649099645,0.565843052
227,1007,1,raw,polar,onehot,NN,,,2,512,128,,0.003235746,400,0.229892513,0.00022534,0.604332872,0.016849224,0.618027278,0.002117904,0.569677802,0.03391136,5.14,12.4,0.62087369,0.650889963,0.56378731
228,1008,1,raw,raw,5FTE,NN,,,3,512,128,256,0.004376173,400,0.261098893,2.52E-05,0.595592014,0.010495903,0.611662384,0.003327044,0.574026487,0.006854533,4.1,9,0.615734335,0.644812049,0.549990117
229,1009,1,raw,raw,WTE,NN,,,2,256,128,,0.012761861,500,0.08973288,0.000313169,0.595216446,0.013598512,0.610950781,0.002017758,0.565803518,0.005418038,3.54,8.6,0.61375766,0.646128961,0.554852738
230,1010,1,raw,raw,onehot,NN,,,3,256,256,128,0.002275735,500,0.281354035,0.000661317,0.5969322,0.014051891,0.611978652,0.003366157,0.564894248,0.013011118,6.3,11.6,0.61692034,0.646920837,0.555841075
231,1011,1,raw,zone,5FTE,NN,,,2,256,256,,0.009666049,400,0.237402968,0.000173637,0.608262502,0.007015705,0.618264479,0.002311104,0.594346709,0.009257089,4.12,8.4,0.621071358,0.652125949,0.558924689
232,1012,1,raw,zone,WTE,NN,,,2,512,256,,0.00272875,200,0.131969379,4.97E-05,0.607467879,0.006693552,0.61692034,0.001890801,0.593990907,0.003374851,3.54,9.4,0.62008302,0.651070764,0.55702708
233,1013,1,raw,zone,onehot,NN,,,3,128,512,128,0.006726722,400,0.433213101,0.000370102,0.610492192,0.007513196,0.618541214,0.001372331,0.593951374,0.005271463,4.16,10.8,0.620478355,0.648531797,0.55623641
