Index,globalInd,opt,timeOpt,locOpt,catOpt,modelOpt,encDim,denom,kernel,C,class_weight,gamma,degree,coef0,objmean,objsd,meantop5,sdtop5,meanbottom5,sdbottom5,meantime,long5time,bestobj,wf1top5,acctop5
0,0,0,1dpos,2dpos,5FTE,SV,8,2500,poly,0.150070469,balanced,0.058527699,4,-0.054165984,0.502735719,0.149347539,0.606957897,0.001489737,0.131014034,0.028516375,30.98,236.8,0.609211307,0.645736842,0.533386045
1,1,0,1dpos,2dpos,5FTE,SV,8,5000,rbf,1.511319285,balanced,0.072822136,,,0.544008697,0.11787889,0.616564538,0.001614352,0.222731765,0.114831,9.86,42.2,0.619094683,0.648476978,0.553192331
2,2,0,1dpos,2dpos,5FTE,SV,8,10000,rbf,0.657576173,balanced,0.054036081,,,0.52313896,0.13001514,0.614311129,0.002841879,0.206285827,0.103787742,8.14,25.4,0.618304013,0.647172115,0.553587666
3,3,0,1dpos,2dpos,5FTE,SV,16,2500,rbf,1.172295887,balanced,0.039478004,,,0.541850168,0.109687497,0.629136193,0.002361279,0.295750148,0.111860905,14.42,54.2,0.632536074,0.645804558,0.567147658
4,4,0,1dpos,2dpos,5FTE,SV,16,5000,rbf,1.527679955,balanced,0.029723041,,,0.546372801,0.124351,0.631112868,0.001708424,0.225064242,0.068819049,13.08,48.8,0.633524412,0.644387559,0.560624629
5,5,0,1dpos,2dpos,5FTE,SV,16,10000,poly,0.018929887,balanced,0.047942605,4,0.235356951,0.554856691,0.087753327,0.634908085,0.000726277,0.351650524,0.069601988,20.64,97,0.635896422,0.638017187,0.560466495
6,6,0,1dpos,2dpos,5FTE,SV,24,2500,rbf,0.856903518,balanced,0.028968042,,,0.561205772,0.103299955,0.629175726,0.002420923,0.310693813,0.033129926,13.68,41.6,0.632140739,0.640159595,0.559913026
7,7,0,1dpos,2dpos,5FTE,SV,24,5000,rbf,1.596659692,balanced,0.019676509,,,0.539521645,0.127037475,0.627950188,0.002478344,0.22549911,0.09491617,25.98,165.2,0.631943072,0.645118984,0.569440601
8,8,0,1dpos,2dpos,5FTE,SV,24,10000,poly,0.011162219,,0.064620438,3,0.40401442,0.539944653,0.113440973,0.623680569,0.001520884,0.305633524,0.02687348,17.58,69.4,0.625024708,0.639753855,0.566475588
9,9,0,1dpos,2dpos,WTE,SV,8,2500,poly,2.932473882,balanced,0.014688229,4,0.228290234,0.537703103,0.117985887,0.618541214,0.002027417,0.222138763,0.083298441,10.22,20.6,0.621862028,0.646775053,0.544692627
10,10,0,1dpos,2dpos,WTE,SV,8,5000,rbf,1.554947464,,0.097575777,,,0.529452461,0.111817097,0.611306582,0.001534949,0.254793437,0.091353196,96.8,895.4,0.613362325,0.646940373,0.555010872
11,11,0,1dpos,2dpos,WTE,SV,8,10000,rbf,0.798529121,balanced,0.093027183,,,0.558315873,0.072726007,0.61387626,0.002632023,0.37224748,0.051393632,10.14,26,0.617513343,0.647700616,0.552164459
12,12,0,1dpos,2dpos,WTE,SV,16,2500,poly,0.117228259,balanced,0.025559854,4,0.408535233,0.555520854,0.100859007,0.630915201,0.002779321,0.314330895,0.120486293,33.52,234.2,0.634908085,0.642322141,0.558054952
13,13,0,1dpos,2dpos,WTE,SV,16,5000,rbf,1.449646571,balanced,0.030218415,,,0.549598735,0.107487855,0.630164064,0.002826715,0.301680174,0.036267385,39.58,316,0.635105752,0.646493962,0.56311524
14,14,0,1dpos,2dpos,WTE,SV,16,10000,poly,0.024421588,balanced,0.918912687,4,0.489620228,0.523281281,0.126181205,0.608302036,0.000108267,0.244317059,0.044761548,25.78,114.2,0.608420636,0.635507237,0.536706859
15,15,0,1dpos,2dpos,WTE,SV,24,2500,poly,0.048797537,balanced,0.034531469,3,0.263067469,0.537106147,0.120560068,0.634077881,0.002377769,0.237912631,0.113254314,16.56,56,0.637082427,0.639444127,0.564419846
16,16,0,1dpos,2dpos,WTE,SV,24,5000,poly,0.219548593,balanced,0.015528669,3,0.133226957,0.552421427,0.095836419,0.625261909,0.004659674,0.312868156,0.034659071,26.58,107.2,0.632140739,0.642256169,0.551729591
17,17,0,1dpos,2dpos,WTE,SV,24,10000,poly,1.918293217,balanced,0.008206812,4,0.380179792,0.535220399,0.123262148,0.622138763,0.006543362,0.252698162,0.080255522,18.16,69.4,0.633326744,0.641094509,0.559754892
18,18,0,1dpos,2dpos,onehot,SV,8,2500,rbf,1.010126593,balanced,0.058191779,,,0.549938723,0.110308158,0.622850366,0.002073154,0.262344337,0.092953812,10.4,31.6,0.626210714,0.648202832,0.556275944
19,19,0,1dpos,2dpos,onehot,SV,8,5000,poly,0.63777765,balanced,0.971030874,4,-0.471042059,0.540415102,0.114124357,0.598300059,0.000405098,0.232140739,0.111208283,42.46,319.2,0.598932595,0.640761681,0.527456019
20,20,0,1dpos,2dpos,onehot,SV,8,10000,poly,0.05381772,balanced,0.047497986,4,0.471908281,0.554781577,0.106914566,0.622850366,0.001751339,0.275864795,0.142992719,9.96,28,0.625815379,0.648419006,0.554417869
21,21,0,1dpos,2dpos,onehot,SV,16,2500,poly,0.003066655,balanced,0.080296713,4,0.412709604,0.542696185,0.136439109,0.640996244,0.001155975,0.230836134,0.114972461,22.72,129.2,0.64241945,0.644361534,0.567147658
22,22,0,1dpos,2dpos,onehot,SV,16,5000,rbf,2.590930506,balanced,0.016943427,,,0.578695394,0.069193474,0.630915201,0.001112923,0.409488041,0.087369895,26.84,174.8,0.632338407,0.645575136,0.565289583
23,23,0,1dpos,2dpos,onehot,SV,16,10000,rbf,1.517372063,balanced,0.026009145,,,0.561312512,0.119125875,0.633998814,0.001174418,0.251670291,0.134147848,13.96,59.6,0.635105752,0.648442739,0.564617513
24,24,0,1dpos,2dpos,onehot,SV,24,2500,poly,0.181050613,balanced,0.023514494,3,0.064282855,0.58221783,0.083875827,0.638900969,0.002810774,0.351334256,0.077653731,24.08,124.4,0.642814786,0.644295923,0.566791856
25,25,0,1dpos,2dpos,onehot,SV,24,5000,rbf,1.70448797,balanced,0.011232748,,,0.569080846,0.109221721,0.63451275,0.001226495,0.284838901,0.11648237,16.4,68.8,0.635896422,0.643234934,0.561692034
26,26,0,1dpos,2dpos,onehot,SV,24,10000,rbf,1.57913415,balanced,0.021011468,,,0.570195691,0.111587896,0.63609409,0.000978404,0.27005337,0.093321411,16.48,71,0.637280095,0.6467998,0.566791856
27,27,0,1dpos,elliptic,5FTE,SV,,,poly,4.634019224,,0.054079497,3,0.093992461,0.535038545,0.071720787,0.583237794,0.000954143,0.341609014,0.05379706,27.22,188.4,0.584700534,0.638933986,0.526942083
28,28,0,1dpos,elliptic,WTE,SV,,,rbf,4.370143765,balanced,0.044222052,,,0.546542466,0.076315221,0.591579364,0.00077065,0.359320024,0.122434201,41.95833333,343.6,0.592409567,0.63776428,0.525163076
29,29,0,1dpos,elliptic,onehot,SV,,,poly,0.008240653,balanced,0.113364828,4,0.488585279,0.546096066,0.062609233,0.597153588,0.002249418,0.388930619,0.049961146,55.12,479.8,0.601106938,0.64108098,0.525677011
30,30,0,1dpos,polar,5FTE,SV,,,rbf,1.724704015,balanced,0.103131605,,,0.534326942,0.087476815,0.58624234,0.001021388,0.300454635,0.089184861,25.74,200.8,0.587467879,0.641389508,0.526942083
31,31,0,1dpos,polar,WTE,SV,,,rbf,9.443944908,balanced,0.043896654,,,0.549116426,0.057195204,0.589602688,0.000941777,0.419569085,0.095240122,25.82,194.6,0.591223562,0.641387587,0.51010081
32,32,0,1dpos,polar,onehot,SV,,,poly,6.085850126,balanced,0.022121084,3,0.321990461,0.552852342,0.045334374,0.587112077,0.003151542,0.441114845,0.070102697,40.66,292.4,0.590630559,0.643883851,0.508677604
33,33,0,1dpos,raw,5FTE,SV,,,poly,4.210867759,balanced,0.039106083,3,0.183334047,0.541359953,0.057640985,0.573789286,0.000962298,0.41004151,0.119513731,72.98,643.8,0.575014825,0.644805362,0.510338011
34,34,0,1dpos,raw,WTE,SV,,,poly,0.108879351,balanced,0.175487735,3,-0.109528333,0.530140344,0.065620447,0.574935758,0.000822164,0.372919549,0.110611592,106.62,961.4,0.576003163,0.637958964,0.494603677
35,35,0,1dpos,raw,onehot,SV,,,rbf,2.792931705,balanced,0.060618957,,,0.530705673,0.090112593,0.57845424,0.001174418,0.289741056,0.122760396,15.76,102.8,0.579956513,0.648176128,0.521288792
36,36,0,1dpos,zone,5FTE,SV,,,rbf,5.753223952,balanced,0.032937807,,,0.54238387,0.115021799,0.605376557,0.000634387,0.233919747,0.134748995,55.88,479.8,0.606246294,0.64030595,0.525716545
37,37,0,1dpos,zone,WTE,SV,,,poly,0.228404547,balanced,0.984514942,2,-0.25050874,0.512528168,0.148882417,0.603202214,0.000108267,0.154141135,0.063282232,123.3,936,0.603281281,0.636240792,0.516663372
38,38,0,1dpos,zone,onehot,SV,,,poly,0.065665638,balanced,0.148583338,3,0.226311764,0.555082032,0.108420962,0.611306582,0.003490385,0.264004744,0.139204089,63.32,179,0.617513343,0.64339227,0.530934967
39,39,0,cyclic,2dpos,5FTE,SV,8,2500,rbf,1.050652699,balanced,0.141118938,,,0.545696778,0.11171359,0.626526982,0.0015413,0.274322989,0.144572572,390.02,3460.4,0.628187389,0.647249619,0.563510575
40,40,0,cyclic,2dpos,5FTE,SV,8,5000,poly,0.001869606,balanced,0.383641625,3,-0.274740147,0.535394347,0.090921634,0.606523028,0.004655899,0.31777031,0.000265199,45.94,119.6,0.611780984,0.643504174,0.544178691
41,41,0,cyclic,2dpos,5FTE,SV,8,10000,rbf,1.751627774,,0.098533786,,,0.538644001,0.129641033,0.626368848,0.002180623,0.20699743,0.128496084,51.1,70.8,0.628978059,0.650439081,0.565882585
42,42,0,cyclic,2dpos,5FTE,SV,16,2500,poly,0.004371028,balanced,0.124576115,3,0.041924774,0.542047836,0.10750784,0.628582724,0.005578638,0.270132437,0.075431543,47.36,90.8,0.637280095,0.639611036,0.560189761
43,43,0,cyclic,2dpos,5FTE,SV,16,5000,rbf,0.968688648,balanced,0.055999224,,,0.563249654,0.124042909,0.636015023,0.000409892,0.242261316,0.126079855,56.04,77.2,0.636687092,0.646492479,0.567582526
44,44,0,cyclic,2dpos,5FTE,SV,16,10000,poly,0.001365554,,0.12259132,4,0.290563607,0.525186796,0.136586918,0.62605258,0.004039872,0.19153983,0.091713577,58.18,146.6,0.631547737,0.639247283,0.560940897
45,45,0,cyclic,2dpos,5FTE,SV,24,2500,rbf,1.467694229,balanced,0.031242316,,,0.552263293,0.11456805,0.632654675,0.003291624,0.28009488,0.158465197,70.28,166.2,0.638268432,0.642030988,0.569084799
46,46,0,cyclic,2dpos,5FTE,SV,24,5000,rbf,3.653575812,balanced,0.039174213,,,0.545807472,0.117305666,0.63000593,0.000599555,0.277248468,0.046524696,60.7,114,0.630757067,0.642259798,0.568966199
47,47,0,cyclic,2dpos,5FTE,SV,24,10000,poly,0.002428944,balanced,0.065172811,4,0.4943537,0.555659221,0.097351818,0.632970943,0.000877341,0.322672465,0.068336896,74.1,264.2,0.633722079,0.63795453,0.562838506
48,48,0,cyclic,2dpos,WTE,SV,8,2500,rbf,1.689494557,,0.118923521,,,0.554959478,0.092123957,0.622099229,0.004670144,0.340185807,0.14044747,51.74,96,0.627792054,0.650318644,0.562917573
49,49,0,cyclic,2dpos,WTE,SV,8,5000,rbf,1.390612543,balanced,0.109125224,,,0.557979838,0.108990036,0.631864005,0.001726623,0.28606444,0.153474888,48.94,92,0.633919747,0.643699548,0.565091915
50,50,0,cyclic,2dpos,WTE,SV,8,10000,rbf,1.699330363,balanced,0.105149465,,,0.556762206,0.097937252,0.629136193,0.001983582,0.306226527,0.116103583,81.34,135.6,0.632140739,0.645052011,0.561929235
51,51,0,cyclic,2dpos,WTE,SV,16,2500,rbf,1.238472001,balanced,0.027497562,,,0.571520063,0.096399207,0.636963827,0.001443108,0.321565527,0.074481899,85.14,295.8,0.638268432,0.647943567,0.56694999
52,52,0,cyclic,2dpos,WTE,SV,16,5000,poly,0.003603945,,0.11226152,4,0.110133832,0.548021348,0.095070284,0.629926863,0.00249406,0.319509785,0.003935024,74.48,363,0.633129077,0.639266473,0.563233841
53,53,0,cyclic,2dpos,WTE,SV,16,10000,poly,0.040787142,balanced,0.062822344,3,0.08557247,0.552583515,0.117159594,0.633445345,0.004427929,0.254358569,0.142670936,55.18,129.8,0.6384661,0.640484924,0.55995256
54,54,0,cyclic,2dpos,WTE,SV,24,2500,rbf,4.765250932,,0.00581763,,,0.556185017,0.074809992,0.605455624,0.011638069,0.361019964,0.072716076,151.04,600,0.622850366,0.639727673,0.556394544
55,55,0,cyclic,2dpos,WTE,SV,24,5000,poly,4.862382421,balanced,0.006437823,2,0.171919241,0.557276142,0.119502434,0.62233643,0.001088069,0.23237794,0.13893219,59.38,172.6,0.624234038,0.638582544,0.553113263
56,56,0,cyclic,2dpos,WTE,SV,24,10000,rbf,2.099252554,balanced,0.013988368,,,0.566554655,0.091871295,0.631864005,0.001964779,0.340936944,0.101718563,65.54,95.6,0.634908085,0.640927927,0.565724451
57,57,0,cyclic,2dpos,onehot,SV,8,2500,poly,0.008273586,balanced,0.151896616,3,0.215383611,0.540901364,0.111765974,0.625143309,0.003167618,0.275074125,0.095206373,58.88,124.6,0.628187389,0.6444116,0.554457403
58,58,0,cyclic,2dpos,onehot,SV,8,5000,rbf,2.485116655,,0.062064404,,,0.564865203,0.074924798,0.621150425,0.002127108,0.388219016,0.103425175,50.40816327,91,0.624827041,0.654901265,0.566119787
59,59,0,cyclic,2dpos,onehot,SV,8,10000,rbf,1.777190184,,0.116763425,,,0.552595375,0.096659052,0.625103775,0.005551608,0.296540818,0.116712119,60.44,154.4,0.631943072,0.655442789,0.570428939
60,60,0,cyclic,2dpos,onehot,SV,16,2500,rbf,0.916420591,balanced,0.033107125,,,0.57467879,0.074291936,0.635777822,0.001140663,0.398972129,0.068679666,65.1,123.2,0.63767543,0.651881843,0.568887132
61,61,0,cyclic,2dpos,onehot,SV,16,5000,poly,0.406262161,,0.028792429,3,0.075554064,0.557272188,0.108349637,0.628385056,0.006618173,0.281676221,0.167971285,57.3,130.2,0.637280095,0.648782143,0.571259142
62,62,0,cyclic,2dpos,onehot,SV,16,10000,rbf,1.313692379,balanced,0.036629925,,,0.559027476,0.120449108,0.637161494,0.002140841,0.240561376,0.105938636,56.08,93,0.639849773,0.647999117,0.569875469
63,63,0,cyclic,2dpos,onehot,SV,24,2500,rbf,1.310732057,balanced,0.03137373,,,0.578897015,0.099567385,0.636963827,0.003548669,0.320260921,0.128281304,59.14,90,0.641233445,0.643074475,0.569005732
64,64,0,cyclic,2dpos,onehot,SV,24,5000,poly,0.225053317,balanced,0.019580749,4,0.294874537,0.570231271,0.079661118,0.63225934,0.005493237,0.367582526,0.057563281,68.08,213.4,0.639059103,0.64567257,0.562285037
65,65,0,cyclic,2dpos,onehot,SV,24,10000,rbf,1.185638465,balanced,0.032924847,,,0.564467286,0.118985641,0.641193912,0.000962298,0.247321605,0.121407161,106.16,154,0.642617118,0.64949591,0.571931212
66,66,0,cyclic,elliptic,5FTE,SV,,,rbf,1.047247636,balanced,0.427118533,,,0.548254596,0.088297271,0.608815972,0.00158134,0.327930421,0.127007883,72.66,344,0.611385649,0.641702169,0.539157936
67,67,0,cyclic,elliptic,WTE,SV,,,rbf,4.708010302,balanced,0.165526864,,,0.558675628,0.088803988,0.613599526,0.001147494,0.331172168,0.102550646,92.68,578.6,0.615536667,0.640540471,0.534809251
68,68,0,cyclic,elliptic,onehot,SV,,,rbf,1.494963339,balanced,0.197629877,,,0.569318047,0.062517624,0.614745997,0.000998172,0.408578771,0.056800271,581.52,5407.6,0.615932002,0.643753424,0.538762601
69,69,0,cyclic,polar,5FTE,SV,,,rbf,0.611611826,balanced,0.869508948,,,0.567479739,0.06499246,0.618659814,0.00409272,0.406443961,0.077522395,48.28,118.4,0.623443368,0.638084648,0.541016011
70,70,0,cyclic,polar,WTE,SV,,,rbf,2.3183422,balanced,0.675146376,,,0.550488239,0.097328979,0.609567108,0.001213685,0.287803914,0.089357527,39.74,59.2,0.611583317,0.644395,0.548329709
71,71,0,cyclic,polar,onehot,SV,,,rbf,3.034470385,,0.197307527,,,0.546400474,0.097903603,0.606641629,0.001511866,0.282901759,0.110180399,71.14,157.6,0.608222969,0.646042954,0.550859854
72,72,0,cyclic,raw,5FTE,SV,,,rbf,4.636517779,balanced,0.526728624,,,0.56373987,0.046603172,0.598220992,0.001846896,0.461830401,0.085703359,52.9,197.8,0.601304606,0.639586387,0.524925875
73,73,0,cyclic,raw,WTE,SV,,,rbf,1.572731839,balanced,0.954168037,,,0.563641036,0.054102011,0.605653291,0.001605859,0.448151809,0.102003758,67.46,108.6,0.608222969,0.642562892,0.528444357
74,74,0,cyclic,raw,onehot,SV,,,rbf,1.230376576,balanced,0.405754955,,,0.549855703,0.078353356,0.591856098,0.004407587,0.374856691,0.170391389,136.06,794.8,0.599525598,0.646469945,0.526981617
75,75,0,cyclic,zone,5FTE,SV,,,poly,0.976163355,balanced,0.596732308,2,0.190866742,0.576817553,0.071847212,0.61162285,0.000548505,0.431864005,0.172240815,83.58,327.2,0.612373987,0.641146193,0.537932398
76,76,0,cyclic,zone,WTE,SV,,,rbf,0.947014005,balanced,0.988633269,,,0.56912038,0.095982235,0.610594979,0.001518313,0.355287606,0.214928444,112.4,534.6,0.613164657,0.642903548,0.535244119
77,77,0,cyclic,zone,onehot,SV,,,rbf,2.334784101,balanced,0.161635438,,,0.554287409,0.111836376,0.61162285,0.002202907,0.252500494,0.130170675,98.5,305.4,0.615536667,0.640858364,0.541727614
78,78,0,raw,2dpos,5FTE,SV,8,2500,rbf,1.186641887,,0.123888526,,,0.525633524,0.132443717,0.626566515,0.00175913,0.224985175,0.103237662,87.06,176.2,0.629175726,0.650447516,0.569005732
79,79,0,raw,2dpos,5FTE,SV,8,5000,poly,0.010820157,balanced,0.126306571,3,0.075510483,0.54850761,0.086740159,0.618936549,0.002207337,0.341095078,0.054956833,64.18,157.6,0.622257363,0.644921867,0.546511168
80,80,0,raw,2dpos,5FTE,SV,8,10000,rbf,1.262239513,balanced,0.100412621,,,0.56067207,0.09109671,0.627278118,0.004607392,0.323265467,0.061829441,47.08,86.2,0.633524412,0.650720625,0.562482704
81,81,0,raw,2dpos,5FTE,SV,16,2500,rbf,1.175919304,balanced,0.042159735,,,0.563051987,0.114273659,0.63542202,0.002131696,0.266139553,0.127563079,66.2,158.2,0.638663768,0.64621136,0.567147658
82,82,0,raw,2dpos,5FTE,SV,16,5000,rbf,1.396400637,balanced,0.028947031,,,0.544443566,0.123750267,0.636410358,0.00067901,0.275074125,0.095206373,74.18,227.4,0.637477762,0.647393358,0.565605851
83,83,0,raw,2dpos,5FTE,SV,16,10000,rbf,0.845714896,balanced,0.043680914,,,0.562815915,0.106587664,0.636687092,0.000503955,0.304328919,0.108796858,68.02040816,164.6,0.637477762,0.647547899,0.567661593
84,84,0,raw,2dpos,5FTE,SV,24,2500,poly,0.004474148,balanced,0.087819252,3,0.026573413,0.54931014,0.100402395,0.634552283,0.002224967,0.324609607,0.04497086,59.82,142,0.637082427,0.638988894,0.565408183
85,85,0,raw,2dpos,5FTE,SV,24,5000,rbf,1.729331104,,0.01593387,,,0.554544376,0.116376798,0.627357185,0.001002079,0.252935363,0.116602696,76.08,129.4,0.628385056,0.644578945,0.569045266
86,86,0,raw,2dpos,5FTE,SV,24,10000,poly,0.800563024,balanced,0.010442375,4,0.487583742,0.575805495,0.074640142,0.630480332,0.004263849,0.381814588,0.06410672,81.16,303.4,0.635896422,0.639636649,0.561217632
87,87,0,raw,2dpos,WTE,SV,8,2500,poly,0.020553448,balanced,0.093444809,4,0.238568841,0.546590235,0.097622202,0.62842459,0.003712257,0.314449496,0.125172824,44.14,117,0.632140739,0.643724503,0.56086183
88,88,0,raw,2dpos,WTE,SV,8,5000,rbf,1.22032847,balanced,0.09995694,,,0.558761714,0.099661212,0.628266456,0.002744662,0.29464321,0.05595241,66.20408163,267,0.632931409,0.6439866,0.561019964
89,89,0,raw,2dpos,WTE,SV,8,10000,poly,0.034151391,balanced,0.093990882,4,0.103766407,0.56068393,0.072641268,0.624906108,0.004217782,0.382605258,0.088909261,47.28,155.6,0.629175726,0.643678919,0.549831983
90,90,0,raw,2dpos,WTE,SV,16,2500,rbf,2.162812062,balanced,0.033720396,,,0.554504843,0.093814793,0.628464123,0.003237767,0.319391184,0.002995821,58.78,113.8,0.633722079,0.643612698,0.564143111
91,91,0,raw,2dpos,WTE,SV,16,5000,poly,2.676564924,,0.013081454,4,0.41655847,0.537801937,0.125682281,0.626329314,0.00221264,0.213006523,0.096173081,55.86,147.2,0.629175726,0.649335147,0.568728998
92,92,0,raw,2dpos,WTE,SV,16,10000,poly,0.961588487,balanced,0.020427365,4,0.119085512,0.563652896,0.100287744,0.637438229,0.002357139,0.310496145,0.12483924,66.04,189.8,0.640640443,0.644208611,0.566475588
93,93,0,raw,2dpos,WTE,SV,24,2500,poly,0.563495672,balanced,0.018354442,4,0.037852696,0.559725847,0.088586735,0.633603479,0.002316171,0.353469065,0.066831854,60.95918367,121.6,0.63688476,0.634745485,0.566396521
94,94,0,raw,2dpos,WTE,SV,24,5000,poly,0.174613593,balanced,0.025775652,3,0.226947932,0.565878632,0.084366677,0.632970943,0.00104034,0.387744614,0.051752967,56.62,115,0.634710417,0.639030603,0.5616525
95,95,0,raw,2dpos,WTE,SV,24,10000,rbf,2.111594564,balanced,0.019177579,,,0.574651117,0.089116481,0.630994268,0.000899333,0.346669302,0.084534637,77.76,168.4,0.632338407,0.640013756,0.564854714
96,96,0,raw,2dpos,onehot,SV,8,2500,rbf,2.138975303,balanced,0.112490293,,,0.55923305,0.083712332,0.630717533,0.002220573,0.37608223,0.095824273,49.76,87.4,0.633919747,0.651725491,0.567542993
97,97,0,raw,2dpos,onehot,SV,8,5000,poly,0.034335677,balanced,0.086658644,4,0.047414815,0.567701127,0.088181719,0.62988733,0.001293175,0.317691243,8.84E-05,36.96,68.8,0.631152402,0.65097768,0.5616525
98,98,0,raw,2dpos,onehot,SV,8,10000,rbf,2.158380728,,0.061795869,,,0.5712067,0.076288811,0.623838703,0.003292811,0.391342162,0.122464834,79.06122449,391,0.626606049,0.655352006,0.567226725
99,99,0,raw,2dpos,onehot,SV,16,2500,rbf,2.082969076,balanced,0.029470268,,,0.550484285,0.132068911,0.637201028,0.001207229,0.230045464,0.106384745,64.12,96.4,0.638861435,0.64729657,0.568452263
100,100,0,raw,2dpos,onehot,SV,16,5000,rbf,2.17243585,balanced,0.024726106,,,0.558426889,0.126769957,0.636331291,0.001434963,0.240166041,0.123824781,89.75510204,139,0.63767543,0.651829354,0.571021941
101,101,0,raw,2dpos,onehot,SV,16,10000,rbf,0.898173858,balanced,0.05343594,,,0.570157852,0.109759947,0.635066219,0.001632403,0.268551097,0.080520539,97.91836735,167.6,0.637082427,0.647567194,0.571140542
102,102,0,raw,2dpos,onehot,SV,24,2500,rbf,1.327340052,,0.019326511,,,0.570496145,0.083866622,0.629057126,0.001509279,0.370626606,0.058457977,105.2,165.2,0.631547737,0.647895965,0.569638268
103,103,0,raw,2dpos,onehot,SV,24,5000,rbf,1.404653803,balanced,0.020425271,,,0.548883178,0.13316362,0.636252224,0.002135358,0.2,0.110724112,114.24,230,0.63925677,0.644551457,0.56390591
104,104,0,raw,2dpos,onehot,SV,24,10000,rbf,1.508565715,balanced,0.010744411,,,0.562561771,0.098114986,0.636054556,0.001138949,0.324728207,0.077756535,105.6,184,0.637477762,0.646448348,0.564775647
105,105,0,raw,elliptic,5FTE,SV,,,rbf,3.045355837,balanced,0.276792211,,,0.571875865,0.06584412,0.617236608,0.00109701,0.411346116,0.092697323,129.4,738.4,0.618897015,0.640141868,0.548645977
106,106,0,raw,elliptic,WTE,SV,,,rbf,2.964591621,balanced,0.403003119,,,0.569476181,0.069182094,0.615497134,0.000380221,0.405218423,0.11364877,94.46,352.6,0.61612967,0.641854979,0.540027673
107,107,0,raw,elliptic,onehot,SV,,,rbf,1.493986841,balanced,0.229643584,,,0.574797391,0.052289772,0.618976082,0.001174418,0.455584108,0.078021903,41.96,81,0.620478355,0.646135086,0.543585689
108,108,0,raw,polar,5FTE,SV,,,rbf,0.612515125,balanced,0.537609176,,,0.559703499,0.071532129,0.615259933,0.002090048,0.38003558,0.093831776,109.4,540.6,0.618699348,0.647822821,0.554180668
109,109,0,raw,polar,WTE,SV,,,rbf,0.819251537,balanced,0.904273721,,,0.563328721,0.088536523,0.620715556,0.002690022,0.321407393,0.067955668,72.6,132,0.625024708,0.644472955,0.543427555
110,110,0,raw,polar,onehot,SV,,,rbf,2.204016211,,0.386357709,,,0.561186167,0.083168869,0.61241352,0.001121665,0.339553271,0.088418762,210.6326531,1476.6,0.614350662,0.645710054,0.549594782
111,111,0,raw,raw,5FTE,SV,,,rbf,0.968719898,balanced,0.959165804,,,0.556778019,0.083105845,0.608222969,0.002178831,0.370428939,0.163791251,207.92,1741,0.610001977,0.642980247,0.528167622
112,112,0,raw,raw,WTE,SV,,,rbf,1.582089532,balanced,0.923636873,,,0.5661356,0.070671406,0.607709033,0.000857066,0.413994861,0.156327058,69.26,366.4,0.608420636,0.644519767,0.530341965
113,113,0,raw,raw,onehot,SV,,,rbf,1.402170317,balanced,0.628419678,,,0.552615141,0.082518502,0.605139356,0.00224333,0.339474204,0.125825091,377,3191.4,0.606839296,0.646127856,0.531211702
114,114,0,raw,zone,5FTE,SV,,,rbf,1.531328048,balanced,0.59192732,,,0.582776301,0.036968424,0.612532121,0.000731637,0.48697371,0.023511885,69.06122449,324.6,0.613362325,0.646119415,0.53919747
115,115,0,raw,zone,WTE,SV,,,rbf,3.544439023,,0.992917305,,,0.553093497,0.102024006,0.614469263,0.000299778,0.287250445,0.10448635,237.94,1767,0.614943665,0.649673055,0.546787903
116,116,0,raw,zone,onehot,SV,,,rbf,1.449574923,balanced,0.295526324,,,0.566270014,0.114820604,0.623720103,0.001749106,0.249851749,0.129794959,84.54,117.6,0.626408381,0.650873149,0.551334256
117,117,1,1dpos,2dpos,5FTE,SV,8,2500,rbf,0.81876324,balanced,0.043366005,,,0.533077683,0.116348285,0.615339,0.001226495,0.245265863,0.099216141,86.2,146.6,0.616525005,0.646531955,0.549199447
118,118,1,1dpos,2dpos,5FTE,SV,8,5000,rbf,1.328392922,balanced,0.051045235,,,0.544866574,0.09942661,0.617631943,0.00177681,0.307452066,0.116764851,119.22,472.8,0.619885353,0.645938104,0.553192331
119,119,1,1dpos,2dpos,5FTE,SV,8,10000,poly,1.305786192,,0.506831732,4,0.332383566,0.534081834,0.10071491,0.588060882,0.000726277,0.278869342,0.157262895,61.06,107,0.588851552,0.632974131,0.515912236
120,120,1,1dpos,2dpos,5FTE,SV,16,2500,rbf,2.158275811,balanced,0.027835976,,,0.570116624,0.076429502,0.627515319,0.002066548,0.378730975,0.042636202,107.4,194,0.630559399,0.644503206,0.558727021
121,121,1,1dpos,2dpos,5FTE,SV,16,5000,rbf,2.141671418,,0.021673989,,,0.515841075,0.145086059,0.623522435,0.002066548,0.204111484,0.103687177,103.54,177.2,0.626408381,0.645385346,0.560782763
122,122,1,1dpos,2dpos,5FTE,SV,16,10000,rbf,1.128365803,,0.032405419,,,0.556208737,0.108567982,0.624392172,0.001086273,0.266179087,0.074837535,97,149.8,0.625024708,0.647228617,0.564775647
123,123,1,1dpos,2dpos,5FTE,SV,24,2500,poly,1.516942393,balanced,0.010097435,3,0.172764468,0.540703696,0.137467049,0.623364301,0.006667581,0.169519668,0.085099324,89.5,180,0.635105752,0.641885501,0.559082823
124,124,1,1dpos,2dpos,5FTE,SV,24,5000,poly,0.00340537,balanced,0.136565217,2,0.093447755,0.539462344,0.111709568,0.625420043,0.001362329,0.293457205,0.054100558,99.72,233.6,0.627001384,0.63201129,0.547301838
125,125,1,1dpos,2dpos,5FTE,SV,24,10000,rbf,0.973046658,balanced,0.020530801,,,0.566009093,0.098881635,0.629650128,0.001254839,0.295710615,0.075529819,125.84,256.2,0.631547737,0.641685869,0.559913026
126,126,1,1dpos,2dpos,WTE,SV,8,2500,poly,1.733898339,balanced,0.018794246,3,0.330142078,0.536608025,0.103677294,0.607867167,0.004044705,0.251591224,0.085530717,56.3,109.2,0.612373987,0.647015004,0.534611583
127,127,1,1dpos,2dpos,WTE,SV,8,5000,rbf,2.036029325,balanced,0.060961006,,,0.539731172,0.120276684,0.615694801,0.002886217,0.223206167,0.106354349,96.2,225.8,0.618699348,0.647024829,0.547380905
128,128,1,1dpos,2dpos,WTE,SV,8,10000,poly,0.035365756,,0.101464559,3,0.147508721,0.51913817,0.114575603,0.598972129,0.004828512,0.243368255,0.103648526,62.56,116.4,0.607036964,0.638778823,0.538327733
129,129,1,1dpos,2dpos,WTE,SV,16,2500,rbf,1.017382868,balanced,0.036179205,,,0.546009093,0.127749183,0.631943072,0.001376595,0.218659814,0.103328455,90.6,139.8,0.633919747,0.646616419,0.563708243
130,130,1,1dpos,2dpos,WTE,SV,16,5000,rbf,4.04293836,,0.015293581,,,0.537469856,0.112397744,0.621229492,0.001328937,0.273374185,0.138145065,137.72,420.8,0.623245701,0.6451898,0.562008302
131,131,1,1dpos,2dpos,WTE,SV,16,10000,rbf,4.17351947,balanced,0.010257329,,,0.548432497,0.124238282,0.625538644,0.000868388,0.212215853,0.105168467,103.9,175.2,0.626408381,0.647620288,0.55916189
132,132,1,1dpos,2dpos,WTE,SV,24,2500,rbf,1.519219631,,0.018093346,,,0.548404823,0.111417386,0.625538644,0.001944791,0.275667128,0.093880379,127.42,222,0.627199051,0.643184825,0.565843052
133,133,1,1dpos,2dpos,WTE,SV,24,5000,poly,2.153650758,balanced,0.008761268,4,0.042934029,0.51771101,0.139634564,0.621387626,0.002993211,0.204664954,0.092603026,146,386.8,0.626210714,0.639970769,0.557382882
134,134,1,1dpos,2dpos,WTE,SV,24,10000,poly,0.007518681,balanced,0.125233704,2,0.061447683,0.559936746,0.0966844,0.624036371,0.002169846,0.301838308,0.105947211,114.6,240.8,0.627199051,0.635480811,0.549318047
135,135,1,1dpos,2dpos,onehot,SV,8,2500,poly,1.358890079,balanced,0.017737557,3,0.221492843,0.518517494,0.127466962,0.611346116,0.005003371,0.202530144,0.106046609,71.78,132.6,0.615932002,0.646271191,0.539513738
136,136,1,1dpos,2dpos,onehot,SV,8,5000,rbf,1.503178944,,0.062990677,,,0.532464914,0.118961802,0.612690255,0.001023299,0.238940502,0.107791745,99.86,217.6,0.614152995,0.646175597,0.555287606
137,137,1,1dpos,2dpos,onehot,SV,8,10000,rbf,1.42797989,balanced,0.072091294,,,0.533611386,0.115657419,0.61759241,0.002185992,0.253528365,0.123266314,93.2,183.8,0.619490018,0.6424195,0.553429532
138,138,1,1dpos,2dpos,onehot,SV,16,2500,poly,0.079648636,balanced,0.049318315,3,0.058382556,0.537790077,0.121252811,0.626764183,0.004497533,0.237280095,0.110297734,78.1,169.8,0.633524412,0.644447088,0.563154774
139,139,1,1dpos,2dpos,onehot,SV,16,5000,linear,0.043349555,balanced,,,,0.520956711,0.111185394,0.579403044,0.000165381,0.244237992,0.101622025,69.86,124,0.579561178,0.631283232,0.514647163
140,140,1,1dpos,2dpos,onehot,SV,16,10000,rbf,1.255191944,balanced,0.029784693,,,0.554445543,0.105051858,0.626289781,0.003540401,0.295512947,0.111252491,99.14,169.2,0.630757067,0.648383786,0.560347895
141,141,1,1dpos,2dpos,onehot,SV,24,2500,poly,0.003517242,balanced,0.093520098,2,0.301733158,0.524759834,0.132013891,0.623245701,0.002921871,0.232061672,0.093845038,94.2,147.4,0.626606049,0.641345395,0.547578573
142,142,1,1dpos,2dpos,onehot,SV,24,5000,rbf,1.3055504,balanced,0.026954695,,,0.550618699,0.115327937,0.628819925,0.003085767,0.272227713,0.092194515,130.96,281.2,0.634315082,0.639948144,0.55758055
143,143,1,1dpos,2dpos,onehot,SV,24,10000,rbf,3.893618106,balanced,0.008990295,,,0.555188772,0.114847447,0.625103775,0.000409892,0.243486855,0.101947626,136.8,319.2,0.625617711,0.638517692,0.551097055
144,144,1,1dpos,elliptic,5FTE,SV,,,rbf,2.374716664,,0.076943052,,,0.514722277,0.089083395,0.587270212,0.000752696,0.314528563,0.004281681,176.44,1256,0.588258549,0.636455333,0.530460565
145,145,1,1dpos,elliptic,WTE,SV,,,poly,0.025993235,,0.11773729,4,0.488228671,0.529235027,0.072617826,0.581577387,0.001819186,0.338960269,0.080683757,61.68,136,0.584107531,0.637131312,0.52690255
146,146,1,1dpos,elliptic,onehot,SV,,,rbf,2.618831584,balanced,0.039372293,,,0.547116031,0.073286526,0.594307175,0.000586377,0.352955129,0.071296843,178.14,1148.6,0.595176912,0.637173902,0.521644594
147,147,1,1dpos,polar,5FTE,SV,,,rbf,1.796035165,balanced,0.051047042,,,0.540944851,0.069549254,0.593239771,0.000548505,0.359043289,0.067508104,291.86,2267.2,0.59379324,0.639051347,0.516149437
148,148,1,1dpos,polar,WTE,SV,,,rbf,2.965244675,balanced,0.062177691,,,0.537042894,0.087443581,0.594188575,0.000609252,0.305396323,0.075981889,169.74,1097.6,0.595176912,0.637563162,0.513856493
149,149,1,1dpos,polar,onehot,SV,,,rbf,1.247964201,balanced,0.065000098,,,0.538553074,0.077443045,0.591381696,0.001851122,0.335678988,0.027517492,71.6,102.2,0.593200237,0.63896275,0.512868156
150,150,1,1dpos,raw,5FTE,SV,,,rbf,2.304451997,balanced,0.054778025,,,0.526558608,0.093510516,0.578810042,0.000731637,0.276536865,0.11277898,67.5,87.8,0.579956513,0.640583978,0.503538249
151,151,1,1dpos,raw,WTE,SV,,,poly,0.004570652,balanced,0.478272,3,0.130526298,0.520193714,0.087717837,0.581735521,0.00068474,0.300929037,0.108325193,60.82,198.2,0.582921526,0.634926945,0.498161692
152,152,1,1dpos,raw,onehot,SV,,,rbf,1.652374207,balanced,0.078765809,,,0.528349476,0.095008286,0.577900771,0.002463321,0.301403439,0.18785963,91.9,309,0.581537853,0.638081731,0.505712591
153,153,1,1dpos,zone,5FTE,SV,,,rbf,2.999774387,balanced,0.025181495,,,0.53700336,0.113934194,0.605890492,0.000548505,0.233603479,0.115179748,69.2,101.2,0.606641629,0.644883491,0.519826053
154,154,1,1dpos,zone,WTE,SV,,,poly,0.704683641,balanced,0.098311761,3,0.26684104,0.547796007,0.105361049,0.605930026,0.001974698,0.271555643,0.147416471,165.28,1180.4,0.608815972,0.643118025,0.524293339
155,155,1,1dpos,zone,onehot,SV,,,poly,6.083810297,balanced,0.020005963,2,0.117483799,0.564103578,0.076756919,0.606246294,0.000937619,0.393714173,0.158420094,85.66,151,0.607432299,0.64005579,0.52927456
156,156,1,cyclic,2dpos,5FTE,SV,8,2500,rbf,1.774915508,balanced,0.136404337,,,0.564344732,0.092090958,0.625657245,0.002963036,0.335520854,0.130436948,81.32,123,0.630954734,0.646983982,0.560506029
157,157,1,cyclic,2dpos,5FTE,SV,8,5000,rbf,1.409458604,,0.118127956,,,0.569784542,0.095662423,0.62842459,0.00275106,0.328404823,0.137654292,79.16,110.6,0.630757067,0.647719081,0.564380312
158,158,1,cyclic,2dpos,5FTE,SV,8,10000,rbf,1.307065818,balanced,0.068379051,,,0.552453054,0.095465751,0.627396719,0.003511034,0.322237596,0.007875011,84.84,157.4,0.630757067,0.644451947,0.563471042
159,159,1,cyclic,2dpos,5FTE,SV,16,2500,rbf,1.63811585,balanced,0.026108666,,,0.557881004,0.096269915,0.636528958,0.002311104,0.326546748,0.107260635,107.78,246.6,0.640245108,0.649659594,0.569835936
160,160,1,cyclic,2dpos,5FTE,SV,16,5000,rbf,1.33652598,,0.039226195,,,0.547867167,0.120279809,0.633326744,0.001404692,0.240284641,0.070826318,115.86,253.8,0.634908085,0.647904298,0.570310338
161,161,1,cyclic,2dpos,5FTE,SV,16,10000,rbf,0.714529781,balanced,0.048212178,,,0.567997628,0.085247164,0.636133623,0.000854783,0.358134019,0.098616623,219.34,1333.4,0.637280095,0.64707857,0.568333663
162,162,1,cyclic,2dpos,5FTE,SV,24,2500,poly,0.903890116,balanced,0.011536723,3,0.389939034,0.558434473,0.128017315,0.627989721,0.001144084,0.200948804,0.107260963,96.98,180.6,0.629768729,0.648154539,0.55837122
163,163,1,cyclic,2dpos,5FTE,SV,24,5000,poly,0.72732981,,0.018695853,3,0.077250138,0.531899585,0.114706946,0.62458984,0.004333835,0.307135798,0.023403952,112.72,244.8,0.629571061,0.639410896,0.56762206
164,164,1,cyclic,2dpos,5FTE,SV,24,10000,rbf,2.43474122,balanced,0.023510745,,,0.548270409,0.124083807,0.633405811,0.001157664,0.240007907,0.107496735,128.32,178.6,0.635105752,0.638423633,0.566475588
165,165,1,cyclic,2dpos,WTE,SV,8,2500,rbf,2.466698603,balanced,0.037858963,,,0.54765764,0.106725991,0.620596956,0.001743513,0.272267246,0.120621057,74.2,151.4,0.622455031,0.650114224,0.558964222
166,166,1,cyclic,2dpos,WTE,SV,8,5000,poly,0.00415524,balanced,0.151162917,4,0.152224541,0.532998616,0.117469316,0.622731765,0.005019354,0.25933979,0.089400806,454.62,4061.4,0.630757067,0.63753888,0.553666733
167,167,1,cyclic,2dpos,WTE,SV,8,10000,rbf,2.732357056,balanced,0.087616635,,,0.530681953,0.122682522,0.623759636,0.001804088,0.239889306,0.106549909,89.74,173.2,0.626803716,0.649888509,0.56548725
168,168,1,cyclic,2dpos,WTE,SV,16,2500,rbf,1.497182528,,0.049232723,,,0.568966199,0.107876016,0.632812809,0.000785713,0.300612769,0.182651231,142.2,637.6,0.634117415,0.650289722,0.574698557
169,169,1,cyclic,2dpos,WTE,SV,16,5000,rbf,1.675099312,balanced,0.025594051,,,0.569879423,0.100398142,0.639296304,0.000941777,0.324174738,0.128847237,97.42,152.4,0.64083811,0.647690483,0.569796402
170,170,1,cyclic,2dpos,WTE,SV,16,10000,rbf,1.415726874,balanced,0.032597537,,,0.554781577,0.116778279,0.637635896,0.002344673,0.263451275,0.092376254,88.78,152.2,0.64083811,0.647337376,0.566277921
171,171,1,cyclic,2dpos,WTE,SV,24,2500,rbf,1.57681249,balanced,0.025779668,,,0.582067602,0.085875632,0.638624234,0.003095249,0.378414706,0.157966258,99.52,140.6,0.642221783,0.644158249,0.571417276
172,172,1,cyclic,2dpos,WTE,SV,24,5000,poly,1.815108671,balanced,0.010210394,4,0.481814972,0.563459182,0.099672806,0.62854319,0.000854783,0.305910259,0.105505455,97,263.6,0.629571061,0.637312242,0.559201423
173,173,1,cyclic,2dpos,WTE,SV,24,10000,poly,0.002476512,balanced,0.295902358,3,-0.00320878,0.543550109,0.10558787,0.617908678,0.004563509,0.275429927,0.094410777,121.98,365.4,0.620478355,0.635643037,0.546511168
174,174,1,cyclic,2dpos,onehot,SV,8,2500,poly,0.351727993,balanced,0.038419623,4,0.072598012,0.538264479,0.116262094,0.622692232,0.003637834,0.26238387,0.0930703,62.54,135.4,0.626803716,0.64556912,0.557896818
175,175,1,cyclic,2dpos,onehot,SV,8,5000,rbf,2.50127186,,0.076383774,,,0.54451868,0.098447005,0.624431706,0.000441998,0.309349674,0.108463828,99.48,182.8,0.625024708,0.648092208,0.561178098
176,176,1,cyclic,2dpos,onehot,SV,8,10000,poly,0.020423616,,0.11436991,4,0.154620848,0.515762008,0.133830668,0.616525005,0.0059727,0.199960466,0.107705368,60.66,128.8,0.626606049,0.649563877,0.556513145
177,177,1,cyclic,2dpos,onehot,SV,16,2500,rbf,1.329453785,,0.050891166,,,0.549725242,0.122547868,0.633326744,0.000978404,0.257797984,0.093705081,104.54,209.6,0.63451275,0.648640269,0.57315675
178,178,1,cyclic,2dpos,onehot,SV,16,5000,rbf,1.490622812,balanced,0.041894745,,,0.573208144,0.102770548,0.635698755,0.001683078,0.311840285,0.146697911,96.72,190.8,0.638070765,0.647823183,0.569598735
179,179,1,cyclic,2dpos,onehot,SV,16,10000,rbf,0.924909834,balanced,0.059951457,,,0.558173552,0.098910838,0.636449891,0.000646587,0.342636885,0.134710714,110.18,194,0.637082427,0.6428607,0.570152204
180,180,1,cyclic,2dpos,onehot,SV,24,2500,rbf,1.982147064,balanced,0.012902667,,,0.56848389,0.067122902,0.622771299,0.005217824,0.41162285,0.031923642,101.6,179.2,0.631350069,0.64150136,0.559794426
181,181,1,cyclic,2dpos,onehot,SV,24,5000,rbf,2.501491286,,0.027576002,,,0.548930619,0.122959336,0.629254793,0.000845592,0.234868551,0.11338041,134.36,242.4,0.630361732,0.6451087,0.56683139
182,182,1,cyclic,2dpos,onehot,SV,24,10000,rbf,2.130571456,balanced,0.026786447,,,0.556319431,0.121033099,0.632061672,0.002203793,0.237359162,0.133573995,104.84,177.6,0.63530342,0.639006088,0.561454833
183,183,1,cyclic,elliptic,5FTE,SV,,,rbf,1.928686212,,0.217837783,,,0.546428148,0.097460287,0.612453054,0.001207229,0.289701522,0.112662651,207,1508.6,0.61454833,0.648714514,0.552955129
184,184,1,cyclic,elliptic,WTE,SV,,,rbf,7.337023667,balanced,0.140285232,,,0.555287606,0.086943028,0.609962443,0.004205722,0.315358767,0.078494244,66.08,88.4,0.614350662,0.64101189,0.535520854
185,185,1,cyclic,elliptic,onehot,SV,,,poly,0.037524273,balanced,0.194184741,4,0.179524126,0.553427884,0.072433431,0.608025301,0.000609252,0.370310338,0.084901089,278.3958333,2179.2,0.608618304,0.64171345,0.529828029
186,186,1,cyclic,polar,5FTE,SV,,,rbf,1.441005781,,0.523394232,,,0.540541609,0.09235056,0.613283258,0.002635732,0.302905713,0.032973052,67.84,105.6,0.616722672,0.645060278,0.550266851
187,187,1,cyclic,polar,WTE,SV,,,rbf,1.381065345,balanced,0.699807248,,,0.554311129,0.094518497,0.619331884,0.000492188,0.310179877,0.119452727,76.26,141,0.62008302,0.639853219,0.545720498
188,188,1,cyclic,polar,onehot,SV,,,rbf,2.40351151,balanced,0.322171591,,,0.56067207,0.068822221,0.612097252,0.001157664,0.394346709,0.098055943,184.4,1262.8,0.614152995,0.639939774,0.539592805
189,189,1,cyclic,raw,5FTE,SV,,,rbf,0.551345933,balanced,0.557061579,,,0.53302629,0.091769759,0.591342162,0.011272769,0.327495552,0.192040352,35.34,58,0.603281281,0.638954915,0.515200633
190,190,1,cyclic,raw,WTE,SV,,,rbf,0.550518887,balanced,0.669540731,,,0.541518087,0.108104654,0.601502273,0.000484185,0.255505041,0.140971566,71,89.4,0.602095276,0.640345043,0.528642024
191,191,1,cyclic,raw,onehot,SV,,,rbf,1.378617782,balanced,0.942684318,,,0.53466693,0.104741062,0.603281281,0.001418531,0.251788891,0.09471373,69.02,90.2,0.605257956,0.642627809,0.534295315
192,192,1,cyclic,zone,5FTE,SV,,,rbf,5.147839605,balanced,0.026441902,,,0.550290571,0.108535843,0.610555446,0.000450751,0.282190156,0.168715779,59.42,82.8,0.610990314,0.644667107,0.535402253
193,193,1,cyclic,zone,WTE,SV,,,rbf,1.040016624,balanced,0.643333166,,,0.555342953,0.111991626,0.607629966,0.0008502,0.254358569,0.142449344,135.3,754.8,0.608618304,0.642871515,0.537102194
194,194,1,cyclic,zone,onehot,SV,,,rbf,9.843508,balanced,0.074223804,,,0.553627199,0.120056482,0.614311129,0.00212619,0.233603479,0.116720153,89.38,173.6,0.61692034,0.642926163,0.540581143
195,195,1,raw,2dpos,5FTE,SV,8,2500,poly,0.001731909,balanced,0.17625419,4,0.455521892,0.54226527,0.111951976,0.626724649,0.003243796,0.278987942,0.123940895,67.64,155.4,0.631547737,0.643283735,0.55544574
196,196,1,raw,2dpos,5FTE,SV,8,5000,rbf,1.126480835,balanced,0.058473952,,,0.535722475,0.119988658,0.628978059,0.002633507,0.245661198,0.101351447,98.52,183.8,0.631745404,0.650295883,0.566712789
197,197,1,raw,2dpos,5FTE,SV,8,10000,poly,0.117362089,balanced,0.062018047,4,0.162646226,0.551053568,0.108900541,0.629847796,0.000747486,0.261632734,0.104196437,65.16,127,0.630954734,0.644042363,0.554813204
198,198,1,raw,2dpos,5FTE,SV,16,2500,rbf,2.53419558,,0.022098723,,,0.556548725,0.110650353,0.628701324,0.001873154,0.270962641,0.097716196,93.5,149.2,0.631350069,0.648281065,0.570389405
199,199,1,raw,2dpos,5FTE,SV,16,5000,rbf,3.068593635,balanced,0.040998733,,,0.558189365,0.112672007,0.630164064,0.000752696,0.282704092,0.152867135,106.94,200.6,0.631152402,0.648598047,0.572010279
200,200,1,raw,2dpos,5FTE,SV,16,10000,rbf,1.124204057,balanced,0.040855,,,0.561921328,0.100608649,0.631943072,0.003923588,0.31156355,0.109005655,98.54,231.2,0.638861435,0.646405073,0.565684918
201,201,1,raw,2dpos,5FTE,SV,24,2500,rbf,1.012865176,balanced,0.033629973,,,0.551614944,0.124460942,0.631271002,0.004500139,0.238782368,0.109599378,172.08,760.8,0.638861435,0.641659563,0.564182645
202,202,1,raw,2dpos,5FTE,SV,24,5000,poly,0.220616339,balanced,0.018591185,4,0.481608523,0.561731568,0.093356103,0.63000593,0.003919603,0.319312117,0.076337626,87.42,183.2,0.635896422,0.640064179,0.561336232
203,203,1,raw,2dpos,5FTE,SV,24,10000,rbf,1.111904417,balanced,0.04077851,,,0.534402056,0.120694048,0.631547737,0.001931688,0.308993872,0.016248703,127.94,313.4,0.634315082,0.639296244,0.567108124
204,204,1,raw,2dpos,WTE,SV,8,2500,rbf,1.518161995,,0.100150823,,,0.527013244,0.135311819,0.627989721,0.002105878,0.196521052,0.110754103,105.48,349.6,0.630757067,0.650535132,0.570903341
205,205,1,raw,2dpos,WTE,SV,8,5000,poly,5.261840088,,0.020535829,4,0.27065093,0.563451275,0.051708938,0.612018185,0.003188519,0.438505634,0.074898987,72.96,155.2,0.615536667,0.646613513,0.55611781
206,206,1,raw,2dpos,WTE,SV,8,10000,poly,0.00102688,balanced,0.498571201,3,0.015196667,0.544546353,0.083934652,0.608104368,0.004720489,0.331132635,0.073253675,104.82,506,0.616525005,0.638336836,0.535837122
207,207,1,raw,2dpos,WTE,SV,16,2500,poly,0.017571467,balanced,0.075038574,3,0.427904039,0.556339197,0.09681272,0.634354616,0.002180623,0.320379522,0.087998509,77.26,142.4,0.636687092,0.644289157,0.561099031
208,208,1,raw,2dpos,WTE,SV,16,5000,rbf,3.196331568,,0.020547628,,,0.560549516,0.104713195,0.627080451,0.001105879,0.281359953,0.098453766,101.72,226.4,0.628187389,0.647768705,0.569361534
209,209,1,raw,2dpos,WTE,SV,16,10000,rbf,1.218933644,balanced,0.0556314,,,0.540256968,0.129400796,0.636924293,0.001507984,0.234038347,0.114518437,103.32,141.2,0.638070765,0.647631633,0.569638268
210,210,1,raw,2dpos,WTE,SV,24,2500,poly,4.453385163,balanced,0.007675529,4,0.234766895,0.540762997,0.132597229,0.631191935,0.002144488,0.237754497,0.109516228,112.6,195.6,0.634710417,0.641904077,0.562522238
211,211,1,raw,2dpos,WTE,SV,24,5000,poly,1.893714032,balanced,0.01029852,4,0.283929074,0.571243329,0.079297911,0.634315082,0.000670323,0.380905317,0.073249487,104.74,186.8,0.635105752,0.642208006,0.562838506
212,212,1,raw,2dpos,WTE,SV,24,10000,rbf,2.678274323,balanced,0.008377298,,,0.540434869,0.137171986,0.628187389,0.001498888,0.198813995,0.108654441,135.54,297,0.629768729,0.641427191,0.564459379
213,213,1,raw,2dpos,onehot,SV,8,2500,rbf,1.058233736,balanced,0.101140317,,,0.542767345,0.123095324,0.633366278,0.001908285,0.24455426,0.1156466,82.36,110.8,0.635896422,0.645527803,0.569005732
214,214,1,raw,2dpos,onehot,SV,8,5000,rbf,1.208981069,balanced,0.09242074,,,0.54915596,0.111181409,0.632338407,0.001362329,0.280173947,0.131740444,92.24,225.2,0.63451275,0.646630497,0.567780194
215,215,1,raw,2dpos,onehot,SV,8,10000,rbf,1.613119687,balanced,0.124950973,,,0.544396126,0.118129785,0.629136193,0.001813808,0.252935363,0.118091796,80.84,122,0.631943072,0.650184882,0.563391975
216,216,1,raw,2dpos,onehot,SV,16,2500,poly,0.250099901,balanced,0.030442184,4,0.337877965,0.53990512,0.130322699,0.635935956,0.001365194,0.207985768,0.100685888,233.92,1419,0.638268432,0.646095578,0.5692034
217,217,1,raw,2dpos,onehot,SV,16,5000,rbf,2.13731339,balanced,0.03636396,,,0.560308361,0.099621646,0.631429136,0.00131564,0.334176715,0.123250781,104.12,174,0.632931409,0.644918679,0.569124333
218,218,1,raw,2dpos,onehot,SV,16,10000,rbf,2.889115518,balanced,0.023221539,,,0.565744218,0.116666908,0.634394149,0.000954143,0.265625618,0.161742011,104.2,206,0.635501087,0.650059328,0.567226725
219,219,1,raw,2dpos,onehot,SV,24,2500,rbf,0.904886737,balanced,0.02711185,,,0.555816871,0.112087927,0.633643012,0.003439642,0.271950978,0.088492308,129.1632653,271,0.636687092,0.644323077,0.568294129
220,220,1,raw,2dpos,onehot,SV,24,5000,rbf,1.54901348,balanced,0.018880103,,,0.571085195,0.105403895,0.633998814,0.001585042,0.30693813,0.166786733,122.5,207.8,0.635698755,0.642272551,0.566356988
221,221,1,raw,2dpos,onehot,SV,24,10000,poly,6.561460612,balanced,0.007836775,4,0.186790964,0.560079067,0.095057006,0.634275549,0.000704429,0.326349081,0.020004989,427.16,3301.4,0.634908085,0.641148434,0.56220597
222,222,1,raw,elliptic,5FTE,SV,,,rbf,1.327394481,balanced,0.320861189,,,0.560751137,0.080290905,0.621348093,0.000857066,0.367345325,0.07641219,88.52,290.6,0.622652698,0.644926745,0.554259735
223,223,1,raw,elliptic,WTE,SV,,,rbf,0.636179175,balanced,0.585181229,,,0.562029279,0.071668315,0.620636489,0.000744868,0.382368057,0.076238265,74.3877551,140.8,0.621269025,0.644055366,0.544099624
224,224,1,raw,elliptic,onehot,SV,,,rbf,2.37489328,balanced,0.200183117,,,0.561122752,0.081439255,0.620122554,0.00051165,0.341371813,0.041685826,66.58,94.4,0.62087369,0.645284556,0.550662186
225,225,1,raw,polar,5FTE,SV,,,rbf,0.558277842,balanced,0.694029145,,,0.562534098,0.087435025,0.619094683,0.000419316,0.32702115,0.087576707,93.42,351.8,0.619687685,0.639615257,0.547341372
226,226,1,raw,polar,WTE,SV,,,rbf,1.002739936,,0.574217947,,,0.553844633,0.069114574,0.611267049,0.002668878,0.38691441,0.079664745,347.04,2893.2,0.614350662,0.641923109,0.548052975
227,227,1,raw,polar,onehot,SV,,,rbf,1.127765569,balanced,0.597563903,,,0.562249456,0.083453638,0.621348093,0.002085369,0.344692627,0.096802147,112.22,526,0.623443368,0.642993865,0.547222771
228,228,1,raw,raw,5FTE,SV,,,rbf,0.799326218,balanced,0.522743318,,,0.547147658,0.082920337,0.607116031,0.001443108,0.327060684,0.060511062,141.42,840.4,0.609408974,0.644927334,0.5307373
229,229,1,raw,raw,WTE,SV,,,rbf,1.188114514,balanced,0.628399806,,,0.549851749,0.086403762,0.602411544,0.001190937,0.34145088,0.151503846,64.2,87.4,0.604071951,0.645979046,0.541055545
230,230,1,raw,raw,onehot,SV,,,rbf,0.953102371,balanced,0.724051368,,,0.549773893,0.100216266,0.605930026,0.000586377,0.305198656,0.166464751,63.34693878,77.4,0.606443961,0.64415868,0.533188377
231,231,1,raw,zone,5FTE,SV,,,rbf,4.503765083,,0.378724756,,,0.560980431,0.103694057,0.608855505,0.001434963,0.314686697,0.205534544,62.68,94.8,0.611385649,0.648451957,0.546787903
232,232,1,raw,zone,WTE,SV,,,poly,0.638172388,balanced,0.555066367,2,0.131691347,0.563581736,0.088610639,0.609725242,0.001069964,0.344929828,0.148904075,107.94,558.2,0.611583317,0.641670526,0.535758055
233,233,1,raw,zone,onehot,SV,,,rbf,1.103574699,balanced,0.484058053,,,0.572421427,0.094003102,0.620399288,0.000534068,0.331330302,0.143798905,125.82,541.8,0.621269025,0.64256668,0.545997233
