Index,globalInd,opt,timeOpt,locOpt,catOpt,modelOpt,encDim,denom,max_depth,learning_rate,n_estimators,reg_lambda,gamma,colsample_bytree,objmean,objsd,meantop5,sdtop5,meanbottom5,sdbottom5,meantime,long5time,bestobj,wf1top5,acctop5
0,468,0,1dpos,2dpos,5FTE,XG,8,2500,10,0.036673046,450,0.023594214,0.052620697,0.615827686,0.634892271,0.010797479,0.645068195,0.000857066,0.608776438,0.008021259,17.28,40,0.645977466,0.662447974,0.586677209
1,469,0,1dpos,2dpos,5FTE,XG,8,5000,9,0.034691054,500,0.08689452,0.189015012,0.668646043,0.633393951,0.009396295,0.642617118,0.001671431,0.610515912,0.010227838,16,30.8,0.645384463,0.65929765,0.584621467
2,470,0,1dpos,2dpos,5FTE,XG,8,10000,7,0.088507139,350,0.003803293,0.021527679,0.786888189,0.633492785,0.011450823,0.643012453,0.000593003,0.604704487,0.015609102,11.68,26.2,0.643803123,0.660529971,0.584977268
3,471,0,1dpos,2dpos,5FTE,XG,16,2500,9,0.058305766,450,0.045718838,0.110707713,0.633640289,0.634908085,0.012563627,0.646886737,0.001698101,0.604230085,0.013609951,26.06,53.8,0.649140146,0.653786928,0.585926072
4,472,0,1dpos,2dpos,5FTE,XG,16,5000,9,0.047389631,500,0.001319738,0.266745993,0.694207743,0.635777822,0.008339602,0.645305396,0.001572668,0.616327337,0.004335187,24.64,46.2,0.647361139,0.654722105,0.584779601
5,473,0,1dpos,2dpos,5FTE,XG,16,10000,8,0.042283435,450,0.000436999,0.118742197,0.856351666,0.635129472,0.009324312,0.644475193,0.000299778,0.61296699,0.005751072,24.24,42.6,0.644791461,0.653526027,0.58545167
6,474,0,1dpos,2dpos,5FTE,XG,24,2500,8,0.065858603,250,0.000455985,0.887584646,0.742244118,0.634006721,0.009289572,0.642538051,0.000552055,0.611108915,0.008346159,17.16,42,0.643012453,0.661921255,0.584502866
7,475,0,1dpos,2dpos,5FTE,XG,24,5000,8,0.035156129,300,0.479169095,0.222907159,0.83961603,0.636568492,0.00733172,0.642854319,0.001237594,0.618857482,0.010808094,34.38,67.8,0.644989128,0.664847217,0.584700534
8,476,0,1dpos,2dpos,5FTE,XG,24,10000,7,0.071548004,250,0.000883189,0.284402736,0.764097558,0.635987349,0.008307049,0.644712394,0.001199111,0.615536667,0.004038904,20.98,67.2,0.646372801,0.661161304,0.586677209
9,477,0,1dpos,2dpos,WTE,XG,8,2500,9,0.099613585,350,0.009186164,0.100460368,0.755160906,0.635892469,0.01010064,0.644593793,0.000826903,0.611425183,0.012985568,11.18,29,0.645977466,0.660488352,0.585491204
10,478,0,1dpos,2dpos,WTE,XG,8,5000,8,0.044809493,400,0.024163081,0.022468507,0.637753517,0.636477565,0.009190263,0.646649535,0.000569475,0.615892469,0.006365999,13.38,26.8,0.647361139,0.661918949,0.587942281
11,479,0,1dpos,2dpos,WTE,XG,8,10000,6,0.086156414,250,0.060186865,0.289013712,0.600194851,0.634753904,0.009561486,0.644119391,0.001079055,0.611543783,0.007526176,8.98,27.8,0.645977466,0.664274652,0.58624234
12,480,0,1dpos,2dpos,WTE,XG,16,2500,7,0.076437798,350,0.000655503,0.010350309,0.724555614,0.635959676,0.007796146,0.644791461,0.00163599,0.616683139,0.005109619,18.46,37.4,0.646372801,0.65549226,0.585412137
13,481,0,1dpos,2dpos,WTE,XG,16,5000,7,0.053472065,450,0.004188082,0.066679284,0.621155226,0.636216644,0.009773107,0.644119391,0.001782299,0.614311129,0.01773916,23.9,54.2,0.646965804,0.653765195,0.585767938
14,482,0,1dpos,2dpos,WTE,XG,16,10000,9,0.076487877,350,0.013155334,0.172164092,0.811297254,0.633749753,0.010712153,0.644317059,0.000569475,0.608539237,0.008253181,14.98,30,0.645186796,0.655598976,0.585530737
15,483,0,1dpos,2dpos,WTE,XG,24,2500,7,0.063349125,400,1.395743279,0.014295817,0.676030789,0.634615537,0.008505681,0.643803123,0.002614896,0.614232062,0.008281538,26.7,49.8,0.647558806,0.661773123,0.586637675
16,484,0,1dpos,2dpos,WTE,XG,24,5000,8,0.061970595,500,0.000464682,0.351428597,0.837617415,0.636679186,0.00951791,0.64376359,0.001291663,0.61308559,0.014202243,27.54,60.4,0.645582131,0.659952138,0.583988931
17,485,0,1dpos,2dpos,WTE,XG,24,10000,8,0.066836249,300,0.011444759,0.679716679,0.774935614,0.634437636,0.010733264,0.643644989,0.0009208,0.607234631,0.011580854,25,51.8,0.644989128,0.66176075,0.584779601
18,486,0,1dpos,2dpos,onehot,XG,8,2500,10,0.029325001,500,0.000150721,0.094961169,0.746831114,0.634564143,0.011208247,0.644277525,0.00099425,0.60608816,0.011047652,17.96,39.4,0.645977466,0.659683723,0.58545167
19,487,0,1dpos,2dpos,onehot,XG,8,5000,7,0.045584192,450,0.000281767,0.077756041,0.60143039,0.636525005,0.009468076,0.645819332,0.000718162,0.613994861,0.005697147,19,38.6,0.646570468,0.66187881,0.588930619
20,488,0,1dpos,2dpos,onehot,XG,8,10000,9,0.033821874,500,0.007795085,0.018431206,0.715047891,0.635453647,0.008935204,0.644079858,0.000720877,0.613915794,0.008004192,18.08,30.4,0.644989128,0.660638488,0.586756276
21,489,0,1dpos,2dpos,onehot,XG,16,2500,7,0.086786878,250,0.01234723,0.069736825,0.658201964,0.632310733,0.010882308,0.642458984,0.000866136,0.605850959,0.008836645,12.54,33.2,0.643803123,0.653289697,0.584463333
22,490,0,1dpos,2dpos,onehot,XG,16,5000,8,0.040763702,450,0.000102003,0.016026778,0.938196052,0.634322989,0.009268415,0.643644989,0.001077243,0.61241352,0.006872181,19.36,45.2,0.644989128,0.654963464,0.585926072
23,491,0,1dpos,2dpos,onehot,XG,16,10000,9,0.064955205,250,0.002614981,0.094118083,0.709067367,0.634777624,0.007516631,0.642656652,0.001421283,0.616762206,0.006847974,23.68,52.8,0.644989128,0.655931562,0.584265665
24,492,0,1dpos,2dpos,onehot,XG,24,2500,8,0.059192362,300,0.02146926,0.10725701,0.723045989,0.636853133,0.009332751,0.643921724,0.00131564,0.613243724,0.013144965,28.06,67.6,0.645977466,0.66185944,0.586044673
25,493,0,1dpos,2dpos,onehot,XG,24,5000,7,0.040076752,400,0.352395419,0.67771927,0.827897108,0.637319628,0.008767682,0.646491401,0.000890601,0.617948211,0.006325978,23.04,44.4,0.647756474,0.662762355,0.586953943
26,494,0,1dpos,2dpos,onehot,XG,24,10000,7,0.02974928,400,1.604677561,0.238114986,0.86828794,0.634939711,0.010509881,0.644514726,0.001703844,0.610081044,0.011210206,25.22,77.2,0.647361139,0.663316605,0.588060882
27,495,0,1dpos,elliptic,5FTE,XG,,,8,0.049571957,500,0.085984032,0.374583549,0.601563254,0.633939514,0.009530493,0.642696185,0.000602805,0.611978652,0.006292847,7.6,17.4,0.643407788,0.658788017,0.583554062
28,496,0,1dpos,elliptic,WTE,XG,,,10,0.066375003,350,0.000175273,0.120620883,0.886095185,0.634639257,0.01030929,0.642814786,0.000484185,0.608539237,0.012983461,7.46,14.2,0.643605456,0.660683892,0.582328523
29,497,0,1dpos,elliptic,onehot,XG,,,9,0.041638174,450,0.685224597,0.200188092,0.688199598,0.635394347,0.007913879,0.644356592,0.000931348,0.618027278,0.007598767,8.88,22,0.645582131,0.659362912,0.584700534
30,498,0,1dpos,polar,5FTE,XG,,,9,0.098145211,500,0.787895755,0.097147861,0.78341077,0.629665942,0.014597779,0.640996244,0.000757869,0.592409567,0.004892022,10.36,20.4,0.64162878,0.654276824,0.58003558
31,499,0,1dpos,polar,WTE,XG,,,9,0.047767097,400,0.00025427,0.150627382,0.709018787,0.632010279,0.01083484,0.641233445,0.000279544,0.604269619,0.010733365,6.96,14.2,0.641431113,0.658598851,0.580944851
32,500,0,1dpos,polar,onehot,XG,,,9,0.075801074,500,0.000373456,0.024407535,0.873710257,0.630310338,0.01192842,0.64151018,0.001401907,0.601779008,0.005649281,10.48,21,0.643407788,0.656520401,0.57991698
33,501,0,1dpos,raw,5FTE,XG,,,7,0.076686171,400,0.452936345,0.148955437,0.681952781,0.623012453,0.010964845,0.632457007,0.000552055,0.596323384,0.015048978,6.54,19.2,0.633129077,0.656895798,0.576635699
34,502,0,1dpos,raw,WTE,XG,,,8,0.076176651,300,0.000305502,0.376244297,0.834066456,0.624894248,0.011310075,0.634987152,0.001373754,0.59920933,0.01261794,4.84,10,0.637082427,0.653945166,0.579482111
35,503,0,1dpos,raw,onehot,XG,,,7,0.088081432,250,0.264054941,0.021926103,0.715787588,0.623486855,0.012503269,0.633405811,0.001566445,0.589800356,0.008614313,4.76,11.8,0.63609409,0.65809526,0.575212493
36,504,0,1dpos,zone,5FTE,XG,,,10,0.070559521,300,0.000162951,0.165506462,0.603301,0.626882783,0.007337374,0.636647559,0.00175913,0.612018185,0.006693607,6.46,14.8,0.638663768,0.652734465,0.576833366
37,505,0,1dpos,zone,WTE,XG,,,8,0.050797422,500,0.000241275,0.157583187,0.942370614,0.629369441,0.008289684,0.637517296,0.001147494,0.608539237,0.008566784,5.62,15.8,0.638663768,0.657029648,0.579205377
38,506,0,1dpos,zone,onehot,XG,,,9,0.048998496,300,0.166645762,0.047033081,0.685613442,0.630187784,0.010516652,0.640166041,0.001079055,0.603874283,0.007464403,8.28,17.8,0.641431113,0.657406209,0.580470449
39,507,0,cyclic,2dpos,5FTE,XG,8,2500,10,0.087344374,350,0.924422022,0.042502512,0.675709208,0.634544376,0.014136513,0.645740265,0.0009208,0.598813995,0.007491312,10.18,23,0.646570468,0.661279901,0.587902748
40,508,0,cyclic,2dpos,5FTE,XG,8,5000,6,0.059245661,450,0.100221417,0.01383563,0.618677466,0.636552678,0.009908391,0.647321605,0.002012912,0.613520459,0.004783799,8.78,23,0.649733149,0.66082602,0.589879423
41,509,0,cyclic,2dpos,5FTE,XG,8,10000,8,0.044334534,350,0.003606293,0.010923211,0.710090263,0.635655268,0.009837142,0.643289188,0.000515454,0.611583317,0.006311447,14.7,32.4,0.644000791,0.658317321,0.586874876
42,510,0,cyclic,2dpos,5FTE,XG,16,2500,9,0.072058594,150,0.041991617,0.045392159,0.739844593,0.636244317,0.009421292,0.645937932,0.000843278,0.616208737,0.007574304,17.1,36.8,0.647163471,0.654254623,0.587507413
43,511,0,cyclic,2dpos,5FTE,XG,16,5000,8,0.040481461,500,0.116538293,0.023592529,0.782197807,0.636256177,0.009735569,0.645661198,0.001174418,0.613520459,0.010159611,27.14,65,0.646965804,0.656790566,0.585767938
44,512,0,cyclic,2dpos,5FTE,XG,16,10000,8,0.075828881,500,0.00102452,0.032801722,0.705372768,0.637374975,0.00931127,0.646689069,0.000552055,0.615339,0.006281972,26.16,45.6,0.647361139,0.652420247,0.585174936
45,513,0,cyclic,2dpos,5FTE,XG,24,2500,7,0.051696928,350,0.000565618,0.033036562,0.703180823,0.634413916,0.012160365,0.646570468,0.001537493,0.604862621,0.008906013,17.34,37.8,0.649140146,0.660032606,0.588416683
46,514,0,cyclic,2dpos,5FTE,XG,24,5000,7,0.045564546,400,1.658104487,0.010005303,0.630892749,0.633919747,0.01146722,0.645305396,0.001645515,0.606364894,0.007274326,16.1,33,0.646965804,0.662842602,0.588179482
47,515,0,cyclic,2dpos,5FTE,XG,24,10000,6,0.073695252,450,0.026274877,0.078490058,0.798313194,0.635738288,0.008346961,0.643842657,0.001284078,0.615536667,0.009245052,20,46.8,0.645582131,0.658384186,0.583988931
48,516,0,cyclic,2dpos,WTE,XG,8,2500,7,0.034513749,500,0.173874723,0.043962738,0.61750229,0.637544969,0.011544605,0.648547144,0.001118176,0.608381103,0.007619051,7.04,15,0.649733149,0.662357108,0.590195691
49,517,0,cyclic,2dpos,WTE,XG,8,5000,7,0.062562589,500,0.031451767,0.047805974,0.828439357,0.636548725,0.011733735,0.646807669,0.000718162,0.607867167,0.007786445,8.72,19.4,0.647558806,0.658683226,0.587388812
50,518,0,cyclic,2dpos,WTE,XG,8,10000,8,0.065429222,450,0.010642013,0.018986114,0.706560333,0.636635699,0.010639613,0.647400672,0.000599555,0.612492587,0.008301565,7.44,15.8,0.648151809,0.661384244,0.588574817
51,519,0,cyclic,2dpos,WTE,XG,16,2500,7,0.072628376,400,0.000103295,0.16574698,0.740393227,0.639082823,0.009561015,0.649416881,0.001051547,0.616366871,0.007792715,13.68,35.2,0.650919154,0.656078733,0.589444554
52,520,0,cyclic,2dpos,WTE,XG,16,5000,8,0.070510596,500,0.006250935,0.074254132,0.91388464,0.638798181,0.009249423,0.647835541,0.001846896,0.616999407,0.010131883,13.66,28,0.651116822,0.654223766,0.587626013
53,521,0,cyclic,2dpos,WTE,XG,16,10000,7,0.07289729,450,0.003778837,0.036934725,0.914967782,0.63690848,0.012260047,0.650326151,0.000894978,0.608815972,0.004211756,9.14,20,0.651907492,0.655028656,0.587823681
54,522,0,cyclic,2dpos,WTE,XG,24,2500,8,0.054199321,300,0.002931478,0.134067607,0.954607513,0.636619885,0.008622382,0.645621664,0.000831614,0.617473809,0.008925077,14.66,28.4,0.646570468,0.658820283,0.584265665
55,523,0,cyclic,2dpos,WTE,XG,24,5000,9,0.022515785,500,0.000329013,0.957051634,0.745701057,0.635592014,0.009654763,0.643961257,0.000972396,0.612690255,0.004873216,22.02,48,0.644791461,0.659660587,0.586716742
56,524,0,cyclic,2dpos,WTE,XG,24,10000,7,0.094983838,450,0.000246804,0.061090273,0.769663541,0.636999407,0.010535398,0.647479739,0.002140841,0.61162285,0.007682887,13.6,39.6,0.650523819,0.65901331,0.586835343
57,525,0,cyclic,2dpos,onehot,XG,8,2500,9,0.055369982,450,0.009431534,0.070843639,0.720364126,0.637161494,0.008989782,0.645661198,0.001042216,0.615141332,0.007733071,9.92,21,0.647361139,0.656733141,0.585254003
58,526,0,cyclic,2dpos,onehot,XG,8,5000,8,0.043857699,450,0.710963265,0.215333294,0.644849098,0.636615932,0.013245666,0.648230876,0.000330761,0.602490611,0.008037804,5.5,10.2,0.648744811,0.659807645,0.588258549
59,527,0,cyclic,2dpos,onehot,XG,8,10000,6,0.051651108,500,0.002696601,0.196492371,0.643229731,0.636928247,0.009898073,0.646293734,0.001443108,0.613994861,0.0083693,7.06,19.2,0.648151809,0.659813432,0.587942281
60,528,0,cyclic,2dpos,onehot,XG,16,2500,6,0.077632068,500,0.009519662,0.103262654,0.841245706,0.638015418,0.012274763,0.650326151,0.001383673,0.610160111,0.015824146,8.7,25.6,0.652105159,0.655272187,0.591342162
61,529,0,cyclic,2dpos,onehot,XG,16,5000,7,0.078712243,350,0.01444609,0.076284537,0.714528776,0.636335244,0.011863432,0.647321605,0.001095228,0.607036964,0.012498466,11.08,31.4,0.649140146,0.655692416,0.588535284
62,530,0,cyclic,2dpos,onehot,XG,16,10000,6,0.099455456,400,0.007999969,0.035572058,0.661455886,0.63780589,0.013752192,0.653053963,0.00275106,0.604664954,0.012181837,8.82,21.4,0.65684918,0.655582112,0.594425776
63,531,0,cyclic,2dpos,onehot,XG,24,2500,8,0.085127922,300,0.000842974,0.026971301,0.69870484,0.638300059,0.010609107,0.647005337,0.000599555,0.60992291,0.004018537,18.34,39.6,0.647756474,0.657230878,0.586558608
64,532,0,cyclic,2dpos,onehot,XG,24,5000,8,0.045408414,350,0.09452814,0.077387742,0.814882097,0.639802332,0.010971597,0.649377347,0.001614352,0.611108915,0.011497557,14.6,35.4,0.651116822,0.658097478,0.588060882
65,533,0,cyclic,2dpos,onehot,XG,24,10000,8,0.051060887,450,0.00016807,0.014655595,0.828742989,0.639363511,0.008614759,0.647519273,0.001299204,0.617315675,0.008235883,18.94,38.8,0.649535481,0.658845012,0.588060882
66,534,0,cyclic,elliptic,5FTE,XG,,,7,0.091653738,450,0.53980987,0.077124976,0.6327169,0.634532516,0.01128153,0.644791461,0.000916547,0.607116031,0.015538352,2.94,6.2,0.645977466,0.65810204,0.584937735
67,535,0,cyclic,elliptic,WTE,XG,,,9,0.069659456,200,1.740545008,0.113000482,0.605962186,0.639865586,0.012162567,0.650405218,0.001415774,0.609448508,0.012260486,3.42,6.6,0.652302827,0.655033482,0.589602688
68,536,0,cyclic,elliptic,onehot,XG,,,7,0.065030509,500,0.018970466,0.040067955,0.707656331,0.636651512,0.013790239,0.648547144,0.00069886,0.603558015,0.005856432,2.64,6.4,0.649535481,0.659203881,0.587270212
69,537,0,cyclic,polar,5FTE,XG,,,7,0.0572707,350,0.00213191,0.093510743,0.622469067,0.629440601,0.011624794,0.63913817,0.000760442,0.599486064,0.004010751,2.7,6.2,0.640245108,0.653287551,0.57912631
70,538,0,cyclic,polar,WTE,XG,,,7,0.066636138,400,0.923046454,0.016989336,0.665740124,0.63762799,0.010107591,0.648151809,0.002245071,0.615694801,0.012936581,3.02,6.8,0.651907492,0.658324817,0.585254003
71,539,0,cyclic,polar,onehot,XG,,,8,0.042087279,450,0.236592433,0.047775643,0.805421001,0.634212295,0.011957693,0.645819332,0.001164394,0.605850959,0.010195698,3.12,7.6,0.647558806,0.655957468,0.584147065
72,540,0,cyclic,raw,5FTE,XG,,,8,0.085241453,400,0.000144012,0.055382351,0.620053582,0.62694999,0.013564095,0.639770706,0.001223305,0.595928049,0.001731143,2.74,5.4,0.641826448,0.649273122,0.579719312
73,541,0,cyclic,raw,WTE,XG,,,7,0.065973283,300,0.000926651,0.03714244,0.778444543,0.631531923,0.013350308,0.643921724,0.001105879,0.600237201,0.012655817,2.22,5.4,0.644989128,0.657156327,0.584463333
74,542,0,cyclic,raw,onehot,XG,,,6,0.099183971,450,0.001027083,0.010089959,0.870312005,0.632227713,0.014005653,0.645977466,0.001303707,0.599723265,0.01326215,2.3,3.4,0.647558806,0.65438712,0.584977268
75,543,0,cyclic,zone,5FTE,XG,,,8,0.050641264,400,0.000978249,0.033555614,0.814243434,0.631259142,0.007962798,0.640917177,0.000857066,0.614825064,0.008307447,3.8,7.2,0.64162878,0.65389611,0.57845424
76,544,0,cyclic,zone,WTE,XG,,,8,0.047675901,400,0.079420403,0.044837781,0.673456435,0.63695592,0.008887798,0.64546353,0.000664469,0.614745997,0.006959188,3.64,8.2,0.646175133,0.656410541,0.584621467
77,545,0,cyclic,zone,onehot,XG,,,9,0.03216056,450,0.002396198,0.129259573,0.626114445,0.632927456,0.013469333,0.644277525,0.001547624,0.599288397,0.013253604,4.06,8,0.646570468,0.654336412,0.585214469
78,546,0,raw,2dpos,5FTE,XG,8,2500,8,0.085749088,300,0.000124141,0.110061545,0.70126459,0.634698557,0.011496348,0.644989128,0.002054221,0.605890492,0.007998088,5.78,13.8,0.648547144,0.660397189,0.587112077
79,547,0,raw,2dpos,5FTE,XG,8,5000,7,0.059965462,400,0.002568236,0.026024431,0.682779994,0.636588259,0.010450983,0.646175133,0.001303707,0.61083218,0.010173062,6.88,18.2,0.647756474,0.660975794,0.588574817
80,548,0,raw,2dpos,5FTE,XG,8,10000,9,0.026902134,450,0.005810321,0.033339429,0.700526437,0.635943862,0.008793706,0.644040324,0.000783222,0.614706464,0.008478301,8.16,19,0.645384463,0.659349935,0.586953943
81,549,0,raw,2dpos,5FTE,XG,16,2500,7,0.051716905,400,0.002617627,0.1510172,0.856929308,0.634208342,0.009118208,0.642814786,0.000726277,0.612611188,0.005785617,8.9,20.8,0.643803123,0.656515118,0.587270212
82,550,0,raw,2dpos,5FTE,XG,16,5000,5,0.096018809,450,0.000110567,0.169519767,0.932552286,0.635125519,0.010880127,0.644356592,0.00051165,0.607906701,0.015064678,8.66,16.8,0.644989128,0.655226475,0.58770508
83,551,0,raw,2dpos,5FTE,XG,16,10000,6,0.087180647,400,0.000246166,0.09211377,0.601466449,0.637106147,0.008078958,0.646649535,0.001215294,0.618185412,0.010615869,12.64,36,0.647954141,0.654274139,0.590393358
84,552,0,raw,2dpos,5FTE,XG,24,2500,9,0.080908114,200,0.003963412,0.271479667,0.679399819,0.634825064,0.011949811,0.645621664,0.000783222,0.605257956,0.008414231,12.22,23.4,0.646372801,0.660427323,0.587191144
85,553,0,raw,2dpos,5FTE,XG,24,5000,8,0.079638493,350,1.99565537,0.512109473,0.650367705,0.637007314,0.009062831,0.645186796,0.000916547,0.615536667,0.010630948,16.2,40.2,0.646570468,0.661891708,0.587270212
86,554,0,raw,2dpos,5FTE,XG,24,10000,7,0.079210798,300,0.000480868,0.054602794,0.834624183,0.635038545,0.009898904,0.644475193,0.001578867,0.611227515,0.005912539,14.8,41.2,0.646965804,0.662007515,0.586202807
87,555,0,raw,2dpos,WTE,XG,8,2500,8,0.096930753,400,0.163048182,0.026444923,0.61097841,0.638841668,0.010966049,0.647796007,0.000866136,0.613441392,0.01483073,5.54,16,0.649337814,0.660285171,0.588021348
88,556,0,raw,2dpos,WTE,XG,8,5000,8,0.075496959,400,0.004630151,0.015839286,0.60138431,0.639509785,0.009689046,0.648191342,0.000931348,0.615378533,0.009548999,6.58,15.6,0.649733149,0.66038452,0.587309745
89,557,0,raw,2dpos,WTE,XG,8,10000,7,0.058508311,500,0.14769935,0.010976858,0.610028907,0.639663965,0.01224109,0.649812216,0.000964326,0.609962443,0.015525019,6.58,12.8,0.651512157,0.65946777,0.589365487
90,558,0,raw,2dpos,WTE,XG,16,2500,7,0.054475248,450,0.205703047,0.163077143,0.816985524,0.635702708,0.013406136,0.648744811,0.002724659,0.601265072,0.008169673,8.36,16.4,0.653093497,0.65336157,0.589998023
91,559,0,raw,2dpos,WTE,XG,16,5000,8,0.046926825,350,0.005257993,0.174488723,0.690938035,0.637790077,0.010279649,0.648151809,0.000739604,0.613401858,0.012337526,11.4,24.4,0.649140146,0.655075788,0.58928642
92,560,0,raw,2dpos,WTE,XG,16,10000,8,0.066913355,350,0.036404032,0.238694015,0.87701203,0.636050603,0.00957582,0.645898399,0.000868388,0.614113461,0.008220926,12.2,30.2,0.647163471,0.653918055,0.586005139
93,561,0,raw,2dpos,WTE,XG,24,2500,7,0.063335834,450,0.050365,0.022386737,0.817995196,0.637133821,0.01091266,0.647796007,0.001172753,0.608657838,0.005712557,15.68,47.4,0.649733149,0.661763723,0.586400474
94,562,0,raw,2dpos,WTE,XG,24,5000,7,0.069567662,300,0.001758516,0.089287036,0.748387756,0.637991698,0.010201699,0.647479739,0.002525971,0.612373987,0.011750831,17.24,41,0.651907492,0.663098106,0.587784147
95,563,0,raw,2dpos,WTE,XG,24,10000,6,0.065019618,450,0.013307024,0.089212337,0.699657097,0.637125914,0.00874175,0.644949595,0.001644328,0.615378533,0.008170869,14.12,37.8,0.647756474,0.665595386,0.587191144
96,564,0,raw,2dpos,onehot,XG,8,2500,7,0.053494564,500,0.003365869,0.054653758,0.640514888,0.640213481,0.009201965,0.649140146,0.003007536,0.619450484,0.012007712,8.6,15.8,0.654477169,0.660622108,0.589563155
97,565,0,raw,2dpos,onehot,XG,8,5000,7,0.070720051,250,0.002857495,0.011107945,0.813842643,0.637260328,0.011093793,0.647242538,0.000773181,0.611069381,0.009972518,6.16,12.6,0.648151809,0.65930694,0.587546946
98,566,0,raw,2dpos,onehot,XG,8,10000,8,0.068362792,500,1.114323913,0.046507734,0.773603069,0.640312315,0.010425037,0.650128484,0.000670323,0.616327337,0.005675847,6.42,14,0.651116822,0.659754263,0.589207353
99,567,0,raw,2dpos,onehot,XG,16,2500,7,0.074368162,300,0.005000722,0.097316088,0.761110319,0.637857284,0.011180825,0.648784345,0.00104034,0.611227515,0.006863647,8.78,23.6,0.649930816,0.654568156,0.58995849
100,568,0,raw,2dpos,onehot,XG,16,5000,7,0.070968836,500,0.15772103,0.054842748,0.841940023,0.638414706,0.010331392,0.647993675,0.001948805,0.61241352,0.007848919,12.46,27.6,0.650919154,0.653783041,0.587744614
101,569,0,raw,2dpos,onehot,XG,16,10000,8,0.061331387,400,0.004827982,0.014290825,0.70547894,0.637442182,0.010861087,0.646728602,0.000165381,0.612927456,0.015504872,12.24,24.4,0.646965804,0.655351228,0.587230678
102,570,0,raw,2dpos,onehot,XG,24,2500,6,0.089487881,450,0.144950524,0.01280381,0.706112211,0.6384661,0.010644647,0.647242538,0.001415774,0.61229492,0.007937034,11.34,27,0.649733149,0.661585165,0.587428346
103,571,0,raw,2dpos,onehot,XG,24,5000,6,0.063982759,500,0.008098418,0.043666265,0.960669964,0.638165645,0.010391452,0.646570468,0.000988338,0.610674046,0.008909961,15.62,34.2,0.648151809,0.659126167,0.58612374
104,572,0,raw,2dpos,onehot,XG,24,10000,7,0.064252613,400,0.082239993,0.050251505,0.930781588,0.63919747,0.009786101,0.647400672,0.000704429,0.614232062,0.008587283,14.34,36.8,0.648547144,0.660534953,0.58837715
105,573,0,raw,elliptic,5FTE,XG,,,7,0.034318697,500,0.5767361,0.041448331,0.624320098,0.634844831,0.009974484,0.643684523,0.001502793,0.609527575,0.008531363,2.42,4,0.645582131,0.657842382,0.586281874
106,574,0,raw,elliptic,WTE,XG,,,8,0.057906972,250,0.074935075,0.03354218,0.622125798,0.636742439,0.013614279,0.649930816,0.001210461,0.604941688,0.008507285,2.12,6.6,0.651709824,0.65990508,0.589721289
107,575,0,raw,elliptic,onehot,XG,,,7,0.065788627,450,0.068640642,0.038970202,0.600510842,0.63916189,0.010698465,0.650444752,0.002341338,0.613836727,0.011304785,2.9,7.4,0.654477169,0.658780768,0.589523621
108,576,0,raw,polar,5FTE,XG,,,8,0.035069752,500,0.000151463,0.010047424,0.662751842,0.63066614,0.011079117,0.639612572,0.000757869,0.602846412,0.006931623,3.46,6.2,0.64083811,0.653523878,0.581735521
109,577,0,raw,polar,WTE,XG,,,6,0.077742523,450,1.017226487,0.051209462,0.830653124,0.638837715,0.012564175,0.651986559,0.001345011,0.609646175,0.007563721,2.42,5,0.653093497,0.658899091,0.590828227
110,578,0,raw,polar,onehot,XG,,,7,0.086413298,450,0.002451077,0.043393687,0.640692393,0.638644001,0.011813788,0.64917968,0.000731637,0.611385649,0.013721173,2.34,5.2,0.650128484,0.658910481,0.588139949
111,579,0,raw,raw,5FTE,XG,,,7,0.067372618,450,0.00396222,0.035145415,0.843310389,0.628464123,0.011505194,0.63688476,0.000894978,0.601344139,0.020636811,2.32,4.2,0.637873097,0.651014661,0.580114647
112,580,0,raw,raw,WTE,XG,,,9,0.063454004,350,1.168907145,0.248875429,0.663121195,0.630606839,0.015383665,0.644435659,0.001002079,0.593516505,0.011489908,1.98,5.4,0.645582131,0.653263456,0.586677209
113,581,0,raw,raw,onehot,XG,,,10,0.060646199,450,0.002267294,0.069972339,0.680101009,0.634303222,0.012165358,0.64376359,0.000952093,0.604111484,0.010055236,2.28,4.6,0.644989128,0.653417778,0.584226132
114,582,0,raw,zone,5FTE,XG,,,10,0.061901469,200,0.168738793,0.323140122,0.658305621,0.629883376,0.008139378,0.63913817,0.002471239,0.612373987,0.006540973,2.3,4.8,0.642617118,0.652654387,0.579205377
115,583,0,raw,zone,WTE,XG,,,8,0.029143425,500,0.009895579,0.194513553,0.867182454,0.635781775,0.01080429,0.646016999,0.000530398,0.60992291,0.005958946,2.82,5.6,0.646570468,0.656494928,0.586519075
116,584,0,raw,zone,onehot,XG,,,8,0.061922882,450,0.000922929,0.021549528,0.787152468,0.635750148,0.012395311,0.646649535,0.000868388,0.604783554,0.008787428,3.28,7,0.648151809,0.65286431,0.586953943
117,585,1,1dpos,2dpos,5FTE,XG,8,2500,10,0.050547704,500,0.002454537,0.143443452,0.755719302,0.635860842,0.008305463,0.643921724,0.001715271,0.615655268,0.005873088,11.22,26.2,0.646965804,0.659008015,0.584265665
118,586,1,1dpos,2dpos,5FTE,XG,8,5000,9,0.042532323,350,0.005913952,0.024088047,0.60034478,0.633081637,0.011937892,0.644949595,0.002803815,0.60620676,0.016903983,8.74,20.4,0.649930816,0.660903428,0.587072544
119,587,1,1dpos,2dpos,5FTE,XG,8,10000,8,0.0252554,400,0.070624434,0.08790859,0.715677105,0.635690848,0.009969647,0.646056533,0.000359081,0.61162285,0.009329614,9.04,21,0.646372801,0.662941513,0.588653884
120,588,1,1dpos,2dpos,5FTE,XG,16,2500,6,0.077885486,500,0.056807269,0.013316879,0.793486759,0.634840878,0.008205873,0.642063649,0.001527293,0.613006523,0.008270679,20.4,39.2,0.643803123,0.652964033,0.582526191
121,589,1,1dpos,2dpos,5FTE,XG,16,5000,8,0.051834268,500,0.082129371,0.01072781,0.707311414,0.635686895,0.009916272,0.643565922,0.000831614,0.611108915,0.012235923,13.34,31.2,0.644396126,0.655180165,0.584779601
122,590,1,1dpos,2dpos,5FTE,XG,16,10000,8,0.048302657,450,0.019660362,0.203289156,0.734517017,0.635295513,0.009367597,0.643684523,0.000707197,0.611108915,0.012059825,17.28,35.6,0.644396126,0.655085318,0.583356395
123,591,1,1dpos,2dpos,5FTE,XG,24,2500,10,0.096727335,450,0.066354317,0.463554857,0.672905805,0.63719538,0.007277772,0.644633327,0.000931348,0.620557422,0.006344789,28.42857143,58.2,0.646175133,0.664525713,0.585372603
124,592,1,1dpos,2dpos,5FTE,XG,24,5000,7,0.040815417,500,0.12690753,0.484022529,0.966893121,0.637260328,0.007763738,0.645858865,0.001469934,0.61917375,0.006107894,25.22,53,0.647756474,0.664804817,0.586756276
125,593,1,1dpos,2dpos,5FTE,XG,24,10000,10,0.018903547,500,0.000212279,0.033947061,0.637502627,0.637845424,0.00736471,0.644040324,0.000899333,0.619766752,0.009385149,51.52,96.2,0.644989128,0.664376514,0.585491204
126,594,1,1dpos,2dpos,WTE,XG,8,2500,7,0.031785204,400,0.028112687,0.069053613,0.758297103,0.636113856,0.008533854,0.643407788,0.000279544,0.614825064,0.009860222,14.12,30.8,0.643803123,0.663283703,0.587151611
127,595,1,1dpos,2dpos,WTE,XG,8,5000,8,0.034366185,300,0.149919221,0.049681101,0.724874924,0.63536272,0.008635102,0.645028662,0.001428139,0.616485471,0.009777452,12.88,32.8,0.646965804,0.661491772,0.587823681
128,596,1,1dpos,2dpos,WTE,XG,8,10000,7,0.035138796,450,0.009691223,0.010163756,0.676662,0.634884364,0.013222642,0.646372801,0.0007127,0.602767345,0.013638056,13.14,24.4,0.647361139,0.661531264,0.588298083
129,597,1,1dpos,2dpos,WTE,XG,16,2500,10,0.046184294,250,0.047908834,1.005634347,0.702987348,0.632397707,0.010019216,0.641114845,0.001207229,0.608697371,0.003222648,18.44,34.8,0.642617118,0.654208159,0.582565724
130,598,1,1dpos,2dpos,WTE,XG,16,5000,10,0.018436229,450,0.008942761,0.22971981,0.625952539,0.634006721,0.010012522,0.642814786,0.001118176,0.608302036,0.010271676,30.56,67.6,0.644198458,0.657187199,0.58387033
131,599,1,1dpos,2dpos,WTE,XG,16,10000,9,0.065022262,450,0.06113523,1.211979484,0.700360079,0.633741846,0.00865438,0.642221783,0.000609252,0.613006523,0.004968105,14.48,40.6,0.643210121,0.656566208,0.585016802
132,600,1,1dpos,2dpos,WTE,XG,24,2500,8,0.031398654,500,1.314135127,0.012303823,0.993057116,0.635137379,0.012588315,0.64546353,0.001359458,0.602806879,0.008629268,30.22,59.8,0.647361139,0.662379493,0.58612374
133,601,1,1dpos,2dpos,WTE,XG,24,5000,7,0.049845791,450,0.000102621,0.187839265,0.713310967,0.6352797,0.011459961,0.645542597,0.001121665,0.607985768,0.015570255,21.14,44.6,0.647163471,0.661037152,0.585095869
134,602,1,1dpos,2dpos,WTE,XG,24,10000,8,0.057304888,300,0.000703908,0.670663417,0.88708037,0.6368729,0.009177674,0.646610002,0.000646587,0.617118008,0.005979238,17.2,38.8,0.647163471,0.665343238,0.587507413
135,603,1,1dpos,2dpos,onehot,XG,8,2500,9,0.037194332,500,0.077206813,0.179931671,0.673115507,0.634694281,0.013493302,0.645700731,0.000602805,0.600039534,0.010625985,16.65306122,32,0.646768136,0.662164745,0.586677209
136,604,1,1dpos,2dpos,onehot,XG,8,5000,10,0.040608808,300,0.00039573,0.015408134,0.603063467,0.634018581,0.011152934,0.644949595,0.002116981,0.605811425,0.003157735,21.68,44.8,0.647558806,0.659013216,0.584977268
137,605,1,1dpos,2dpos,onehot,XG,8,10000,8,0.058597226,300,1.185133246,0.21639752,0.718563681,0.634544376,0.012173742,0.644514726,0.001207229,0.605495157,0.009657834,11.16,23,0.646570468,0.658875315,0.586756276
138,606,1,1dpos,2dpos,onehot,XG,16,2500,9,0.045187124,400,0.003813191,0.010777323,0.697202654,0.635817355,0.009303625,0.643921724,0.00131564,0.615062265,0.017963617,24.06,64.2,0.645186796,0.656092982,0.584147065
139,607,1,1dpos,2dpos,onehot,XG,16,5000,7,0.066266493,400,0.002842259,0.070852656,0.612984179,0.636378731,0.007918709,0.643605456,0.000916547,0.616011069,0.007466497,24.92,63.6,0.645186796,0.656631766,0.585847005
140,608,1,1dpos,2dpos,onehot,XG,16,10000,10,0.017768566,500,0.14221422,0.070509663,0.600192511,0.634662977,0.009556253,0.643803123,0.000802929,0.612453054,0.010925132,26.66,72.6,0.644791461,0.655181035,0.585214469
141,609,1,1dpos,2dpos,onehot,XG,24,2500,7,0.059831218,350,0.000538657,0.04802991,0.683919062,0.635520854,0.010726156,0.645423997,0.001314155,0.608499703,0.009194834,24,68,0.646570468,0.661519924,0.584700534
142,610,1,1dpos,2dpos,onehot,XG,24,5000,9,0.046791486,350,0.023330352,1.068106083,0.728068753,0.636746393,0.008281576,0.64467286,0.000569475,0.617276142,0.00805771,29.02,80,0.645384463,0.661857785,0.58545167
143,611,1,1dpos,2dpos,onehot,XG,24,10000,7,0.033093015,500,0.00021748,0.029160218,0.827305808,0.637351255,0.009058419,0.646175133,0.001562699,0.616090136,0.008191167,30.5,62.4,0.648744811,0.665681459,0.587546946
144,612,1,1dpos,elliptic,5FTE,XG,,,10,0.016442297,500,0.010925962,0.589694504,0.643544034,0.631405416,0.011710661,0.641431113,0.00094798,0.602451077,0.011694502,12.24,27.6,0.643012453,0.661237565,0.585372603
145,613,1,1dpos,elliptic,WTE,XG,,,8,0.053902189,350,0.761398763,0.013091651,0.774059892,0.631626804,0.008795559,0.640600909,0.001002079,0.610674046,0.004699751,5.62,11.6,0.642221783,0.659334954,0.582368057
146,614,1,1dpos,elliptic,onehot,XG,,,8,0.07118549,350,0.844365412,0.021266614,0.815647497,0.631017988,0.010184679,0.640482309,0.000831614,0.605257956,0.005368047,5.04,10.4,0.641431113,0.658540844,0.579561178
147,615,1,1dpos,polar,5FTE,XG,,,10,0.038257177,350,0.324362841,0.198637998,0.603892908,0.631405416,0.010416729,0.641549713,0.001496279,0.607195098,0.005122984,5.94,11.8,0.643210121,0.658558929,0.581854121
148,616,1,1dpos,polar,WTE,XG,,,10,0.021949184,450,0.001990916,0.033384176,0.633355325,0.631729591,0.009477012,0.641035778,0.001751339,0.609606642,0.011386919,11,24.4,0.643012453,0.657460793,0.581221585
149,617,1,1dpos,polar,onehot,XG,,,10,0.080648073,450,0.00267016,0.091995029,0.62901417,0.63306187,0.009424596,0.641707847,0.000890601,0.610278711,0.009374735,7.58,18.4,0.643012453,0.658284604,0.580470449
150,618,1,1dpos,raw,5FTE,XG,,,10,0.058840891,400,1.075502044,0.049813662,0.90067635,0.621340186,0.015856043,0.634315082,0.001817037,0.582249456,0.005853095,7.68,16.4,0.636489425,0.652281995,0.57541016
151,619,1,1dpos,raw,WTE,XG,,,7,0.035449799,500,0.000100994,0.25049481,0.727354993,0.623301048,0.009871835,0.631547737,0.00079067,0.600553469,0.014176634,4.58,10.4,0.632536074,0.653169876,0.575686895
152,620,1,1dpos,raw,onehot,XG,,,10,0.047224944,450,0.85334011,0.088927005,0.660960913,0.626989524,0.00857386,0.634236015,0.001387902,0.604941688,0.011448175,5.6,11.4,0.636687092,0.654057117,0.575805495
153,621,1,1dpos,zone,5FTE,XG,,,10,0.044943858,200,0.000270269,0.010573815,0.676414936,0.626807669,0.008381614,0.637556829,0.002260681,0.612057719,0.003548669,7.88,15.2,0.641233445,0.654770408,0.578375173
154,622,1,1dpos,zone,WTE,XG,,,9,0.021289492,450,0.000767825,0.024623214,0.60329364,0.631132635,0.008114963,0.63913817,0.000879565,0.611425183,0.010780947,8.76,16.6,0.640442775,0.655629814,0.58003558
155,623,1,1dpos,zone,onehot,XG,,,10,0.03403542,450,0.005232436,0.033487063,0.679643158,0.62912038,0.008609743,0.638584701,0.001345011,0.6077881,0.006457408,7.62,17.4,0.640640443,0.655241997,0.58082625
156,624,1,cyclic,2dpos,5FTE,XG,8,2500,6,0.098478393,400,0.028910431,0.105264711,0.657865631,0.633627199,0.011742838,0.644514726,0.001345011,0.604585887,0.00457548,8.64,36.4,0.646768136,0.660373662,0.586716742
157,625,1,cyclic,2dpos,5FTE,XG,8,5000,9,0.056527354,350,0.000118365,0.065990046,0.908596334,0.6352797,0.010872384,0.644514726,0.000954143,0.60925084,0.009379735,12.72,27.4,0.645977466,0.656537639,0.585214469
158,626,1,cyclic,2dpos,5FTE,XG,8,10000,10,0.023256337,500,0.002272141,0.455552588,0.601518575,0.635153192,0.010934687,0.643447322,0.000566034,0.60687883,0.010079493,13.64,32.4,0.644198458,0.656722122,0.585570271
159,627,1,cyclic,2dpos,5FTE,XG,16,2500,8,0.066941339,450,0.11919422,0.091721702,0.628792263,0.637505436,0.011658931,0.648784345,0.001229676,0.609764776,0.009735401,17.48,33.6,0.650721486,0.656034807,0.589642222
160,628,1,cyclic,2dpos,5FTE,XG,16,5000,8,0.027599511,450,0.032114194,0.403051147,0.640356465,0.637975885,0.011040619,0.647796007,0.000353598,0.610950781,0.007515786,20.36,41.6,0.648151809,0.657224973,0.58916782
161,629,1,cyclic,2dpos,5FTE,XG,16,10000,8,0.051443192,500,0.455982126,0.019971295,0.750407112,0.638292153,0.009689013,0.646610002,0.000783222,0.614904131,0.010440326,21.92,43.2,0.647954141,0.655629918,0.587665547
162,630,1,cyclic,2dpos,5FTE,XG,24,2500,7,0.063365724,400,1.621952904,0.035162895,0.820304792,0.637220795,0.009774197,0.646965804,0.001411628,0.614469263,0.012242308,20.32,62.4,0.648744811,0.661531861,0.586360941
163,631,1,cyclic,2dpos,5FTE,XG,24,5000,9,0.030650618,350,0.081004254,0.046355526,0.838358571,0.638833762,0.00822387,0.646807669,0.001181053,0.619490018,0.009136645,33.54,65.8,0.648744811,0.66211589,0.586558608
164,632,1,cyclic,2dpos,5FTE,XG,24,10000,8,0.032092701,500,0.521758699,0.282258952,0.971860562,0.636592212,0.012468907,0.64692627,0.001276449,0.606009093,0.006271701,29.82,64.4,0.648349476,0.662421884,0.586202807
165,633,1,cyclic,2dpos,WTE,XG,8,2500,9,0.05545275,350,1.843598726,0.02512119,0.716072847,0.637983791,0.011348965,0.647282072,0.000747486,0.609013639,0.012300734,15.8,31,0.648547144,0.658461288,0.586519075
166,634,1,cyclic,2dpos,WTE,XG,8,5000,9,0.064349317,350,0.858235451,0.086990842,0.67640902,0.637098241,0.009218888,0.645186796,0.001562699,0.614508796,0.005221192,14.14,28.6,0.647954141,0.656974826,0.585886539
167,635,1,cyclic,2dpos,WTE,XG,8,10000,7,0.074941103,450,0.042030799,0.128896423,0.827636761,0.635556434,0.012316139,0.645582131,0.001288635,0.605139356,0.014310501,8.94,16.8,0.647163471,0.659228565,0.586163273
168,636,1,cyclic,2dpos,WTE,XG,16,2500,5,0.095867388,500,0.04075315,0.202005048,0.979084728,0.635406207,0.011700797,0.647914608,0.001943786,0.607985768,0.006171217,13.12,34.2,0.651314489,0.656827595,0.588970152
169,637,1,cyclic,2dpos,WTE,XG,16,5000,7,0.054799223,500,0.489679143,0.022022489,0.786968143,0.638023325,0.012101818,0.648112275,0.001058952,0.607867167,0.010188414,19.44,40.8,0.649930816,0.656925932,0.588970152
170,638,1,cyclic,2dpos,WTE,XG,16,10000,8,0.05602556,300,0.00111883,0.234472276,0.669953803,0.637667523,0.010008523,0.645858865,0.000496142,0.611543783,0.00481433,20.32,43.6,0.646570468,0.655507904,0.586005139
171,639,1,cyclic,2dpos,WTE,XG,24,2500,7,0.057435336,450,0.000376469,0.064675591,0.841454224,0.638687488,0.011321211,0.648191342,0.001565197,0.61071358,0.012128477,29.18,59.4,0.650919154,0.661193835,0.586400474
172,640,1,cyclic,2dpos,WTE,XG,24,5000,7,0.073175076,500,0.00091081,0.025719933,0.959354829,0.637892864,0.012944335,0.647242538,0.000433068,0.603399881,0.012857205,22.7,47.6,0.647954141,0.659575727,0.586321407
173,641,1,cyclic,2dpos,WTE,XG,24,10000,10,0.034162173,500,0.077017511,0.019867139,0.907704297,0.636453845,0.008849489,0.644870528,0.000385325,0.616445938,0.002772987,35.62,85.2,0.645384463,0.662796602,0.585767938
174,642,1,cyclic,2dpos,onehot,XG,8,2500,8,0.060888113,300,0.010114805,0.066942091,0.689411641,0.634058114,0.015238712,0.645661198,0.001509279,0.594386242,0.009829861,10.74,24.6,0.647756474,0.660014536,0.586321407
175,643,1,cyclic,2dpos,onehot,XG,8,5000,7,0.082421897,500,0.457178779,0.010850175,0.876176216,0.636833366,0.00990037,0.645226329,0.001121665,0.613401858,0.00994191,8.3,18.6,0.647163471,0.660016416,0.58837715
176,644,1,cyclic,2dpos,onehot,XG,8,10000,8,0.079027915,400,0.002704375,0.016635358,0.797851572,0.636983594,0.010646688,0.646412334,0.001441754,0.610594979,0.005424164,12.86,28.2,0.648547144,0.655133438,0.585767938
177,645,1,cyclic,2dpos,onehot,XG,16,2500,7,0.062561567,350,0.001834486,0.020990118,0.993979595,0.638098438,0.008883602,0.647558806,0.001064472,0.616999407,0.008103886,15.28,25.8,0.649140146,0.654823193,0.588416683
178,646,1,cyclic,2dpos,onehot,XG,16,5000,8,0.060524479,450,0.00079936,0.028968667,0.647986688,0.638750741,0.013225025,0.649021546,0.001585042,0.605495157,0.013434413,20.38,45,0.650919154,0.656577581,0.58770508
179,647,1,cyclic,2dpos,onehot,XG,16,10000,8,0.054106862,400,0.000217379,0.021819109,0.76826704,0.636659419,0.012380905,0.645819332,0.000731637,0.604071951,0.01108261,22.2,48,0.646965804,0.656003559,0.585372603
180,648,1,cyclic,2dpos,onehot,XG,24,2500,9,0.020912817,450,0.000335351,0.016577207,0.899942646,0.638529354,0.009987187,0.647361139,0.001036577,0.612492587,0.007483485,41.94,89.6,0.649140146,0.662886125,0.586163273
181,649,1,cyclic,2dpos,onehot,XG,24,5000,9,0.038768581,350,0.92870613,0.729312129,0.936892783,0.637797984,0.008505555,0.646412334,0.001461938,0.619450484,0.010827057,29.08,67.4,0.648744811,0.663135136,0.586519075
182,650,1,cyclic,2dpos,onehot,XG,24,10000,9,0.024850757,500,0.003120965,0.458691081,0.914634443,0.637157541,0.009919205,0.646451868,0.001231264,0.613362325,0.009358467,35.88,84,0.648547144,0.662312746,0.586558608
183,651,1,cyclic,elliptic,5FTE,XG,,,10,0.028492099,450,0.000137073,0.09498861,0.80098427,0.637426369,0.010089133,0.646372801,0.00108267,0.612611188,0.012266859,7.48,13.8,0.647163471,0.658014015,0.586084206
184,652,1,cyclic,elliptic,WTE,XG,,,7,0.050978823,500,0.022799864,0.133548903,0.725911824,0.638387033,0.01072636,0.64771694,0.000931348,0.612334453,0.014365548,5.62,11.4,0.649140146,0.65708568,0.586400474
185,653,1,cyclic,elliptic,onehot,XG,,,8,0.028797239,500,0.007137221,0.037081562,0.72029348,0.637050801,0.011333088,0.646451868,0.001408858,0.608222969,0.01279277,6.96,16.6,0.648744811,0.658571625,0.586321407
186,654,1,cyclic,polar,5FTE,XG,,,6,0.087267956,450,0.026901116,0.055369214,0.975577972,0.632662582,0.012304332,0.642498517,0.001123406,0.602174343,0.013897728,4.84,10.6,0.644396126,0.655230802,0.581537853
187,655,1,cyclic,polar,WTE,XG,,,8,0.072002561,350,0.013305543,0.012866429,0.809865008,0.633785333,0.010617528,0.64309152,0.001023299,0.608222969,0.015648228,5.28,11,0.644396126,0.655750748,0.58161692
188,656,1,cyclic,polar,onehot,XG,,,8,0.074448371,400,0.888390772,0.018352258,0.711915912,0.631887725,0.012983872,0.643803123,0.001418531,0.600513936,0.012127994,4.14,7.6,0.645582131,0.654817763,0.581656454
189,657,1,cyclic,raw,5FTE,XG,,,7,0.086500035,350,1.996039849,0.077709386,0.600337482,0.629847796,0.013739046,0.641786914,0.0009208,0.595216446,0.015262314,2.82,7.2,0.642814786,0.658185502,0.583198261
190,658,1,cyclic,raw,WTE,XG,,,8,0.068752251,200,0.009607368,0.030965409,0.664355399,0.627266258,0.013896337,0.638505634,0.002103093,0.592567701,0.008318962,3.46,7.6,0.64162878,0.653126815,0.581656454
191,659,1,cyclic,raw,onehot,XG,,,9,0.072866887,450,0.480895985,0.013273445,0.600393003,0.629061079,0.014266538,0.640759043,0.000943849,0.5922119,0.010844726,3.42,6.8,0.64241945,0.655832618,0.58240759
192,660,1,cyclic,zone,5FTE,XG,,,9,0.097854426,350,0.107307981,0.048987808,0.682126125,0.633018383,0.009738719,0.642775252,0.001058952,0.609646175,0.007356844,5.94,11.6,0.643803123,0.654114972,0.579640245
193,661,1,cyclic,zone,WTE,XG,,,10,0.044760895,300,0.094933466,0.020069915,0.639307658,0.635145286,0.009632337,0.644277525,0.000901503,0.612492587,0.007260885,5.46,10.4,0.645582131,0.656254018,0.582684325
194,662,1,cyclic,zone,onehot,XG,,,9,0.051636161,400,0.052169937,0.014692171,0.752687101,0.63308559,0.011088403,0.642775252,0.000992283,0.606009093,0.014812804,6.08,11,0.644396126,0.652796472,0.581182052
195,663,1,raw,2dpos,5FTE,XG,8,2500,8,0.064508235,250,0.042678152,0.036482878,0.621607868,0.636584305,0.010501447,0.646530935,0.000583035,0.612492587,0.014211181,8.2,25.8,0.647361139,0.659706823,0.588100415
196,664,1,raw,2dpos,5FTE,XG,8,5000,8,0.075580133,400,0.001538995,0.020033525,0.811304434,0.639525598,0.008278159,0.646965804,0.000838632,0.619252817,0.011304612,10.2,20,0.648151809,0.662941115,0.589207353
197,665,1,raw,2dpos,5FTE,XG,8,10000,10,0.035137574,350,0.051818251,0.027801626,0.754783193,0.63701522,0.011055153,0.645305396,0.00083396,0.609725242,0.010570685,16.76,30.4,0.646768136,0.659034325,0.586835343
198,666,1,raw,2dpos,5FTE,XG,16,2500,8,0.036820912,400,0.000717449,0.019922331,0.619376226,0.638169599,0.010612631,0.648151809,0.001186005,0.612848389,0.008721596,19.3,36.6,0.649140146,0.656111725,0.588021348
199,667,1,raw,2dpos,5FTE,XG,16,5000,9,0.044044975,250,0.00081834,0.097126167,0.600481996,0.63917375,0.009140034,0.64850761,0.000972396,0.618066812,0.008195935,21.9,45.6,0.649733149,0.657341485,0.587507413
200,668,1,raw,2dpos,5FTE,XG,16,10000,9,0.027625322,500,0.000196598,0.048162395,0.653496439,0.640134414,0.007885106,0.647203005,0.000615632,0.621466693,0.009246108,26.4,51.8,0.648151809,0.656898728,0.58703301
201,669,1,raw,2dpos,5FTE,XG,24,2500,8,0.04601593,450,0.912118664,0.339385625,0.670729756,0.639379324,0.009987222,0.649258747,0.001401907,0.614350662,0.008836645,24.38,65.2,0.650919154,0.663514785,0.589998023
202,670,1,raw,2dpos,5FTE,XG,24,5000,8,0.077157425,350,0.022383388,0.113421322,0.669212177,0.638964222,0.008003454,0.6462542,0.001023299,0.62008302,0.009353246,28.54,66.4,0.647558806,0.663184047,0.587151611
203,671,1,raw,2dpos,5FTE,XG,24,10000,7,0.041225496,350,0.123243339,0.015415294,0.676596377,0.638153785,0.00950308,0.647321605,0.0009208,0.613994861,0.008178038,22.66,45.4,0.648349476,0.663886281,0.587981815
204,672,1,raw,2dpos,WTE,XG,8,2500,7,0.059124594,300,1.148165167,0.123810774,0.668406839,0.635572247,0.015108727,0.648033208,0.001522168,0.597865191,0.016305234,6.7,20,0.649535481,0.660995245,0.588891085
205,673,1,raw,2dpos,WTE,XG,8,5000,7,0.086527219,200,0.002256447,0.113698043,0.735585275,0.63700336,0.011724133,0.645977466,0.000958229,0.606918363,0.013813835,9.78,20.6,0.647361139,0.660793595,0.587349279
206,674,1,raw,2dpos,WTE,XG,8,10000,6,0.07554593,400,0.00092733,0.551824323,0.892852114,0.633903934,0.012245352,0.643961257,0.000428533,0.602609211,0.0118226,8.74,22.4,0.644593793,0.65926172,0.586953943
207,675,1,raw,2dpos,WTE,XG,16,2500,6,0.083123634,350,0.000104525,0.206680488,0.748081457,0.636489425,0.01301742,0.646768136,0.001562699,0.602213876,0.009871113,11.12,25.8,0.649535481,0.654539971,0.588653884
208,676,1,raw,2dpos,WTE,XG,16,5000,8,0.080489622,150,0.156392679,0.115848537,0.828530546,0.63543388,0.01063285,0.645305396,0.002203793,0.609092706,0.002256356,11.66,27.8,0.649140146,0.657294484,0.588021348
209,677,1,raw,2dpos,WTE,XG,16,10000,8,0.050501793,350,0.141481261,0.0145192,0.723997573,0.638082625,0.009452965,0.646530935,0.000530398,0.615932002,0.011705022,19.86,44.6,0.647163471,0.656006072,0.586716742
210,678,1,raw,2dpos,WTE,XG,24,2500,9,0.070949569,200,1.312219379,0.025534859,0.601190541,0.639510914,0.009385565,0.648151809,0.001202365,0.615220399,0.006872465,22.87755102,43.2,0.649535481,0.662087279,0.586993477
211,679,1,raw,2dpos,WTE,XG,24,5000,8,0.035906459,500,0.116831101,0.58887458,0.884865583,0.637801937,0.00848226,0.646847203,0.001814885,0.618778415,0.008685683,31.72,59,0.649140146,0.665590027,0.587744614
212,680,1,raw,2dpos,WTE,XG,24,10000,9,0.029469874,400,0.010547154,0.197694966,0.702841164,0.638304013,0.008931377,0.645937932,0.001268773,0.616485471,0.009147757,29.22,63.6,0.647756474,0.664168246,0.587230678
213,681,1,raw,2dpos,onehot,XG,8,2500,7,0.073942847,250,0.000103604,0.084420194,0.721808423,0.63690848,0.011008389,0.645858865,0.000455065,0.608420636,0.00975705,9.94,23.8,0.646372801,0.661633718,0.588416683
214,682,1,raw,2dpos,onehot,XG,8,5000,6,0.085976975,300,0.001679976,0.010846591,0.688309234,0.63841866,0.008962737,0.646965804,0.001126878,0.616445938,0.009572702,9.34,26.6,0.648547144,0.661264879,0.588930619
215,683,1,raw,2dpos,onehot,XG,8,10000,6,0.085364135,500,0.504945395,0.028664223,0.697354495,0.638098438,0.012107908,0.648705278,0.000704429,0.609290374,0.012238318,9.74,19.4,0.649733149,0.659847271,0.589325954
216,684,1,raw,2dpos,onehot,XG,16,2500,9,0.061163437,350,0.00010194,0.038248243,0.720265611,0.637493576,0.011854055,0.64759834,0.001164394,0.608618304,0.0077103,22.1,39.6,0.649140146,0.655139074,0.587151611
217,685,1,raw,2dpos,onehot,XG,16,5000,9,0.038021205,400,0.208809453,0.039118437,0.708685668,0.638972129,0.009615282,0.647163471,0.000968369,0.615734335,0.004461772,25.26,44.2,0.648349476,0.655570919,0.587902748
218,686,1,raw,2dpos,onehot,XG,16,10000,9,0.022469707,450,0.002876879,0.468842125,0.616698846,0.636279897,0.009513841,0.645740265,0.000599555,0.615141332,0.006777143,24.3,50.6,0.646570468,0.657451114,0.586005139
219,687,1,raw,2dpos,onehot,XG,24,2500,8,0.055183061,350,0.000263681,0.026496756,0.754717678,0.637034987,0.009187673,0.64467286,0.000720877,0.613520459,0.003664587,24.52,49.2,0.645779798,0.664071766,0.586637675
220,688,1,raw,2dpos,onehot,XG,24,5000,8,0.077479919,150,0.026865117,0.032321387,0.738251989,0.637588456,0.01065978,0.647084404,0.001088069,0.610081044,0.005799445,22.1,45.6,0.648744811,0.66296901,0.586835343
221,689,1,raw,2dpos,onehot,XG,24,10000,9,0.028712052,500,0.015258025,1.396423354,0.689806313,0.638576794,0.009124935,0.646768136,0.001226495,0.617118008,0.006363851,33.2,64.8,0.648942479,0.664461857,0.587981815
222,690,1,raw,elliptic,5FTE,XG,,,9,0.050721105,300,1.909316182,0.18232907,0.928870373,0.636042696,0.010972632,0.645147262,0.000583035,0.607076497,0.009014376,4.4,11,0.645977466,0.65930152,0.586637675
223,691,1,raw,elliptic,WTE,XG,,,6,0.075778056,500,0.000237214,0.020908047,0.728351702,0.638402846,0.013835945,0.650642419,0.001883555,0.60450682,0.016196921,3.86,7.6,0.653488832,0.661389086,0.590472425
224,692,1,raw,elliptic,onehot,XG,,,8,0.046230473,450,0.184844913,0.010393406,0.775541026,0.638209132,0.011326183,0.647123938,0.00104034,0.608776438,0.010990919,7.34,16.6,0.648744811,0.656459825,0.585847005
225,693,1,raw,polar,5FTE,XG,,,7,0.05878075,500,0.086216137,0.014253254,0.696572058,0.635093892,0.012652449,0.647242538,0.000912274,0.607471832,0.009495656,3.98,8.4,0.648547144,0.658843504,0.587546946
226,694,1,raw,polar,WTE,XG,,,9,0.07622187,400,0.000103332,0.177387203,0.65388467,0.634706464,0.011364715,0.645028662,0.000615632,0.6077881,0.004073582,5.06,9.6,0.645977466,0.656969911,0.585056335
227,695,1,raw,polar,onehot,XG,,,7,0.095621491,450,0.10875628,0.030013816,0.660848294,0.638248666,0.010016749,0.647954141,0.001186005,0.614825064,0.010428344,4.84,10.2,0.649140146,0.661212505,0.586953943
228,696,1,raw,raw,5FTE,XG,,,7,0.043938766,450,0.006148893,0.023320469,0.721863469,0.630962641,0.016624324,0.643289188,0.001123406,0.588179482,0.007814245,3.6,7.6,0.644593793,0.655849834,0.585412137
229,697,1,raw,raw,WTE,XG,,,8,0.057583557,500,1.574548932,0.096354113,0.96421374,0.628622257,0.019795252,0.642458984,0.000530398,0.57766357,0.006438016,3.88,7.8,0.643407788,0.653794497,0.584344732
230,698,1,raw,raw,onehot,XG,,,6,0.069753726,450,0.021598174,0.106479237,0.974693781,0.631334256,0.012622821,0.642893853,0.001883555,0.600988338,0.009300462,3.46,7.4,0.646175133,0.654761584,0.585016802
231,699,1,raw,zone,5FTE,XG,,,10,0.050987932,250,0.000333381,0.011773487,0.639848254,0.632524214,0.00944081,0.642775252,0.001514448,0.611978652,0.010004203,7.54,14.8,0.644593793,0.651794903,0.580786717
232,700,1,raw,zone,WTE,XG,,,8,0.061069897,250,0.2521483,0.062039141,0.67516188,0.638102392,0.010050692,0.647796007,0.000257727,0.614904131,0.009397423,3.64,7,0.648151809,0.657527801,0.586874876
233,701,1,raw,zone,onehot,XG,,,7,0.088119981,450,0.011677802,0.010451613,0.631645475,0.633927654,0.013686185,0.646491401,0.001132067,0.602767345,0.006969848,4.74,9.6,0.647361139,0.653825661,0.586677209
